id,firstName,fromYear,fullName,headshotURL,info,info_birthDate,info_birthPlace,info_collegeName,info_draftPickNum,info_draftRoundNum,info_draftTeamId,info_draftTeamName,info_draftYear,info_heightFeet,info_heightInches,info_highSchoolName,info_id,info_nbaDebut,info_positions,info_shootingHand,info_weightPounds,lastName,lebron,lebron_id,lebron_offensiveType,lebron_position,lebron_singleYearLEBRON,lebron_tier,teamId,toYear,_source_team_ids
1630228,Jonathan,2021,Jonathan Kuminga,https://cdn.nba.com/headshots/nba/latest/260x190/1630228.png,cac24db0-1913-41a8-a64d-58a4d109a137,,,,,,,,,,,,,,,,,Kuminga,851da45b-6a0d-400f-8dc8-a25474fd9796,,,,,,1,2026,1
1630552,Jalen,2021,Jalen Johnson,https://cdn.nba.com/headshots/nba/latest/260x190/1630552.png,1f777bb2-8ab6-4e07-b08f-bd047380a420,,,,,,,,,,,,,,,,,Johnson,d53e3b00-8326-4e7c-9378-2c503c90783a,,,,,,1,,1
1630700,Dyson,2022,Dyson Daniels,https://cdn.nba.com/headshots/nba/latest/260x190/1630700.png,26b38800-8a9e-4ef3-a658-ff9d99ce906a,,,,,,,,,,,,,,,,,Daniels,fe4a156c-f292-4dc9-862f-1d1dbfb892dd,,,,,,1,,1
1629216,Gabe,2019,Gabe Vincent,https://cdn.nba.com/headshots/nba/latest/260x190/1629216.png,,,,,,,,,,,,,,,,,,Vincent,,,,,,,,2026,1
203468,CJ,2013,CJ McCollum,https://cdn.nba.com/headshots/nba/latest/260x190/203468.png,60dc612e-0bb5-4b68-b28e-eaeac0b5ebb8,,,,,,,,,,,,,,,,,McCollum,2e8bff66-58a7-44ec-aff0-87fe1178871c,,,,,,1,,1
1630168,Onyeka,2020,Onyeka Okongwu,https://cdn.nba.com/headshots/nba/latest/260x190/1630168.png,8666de9b-fb04-450d-94d3-b41939d5003d,,,,,,,,,,,,,,,,,Okongwu,89f2529c-bcfa-4d74-9734-ba78655e61d8,,,,,,1,,1
1629638,Nickeil,2019,Nickeil Alexander-Walker,https://cdn.nba.com/headshots/nba/latest/260x190/1629638.png,39825547-0be8-45e5-ae39-9b37d7970d44,,,,,,,,,,,,,,,,,Alexander-Walker,7734cf7c-f8e9-4473-bf71-de8561e35791,,,,,,1,,1
1629111,Jock,2021,Jock Landale,https://cdn.nba.com/headshots/nba/latest/260x190/1629111.png,015040a6-c221-463e-ac37-b41518c7f14a,,,,,,,,,,,,,,,,,Landale,74db8509-6519-49ee-9494-4dbdefc67dd5,,,,,,1,,1
1630557,Corey,2021,Corey Kispert,https://cdn.nba.com/headshots/nba/latest/260x190/1630557.png,6ce605f3-7883-41ba-a704-a859a3f1c3ff,,,,,,,,,,,,,,,,,Kispert,3887dba0-c114-4eff-9b8a-870f84c51a54,,,,,,1,,1
1642258,Zaccharie,2024,Zaccharie Risacher,https://cdn.nba.com/headshots/nba/latest/260x190/1642258.png,25582618-0b10-4b31-bcab-04590ff88624,,,,,,,,,,,,,,,,,Risacher,bf9a7fda-8e3e-459a-a3cc-9056c46083f1,,,,,,1,,1
1627741,Buddy,2016,Buddy Hield,https://cdn.nba.com/headshots/nba/latest/260x190/1627741.png,e521ead5-a6f8-4935-b09b-4236cd822453,,,,,,,,,,,,,,,,,Hield,851e2af6-7e0f-4d9c-999f-f19a361cb81c,,,,,,1,,1
1630598,Aaron,2021,Aaron Wiggins,https://cdn.nba.com/headshots/nba/latest/260x190/1630598.png,ecb70f31-89ab-4cd5-8207-d7290ea1476c,,,,,,,,,,,,,,,,,Wiggins,c148f5fa-c73f-4f34-afd4-11215f063c66,,,,,,21,,1
1643412,Kingston,2026,Kingston Flemings,,499ae655-d863-4f3e-8cb4-c474e393ea36,,,,,,,,,,,,,,,,,Flemings,,,,,,,,,1
1642269,Devin,2024,Devin Carter,https://cdn.nba.com/headshots/nba/latest/260x190/1642269.png,104a3ef6-0023-466a-aa67-a6a2b06e9051,,,,,,,,,,,,,,,,,Carter,841b6870-7dbf-4af6-b7ba-3f59a478d5d0,,,,,,26,,1
1643544,Zuby,2026,Zuby Ejiofor,,e1f31c8f-7423-4724-a1f7-fa910aa684b6,,,,,,,,,,,,,,,,,Ejiofor,,,,,,,,,1
1642854,Asa,2025,Asa Newell,https://cdn.nba.com/headshots/nba/latest/260x190/1642854.png,35c103c8-4d0a-4f4f-a356-c6adb8a1c059,,,,,,,,,,,,,,,,,Newell,0a22c762-a3e8-4466-9fcc-88771810a11a,,,,,,1,,1
1628396,Tony,2017,Tony Bradley,https://cdn.nba.com/headshots/nba/latest/260x190/1628396.png,,,,,,,,,,,,,,,,,,Bradley,,,,,,,,2026,1
1630235,Trent,2020,Trent Forrest,https://cdn.nba.com/headshots/nba/latest/260x190/1630235.png,,,,,,,,,,,,,,,,,,Forrest,,,,,,,,2023,1
202083,Wesley,2009,Wesley Matthews,https://cdn.nba.com/headshots/nba/latest/260x190/202083.png,,,,,,,,,,,,,,,,,,Matthews,,,,,,,,2023,1
1631132,Christian,2022,Christian Koloko,https://cdn.nba.com/headshots/nba/latest/260x190/1631132.png,,,,,,,,,,,,,,,,,,Koloko,,,,,,,,2026,1
1630811,Keaton,2024,Keaton Wallace,https://cdn.nba.com/headshots/nba/latest/260x190/1630811.png,,,,,,,,,,,,,,,,,,Wallace,,,,,,,,2026,1
1631243,Mouhamed,2023,Mouhamed Gueye,https://cdn.nba.com/headshots/nba/latest/260x190/1631243.png,c35faaa5-e411-4bee-a10b-6575ee84941a,,,,,,,,,,,,,,,,,Gueye,335d1348-5913-4865-9466-96ae4428d731,,,,,,1,,1
1629685,Dylan,2019,Dylan Windler,https://cdn.nba.com/headshots/nba/latest/260x190/1629685.png,,,,,,,,,,,,,,,,,,Windler,,,,,,,,2023,1
1642933,Keshon,2025,Keshon Gilbert,,c365e05f-2c43-45f4-982f-7fc8bf703969,,,,,,,,,,,,,,,,,Gilbert,4fdaafc2-3435-4865-9f19-07c5a982f6a8,,,,,,1,,1
1642484,RayJ,2024,RayJ Dennis,https://cdn.nba.com/headshots/nba/latest/260x190/1642484.png,b1429258-7e91-4516-91ba-d1bf9828d7f3,,,,,,,,,,,,,,,,,Dennis,b6c51a5a-e652-4a54-9966-124510eb9309,,,,,,1,,1
1628369,Jayson,2017,Jayson Tatum,https://cdn.nba.com/headshots/nba/latest/260x190/1628369.png,8394dc38-59c5-4dc4-9cf4-837a949d9a50,,,,,,,,,,,,,,,,,Tatum,27b9fedb-9024-4881-a3c8-fac4bf707612,,,,,,2,,2
202331,Paul,2010,Paul George,https://cdn.nba.com/headshots/nba/latest/260x190/202331.png,b4c5399d-e8cb-4c20-8585-0f92bbe4bc7f,,,,,,,,,,,,,,,,,George,27356880-f5e3-4377-9ea0-f4cb13c4fe59,,,,,,23,,2
1628401,Derrick,2017,Derrick White,https://cdn.nba.com/headshots/nba/latest/260x190/1628401.png,1f83c74a-b10a-4fa1-889b-ee34b342aad5,,,,,,,,,,,,,,,,,White,e1c8aa25-6c13-4200-86f6-942652b6f8f2,,,,,,2,,2
1629011,Mitchell,2018,Mitchell Robinson,https://cdn.nba.com/headshots/nba/latest/260x190/1629011.png,49aa37ce-e77d-41da-8a48-0efe0578ee8d,,,,,,,,,,,,,,,,,Robinson,5a2f6b49-1780-4e63-b476-e96bfa7f0f37,,,,,,20,,2
1630573,Sam,2021,Sam Hauser,https://cdn.nba.com/headshots/nba/latest/260x190/1630573.png,170c3147-6446-4c44-8895-aac6d927a2e1,,,,,,,,,,,,,,,,,Hauser,f4939b43-6497-4a00-8010-cf56835519a0,,,,,,2,,2
1630202,Payton,2020,Payton Pritchard,https://cdn.nba.com/headshots/nba/latest/260x190/1630202.png,6a2523c3-8437-4860-9d20-85aeda10df8d,,,,,,,,,,,,,,,,,Pritchard,2da11b8f-a2c5-4bfd-9e91-3c41706f1c77,,,,,,2,,2
1631199,Ron,2022,Ron Harper Jr.,https://cdn.nba.com/headshots/nba/latest/260x190/1631199.png,45e8e99c-2c91-4081-b3c8-4a5e91656c24,,,,,,,,,,,,,,,,,Harper Jr.,79f49889-d775-4c88-aa87-e18e3bb78a19,,,,,,,,2
1643416,Chris,2026,Chris Cenac Jr.,,64c32759-64d1-4cb1-a8b0-743e9ec862d7,,,,,,,,,,,,,,,,,Cenac Jr.,,,,,,,,,2
1642864,Hugo,2025,Hugo González,https://cdn.nba.com/headshots/nba/latest/260x190/1642864.png,2155bfc4-c28c-47e5-836d-57109c7ea399,,,,,,,,,,,,,,,,,González,e64003f4-028c-4937-9898-b5c92d0865e9,,,,,,2,,2
1630568,Luka,2021,Luka Garza,https://cdn.nba.com/headshots/nba/latest/260x190/1630568.png,cd9289ce-402d-4110-99d3-9d35b235aafa,,,,,,,,,,,,,,,,,Garza,dbf8ca6b-ba5f-4074-bf31-c8a43e85441d,,,,,,2,,2
1631248,Baylor,2024,Baylor Scheierman,https://cdn.nba.com/headshots/nba/latest/260x190/1631248.png,d9f240e2-59fe-4ff2-8ca0-a96458bd8c24,,,,,,,,,,,,,,,,,Scheierman,fa044d54-f2d4-482c-9e79-fde6fe691214,,,,,,2,,2
1629674,Neemias,2021,Neemias Queta,https://cdn.nba.com/headshots/nba/latest/260x190/1629674.png,6ab1d010-d2c0-4b83-b2d4-330c917cb7b6,,,,,,,,,,,,,,,,,Queta,c678552d-da6b-46c5-ae34-f5d332aa1a9d,,,,,,2,,2
1628470,Torrey,2017,Torrey Craig,https://cdn.nba.com/headshots/nba/latest/260x190/1628470.png,,,,,,,,,,,,,,,,,,Craig,,,,,,,,2024,2
201144,Mike,2007,Mike Conley,https://cdn.nba.com/headshots/nba/latest/260x190/201144.png,535b5233-e329-4af8-a132-2b24270bcdf7,,,,,,,,,,,,,,,,,Conley,5d20ce74-1cf6-4736-b4ac-2a2f8420c63d,,,,,,18,,2
201933,Blake,2009,Blake Griffin,https://cdn.nba.com/headshots/nba/latest/260x190/201933.png,,,,,,,,,,,,,,,,,,Griffin,,,,,,,,2022,2
1641775,Jordan,2023,Jordan Walsh,https://cdn.nba.com/headshots/nba/latest/260x190/1641775.png,dd68db6e-ab6a-4773-9473-a9d9a541a39b,,,,,,,,,,,,,,,,,Walsh,646e7d15-6953-437b-94ad-825a7e60ec8f,,,,,,2,,2
1629662,Mfiondu,2019,Mfiondu Kabengele,https://cdn.nba.com/headshots/nba/latest/260x190/1629662.png,,,,,,,,,,,,,,,,,,Kabengele,,,,,,,,2022,2
1642910,John,2025,John Tonje,https://cdn.nba.com/headshots/nba/latest/260x190/1642910.png,,,,,,,,,,,,,,,,,,Tonje,,,,,,,,2026,2
1642917,Max,2025,Max Shulga,https://cdn.nba.com/headshots/nba/latest/260x190/1642917.png,,,,,,,,,,,,,,,,,,Shulga,,,,,,,,2026,2
1642873,Amari,2025,Amari Williams,https://cdn.nba.com/headshots/nba/latest/260x190/1642873.png,2a25bf5e-efd8-4da4-a6ae-f7f4d445eefb,,,,,,,,,,,,,,,,,Williams,dd5d31d9-8fba-482f-a7a9-3327224d32f5,,,,,,2,,2
1629008,Michael,2018,Michael Porter Jr.,https://cdn.nba.com/headshots/nba/latest/260x190/1629008.png,7bb8b36b-d1f1-42d1-a0a2-4a09a9b4520f,,,,,,,,,,,,,,,,,Porter Jr.,7f522ce0-911a-448b-abf4-8bab9918b67d,,,,,,3,,3
203944,Julius,2014,Julius Randle,https://cdn.nba.com/headshots/nba/latest/260x190/203944.png,7e78803e-c1d7-4fa1-8a6b-438536a8370d,,,,,,,,,,,,,,,,,Randle,1c0a46ad-8db5-48ca-9ad5-c23f8f12c398,,,,,,18,,3
1629611,Terance,2019,Terance Mann,https://cdn.nba.com/headshots/nba/latest/260x190/1629611.png,12e91c27-93f7-4646-abe0-613e9aff4e19,,,,,,,,,,,,,,,,,Mann,ee947a8e-b8f8-4c9e-a6df-0393d6399eb7,,,,,,3,,3
1630549,Day'Ron,2021,Day'Ron Sharpe,https://cdn.nba.com/headshots/nba/latest/260x190/1630549.png,09d0f0fc-38d1-4f51-bf30-143231e056ca,,,,,,,,,,,,,,,,,Sharpe,b9bd79f4-5112-4478-aec5-b44f037ba1eb,,,,,,3,,3
1629021,,,,https://cdn.nba.com/headshots/nba/latest/260x190/1629021.png,,,,,,,,,,,,,,,,,,,,,,,,,,,3
1631165,Keon,2022,Keon Ellis,https://cdn.nba.com/headshots/nba/latest/260x190/1631165.png,f285dbf0-995e-4a5c-85cb-d1efe44b9a16,,,,,,,,,,,,,,,,,Ellis,edc02c71-f27d-4bd5-9f47-7585a2f0d655,,,,,,6,,3
1643414,Mikel,2026,Mikel Brown Jr.,,3b8a4f6c-2641-4dd0-9c55-b87af6c6c448,,,,,,,,,,,,,,,,,Brown Jr.,,,,,,,,,3
1642856,Egor,2025,Egor Dëmin,https://cdn.nba.com/headshots/nba/latest/260x190/1642856.png,408b7ca0-46b7-48c6-843a-2b96dcd5a1c7,,,,,,,,,,,,,,,,,Dëmin,f07c83b9-e2b1-4c78-a880-06a846abd217,,,,,,3,,3
1641730,Noah,2023,Noah Clowney,https://cdn.nba.com/headshots/nba/latest/260x190/1641730.png,f1a3ef9d-3ae0-4855-ad04-e6a16ec69faf,,,,,,,,,,,,,,,,,Clowney,d999aaf0-2e09-4a93-9986-e272fed18ed9,,,,,,3,,3
1630592,Jalen,2023,Jalen Wilson,https://cdn.nba.com/headshots/nba/latest/260x190/1630592.png,,,,,,,,,,,,,,,,,,Wilson,,,,,,,,2026,3
1631169,Josh,2022,Josh Minott,https://cdn.nba.com/headshots/nba/latest/260x190/1631169.png,7a03c527-6ae1-4516-87b2-98823ab1ca4e,,,,,,,,,,,,,,,,,Minott,256cff32-8353-4233-8134-f9d930b2f407,,,,,,3,,3
1642849,Nolan,2025,Nolan Traore,https://cdn.nba.com/headshots/nba/latest/260x190/1642849.png,3bc8fdbc-9d0f-4e08-bfea-5d51579fed21,,,,,,,,,,,,,,,,,Traore,250f45f0-bfb8-4360-87a3-7e933c445930,,,,,,3,,3
1642962,Drake,2025,Drake Powell,https://cdn.nba.com/headshots/nba/latest/260x190/1642962.png,7ab1459b-8391-4291-bde3-43e840caf99e,,,,,,,,,,,,,,,,,Powell,e4373e58-9dc9-4724-9a1b-5094b4ef04c5,,,,,,3,,3
1642879,Ben,2025,Ben Saraf,https://cdn.nba.com/headshots/nba/latest/260x190/1642879.png,09429f9d-dd89-4fb7-8305-7c8d7c2daa0f,,,,,,,,,,,,,,,,,Saraf,259de157-29a4-4a95-86c2-05df23a16284,,,,,,3,,3
1643538,Joshua,2026,Joshua Jefferson,,0710848d-0579-472c-a32f-95eb3f35b971,,,,,,,,,,,,,,,,,Jefferson,,,,,,,,,3
1642874,Danny,2025,Danny Wolf,https://cdn.nba.com/headshots/nba/latest/260x190/1642874.png,571f876f-6c4b-427b-b171-d8360c4ec59e,,,,,,,,,,,,,,,,,Wolf,201af997-f840-41e4-a8a4-5bcb11257e47,,,,,,3,,3
1630604,E.J.,2022,E.J. Liddell,https://cdn.nba.com/headshots/nba/latest/260x190/1630604.png,,,,,,,,,,,,,,,,,,Liddell,,,,,,,,2025,3|24
1630623,Tyson,2024,Tyson Etienne,https://cdn.nba.com/headshots/nba/latest/260x190/1630623.png,,,,,,,,,,,,,,,,,,Etienne,,,,,,,,2025,3
1643052,Chaney,2025,Chaney Johnson,,cb07f903-5ec2-49f5-bf71-7330aa748ce7,,,,,,,,,,,,,,,,,Johnson,44a1dedb-c92e-49b1-a75d-03e84f3f3560,,,,,,,,3
1629632,Coby,2019,Coby White,https://cdn.nba.com/headshots/nba/latest/260x190/1629632.png,e4f30726-76c8-4d3f-b2df-bc09fdb234d8,,,,,,,,,,,,,,,,,White,2a31dd8c-e027-458e-98fd-9fe75f7c32e4,,,,,,4,,4
1629675,Naz,2019,Naz Reid,https://cdn.nba.com/headshots/nba/latest/260x190/1629675.png,f56f1b7e-2837-4b29-9ba2-092d7cc1af7f,,,,,,,,,,,,,,,,,Reid,bd6b2d19-cce9-4368-8500-69280ed28335,,,,,,18,,4
1628960,Grayson,2018,Grayson Allen,https://cdn.nba.com/headshots/nba/latest/260x190/1628960.png,bdc135e0-e301-42f4-8643-bdc0b8a1987f,,,,,,,,,,,,,,,,,Allen,4c13fa82-ebc4-400c-96a5-b0e48fd96d6a,,,,,,24,,4
1641706,Brandon,2023,Brandon Miller,https://cdn.nba.com/headshots/nba/latest/260x190/1641706.png,67adfc14-2cc5-42ff-9819-9ee84445545e,,,,,,,,,,,,,,,,,Miller,8af4a0f1-822a-4afa-978c-f40c08b7fff1,,,,,,4,,4
1629684,Grant,2019,Grant Williams,https://cdn.nba.com/headshots/nba/latest/260x190/1629684.png,3725eb0c-6e8e-4044-b5f0-78edd9d72449,,,,,,,,,,,,,,,,,Williams,8176319b-f991-4f2f-8e75-86439c396219,,,,,,4,,4
1627827,Dorian,2016,Dorian Finney-Smith,https://cdn.nba.com/headshots/nba/latest/260x190/1627827.png,d5fcdf4a-c6ae-4c08-aa77-90f8be6f1509,,,,,,,,,,,,,,,,,Finney-Smith,5cfff337-4211-4660-8e2f-6ea9eb6bd88b,,,,,,11,,4
1626220,Royce,2017,Royce O'Neale,https://cdn.nba.com/headshots/nba/latest/260x190/1626220.png,31583484-5447-4b7e-a458-3745ac0934bc,,,,,,,,,,,,,,,,,O'Neale,70372ebc-08b4-4ef8-9fb2-2f68a101fb26,,,,,,24,,4
1642851,Kon,2025,Kon Knueppel,https://cdn.nba.com/headshots/nba/latest/260x190/1642851.png,ef069abd-cad3-4a43-8c1b-4f77436f3967,,,,,,,,,,,,,,,,,Knueppel,55f95730-3402-4001-a08c-be43867a8ea1,,,,,,4,,4
1642275,Tidjane,2024,Tidjane Salaun,https://cdn.nba.com/headshots/nba/latest/260x190/1642275.png,648206e0-444a-426c-b8e1-eb9359d6bccd,,,,,,,,,,,,,,,,,Salaun,d77c1426-af61-4b1f-a16c-12055f49f02b,,,,,,4,,4
1630544,Tre,2021,Tre Mann,https://cdn.nba.com/headshots/nba/latest/260x190/1630544.png,0f9648dd-1665-4409-a461-194caa0edbb8,,,,,,,,,,,,,,,,,Mann,715d8f69-7306-4793-b53a-b08669ca19c0,,,,,,4,,4
1643419,Hannes,2026,Hannes Steinbach,,03317a5f-ac35-4686-95e8-8ac1880f3ded,,,,,,,,,,,,,,,,,Steinbach,,,,,,,,,4
1643515,Christian,2026,Christian Anderson,,99d306c5-432c-4acb-992e-6507c9e372cf,,,,,,,,,,,,,,,,,Anderson,,,,,,,,,4
1626192,Pat,2015,Pat Connaughton,https://cdn.nba.com/headshots/nba/latest/260x190/1626192.png,84158ec2-ad9f-480a-bfbe-258dc68d86a9,,,,,,,,,,,,,,,,,Connaughton,05d20870-fb2e-47b1-a577-712e3dd342ab,,,,,,4,,4
1642862,Liam,2025,Liam McNeeley,https://cdn.nba.com/headshots/nba/latest/260x190/1642862.png,08a969d1-f9b5-45e3-b5b9-108bce92bc8c,,,,,,,,,,,,,,,,,McNeeley,1b361644-1767-499b-a639-953e24fc8e93,,,,,,4,,4
1631217,Moussa,2022,Moussa Diabate,https://cdn.nba.com/headshots/nba/latest/260x190/1631217.png,e318a723-572a-46fd-a427-98fc6c3951e7,,,,,,,,,,,,,,,,,Diabate,96eb8024-3f4c-45d6-942e-e405645db557,,,,,,4,,4
1630214,Xavier,2020,Xavier Tillman,https://cdn.nba.com/headshots/nba/latest/260x190/1630214.png,,,,,,,,,,,,,,,,,,Tillman,,,,,,,,2026,4
1641750,Ryan,2025,Ryan Kalkbrenner,https://cdn.nba.com/headshots/nba/latest/260x190/1641750.png,dbd7912d-1bc6-4748-8262-1d8e88fec523,,,,,,,,,,,,,,,,,Kalkbrenner,7b9dcbbf-b206-42a7-8dc6-f80d6dbdd7b8,,,,,,4,,4
1631338,Mouhamadou,2023,Mouhamadou Gueye,https://cdn.nba.com/headshots/nba/latest/260x190/1631338.png,a451597f-045c-4981-932b-426cafe6bfa0,,,,,,,,,,,,,,,,,Gueye,b3a6ac6c-503c-4cf9-99e5-75adcbddf6a8,,,,,,5,,4
1642883,Sion,2025,Sion James,https://cdn.nba.com/headshots/nba/latest/260x190/1642883.png,b3e83e8b-a64a-44a4-b51c-ea52aff62be9,,,,,,,,,,,,,,,,,James,2feaa084-5398-4b0a-899a-a4322ade1851,,,,,,4,,4
1641810,Antonio,2024,Antonio Reeves,https://cdn.nba.com/headshots/nba/latest/260x190/1641810.png,,,,,,,,,,,,,,,,,,Reeves,,,,,,,,2026,4
1641790,PJ,2024,PJ Hall,https://cdn.nba.com/headshots/nba/latest/260x190/1641790.png,785f6895-abf7-46b5-a4c3-fc0c730edd00,,,,,,,,,,,,,,,,,Hall,bbd772a3-8d32-4901-b013-d194dfe54a3d,,,,,,4,,4
1630581,Josh,2021,Josh Giddey,https://cdn.nba.com/headshots/nba/latest/260x190/1630581.png,d33b235e-6361-443e-aad8-48f3e1be1527,,,,,,,,,,,,,,,,,Giddey,42061ed1-adde-4549-aec0-2875cf798874,,,,,,5,,5
1629651,Nic,2019,Nic Claxton,https://cdn.nba.com/headshots/nba/latest/260x190/1629651.png,12abe689-4995-47b1-9709-b65aec72878a,,,,,,,,,,,,,,,,,Claxton,bacbd276-44c3-43dc-8e8d-c83c3e5e93f1,,,,,,3,,5
1626181,Norman,2015,Norman Powell,https://cdn.nba.com/headshots/nba/latest/260x190/1626181.png,c0a46687-71a4-4999-8315-dae4ef809906,,,,,,,,,,,,,,,,,Powell,24c14de0-aa0e-4a5a-b812-daf679dac105,,,,,,16,,5
1630172,Patrick,2020,Patrick Williams,https://cdn.nba.com/headshots/nba/latest/260x190/1630172.png,40a20228-bcd6-4714-b16d-0d4067f488db,,,,,,,,,,,,,,,,,Williams,d459f214-07ac-450a-9b0b-2c3dc3c88cb5,,,,,,5,,5
1630171,Isaac,2020,Isaac Okoro,https://cdn.nba.com/headshots/nba/latest/260x190/1630171.png,3d13e5f6-c28b-423f-ac96-45e440b19fd6,,,,,,,,,,,,,,,,,Okoro,d0155f2e-6ba4-4559-b5b9-09eeb1593442,,,,,,5,,5
1643410,Caleb,2026,Caleb Wilson,,ebd4f250-cad8-4472-b6a8-4af95af2359f,,,,,,,,,,,,,,,,,Wilson,,,,,,,,,5
1630188,Jalen,2020,Jalen Smith,https://cdn.nba.com/headshots/nba/latest/260x190/1630188.png,266bf211-4b37-4372-add2-97fcdba456c8,,,,,,,,,,,,,,,,,Smith,b4b46eaf-1282-4b82-9458-dbe3fd94741d,,,,,,5,,5
1628380,Zach,2017,Zach Collins,https://cdn.nba.com/headshots/nba/latest/260x190/1628380.png,1f7e07e6-f44f-45fc-a4d5-09e2849fcfa7,,,,,,,,,,,,,,,,,Collins,4b3f5837-1c49-4fc7-b30c-63506a8346b9,,,,,,5,,5
1630200,Tre,2020,Tre Jones,https://cdn.nba.com/headshots/nba/latest/260x190/1630200.png,b781ad4f-7edb-4624-9563-b5e58478f8da,,,,,,,,,,,,,,,,,Jones,f1d793b6-4fb3-4bb4-868b-c25bd1e5af1b,,,,,,5,,5
1642265,Rob,2024,Rob Dillingham,https://cdn.nba.com/headshots/nba/latest/260x190/1642265.png,0af642af-a9e5-4d5a-9db5-89ab42fb6c39,,,,,,,,,,,,,,,,,Dillingham,52cba2ea-7409-4825-bdd3-969a68437066,,,,,,5,,5
1641824,Matas,2024,Matas Buzelis,https://cdn.nba.com/headshots/nba/latest/260x190/1641824.png,09b3e2fa-3d37-4bef-9992-d3b13e18a3f8,,,,,,,,,,,,,,,,,Buzelis,159e4dee-0e6e-4c5c-8255-33d2d5fd4efa,,,,,,5,,5
1642855,Noa,2025,Noa Essengue,https://cdn.nba.com/headshots/nba/latest/260x190/1642855.png,c5c9acdf-bbdd-4aab-992e-b2e613c9724d,,,,,,,,,,,,,,,,,Essengue,4012678a-a523-4a30-a951-1e13b0269521,,,,,,5,,5
1643517,Dailyn,2026,Dailyn Swain,,85544fa1-d786-464c-99f6-49e35622c77f,,,,,,,,,,,,,,,,,Swain,,,,,,,,,5
1631159,Leonard,2023,Leonard Miller,https://cdn.nba.com/headshots/nba/latest/260x190/1631159.png,20919ded-2f8d-4578-b843-f2eb899baa4b,,,,,,,,,,,,,,,,,Miller,620a9742-05b1-4e22-9d02-dd07d5121c16,,,,,,5,,5
1642880,,,,https://cdn.nba.com/headshots/nba/latest/260x190/1642880.png,,,,,,,,,,,,,,,,,,,,,,,,,,,5|17
1628378,Donovan,2017,Donovan Mitchell,https://cdn.nba.com/headshots/nba/latest/260x190/1628378.png,cdb353ab-2077-4534-9533-87d6e86d2585,,,,,,,,,,,,,,,,,Mitchell,8fe61347-346a-44ab-a715-fac1fbf03951,,,,,,6,,6
1630596,Evan,2021,Evan Mobley,https://cdn.nba.com/headshots/nba/latest/260x190/1630596.png,9746a8c5-dde4-4a6e-b7ea-cd7c6285a16f,,,,,,,,,,,,,,,,,Mobley,fb18fc85-f026-4d47-86de-b67372b7a783,,,,,,6,,6
201935,James,2009,James Harden,https://cdn.nba.com/headshots/nba/latest/260x190/201935.png,fa05bf38-d959-4ae4-8359-062ee296bf31,,,,,,,,,,,,,,,,,Harden,f92c03ad-58fe-4cdb-b0c1-c304fbe4f64c,,,,,,6,2026,6
1628386,Jarrett,2017,Jarrett Allen,https://cdn.nba.com/headshots/nba/latest/260x190/1628386.png,2fe745c7-7cd7-4da2-86f1-e7517c5083ce,,,,,,,,,,,,,,,,,Allen,9989aa44-7964-43d9-9f0c-8ba01435b36a,,,,,,6,,6
1629622,Max,2019,Max Strus,https://cdn.nba.com/headshots/nba/latest/260x190/1629622.png,0f83557a-6ee4-4a05-8f5a-af8dacef99ad,,,,,,,,,,,,,,,,,Strus,4d4b648a-ff39-45be-a837-94e5ceaf6164,,,,,,6,,6
203471,Dennis,2013,Dennis Schröder,https://cdn.nba.com/headshots/nba/latest/260x190/203471.png,3665b977-cd01-4cf6-8974-7edfc370b2d3,,,,,,,,,,,,,,,,,Schröder,92662f8a-e66e-40be-a1cc-eff077c3aa30,,,,,,6,,6
1630241,Sam,2020,Sam Merrill,https://cdn.nba.com/headshots/nba/latest/260x190/1630241.png,9b4100d9-e486-4994-8f42-be67871d712d,,,,,,,,,,,,,,,,,Merrill,26c70ebe-f65d-40b4-8763-aa92cc73277e,,,,,,6,,6
1642281,Jaylon,2024,Jaylon Tyson,https://cdn.nba.com/headshots/nba/latest/260x190/1642281.png,432f9ad6-4bd3-4ced-817d-63536043a101,,,,,,,,,,,,,,,,,Tyson,b583b7b1-974d-406a-a5c2-9d38ee37ea3d,,,,,,6,,6
1630846,Olivier,2021,Olivier Sarr,https://cdn.nba.com/headshots/nba/latest/260x190/1630846.png,,,,,,,,,,,,,,,,,,Sarr,,,,,,,,2025,6
1627745,Damian,2016,Damian Jones,https://cdn.nba.com/headshots/nba/latest/260x190/1627745.png,,,,,,,,,,,,,,,,,,Jones,,,,,,,,2023,6
200765,Rajon,2006,Rajon Rondo,https://cdn.nba.com/headshots/nba/latest/260x190/200765.png,,,,,,,,,,,,,,,,,,Rondo,,,,,,,,2021,6
1628418,Thomas,2017,Thomas Bryant,https://cdn.nba.com/headshots/nba/latest/260x190/1628418.png,49563e59-ae9e-47aa-91fb-20bc236c5b0e,,,,,,,,,,,,,,,,,Bryant,1f20b370-a468-4de2-893a-c2a482a982f6,,,,,,6,,6
203526,Raul,2015,Raul Neto,https://cdn.nba.com/headshots/nba/latest/260x190/203526.png,,,,,,,,,,,,,,,,,,Neto,,,,,,,,2022,6
202334,Ed,2010,Ed Davis,https://cdn.nba.com/headshots/nba/latest/260x190/202334.png,,,,,,,,,,,,,,,,,,Davis,,,,,,,,2021,6
1629643,Chuma,2020,Chuma Okeke,https://cdn.nba.com/headshots/nba/latest/260x190/1629643.png,,,,,,,,,,,,,,,,,,Okeke,,,,,,,,2024,6
202684,Tristan,2011,Tristan Thompson,https://cdn.nba.com/headshots/nba/latest/260x190/202684.png,,,,,,,,,,,,,,,,,,Thompson,,,,,,,,2024,6
1641772,Nae'Qwan,2024,Nae'Qwan Tomlin,https://cdn.nba.com/headshots/nba/latest/260x190/1641772.png,296ddfd0-f9b9-46c4-8491-ff483ad94b21,,,,,,,,,,,,,,,,,Tomlin,d565f9dd-cebf-4d53-b568-589de2be207f,,,,,,6,,6
1641854,Craig,2023,Craig Porter Jr.,https://cdn.nba.com/headshots/nba/latest/260x190/1641854.png,2477127b-3b78-412f-a1c6-9b2f66d8c1e6,,,,,,,,,,,,,,,,,Porter Jr.,e163b9f7-f885-4a55-b47c-0b3085f68e4a,,,,,,6,,6
1642878,Tyrese,2025,Tyrese Proctor,https://cdn.nba.com/headshots/nba/latest/260x190/1642878.png,3c9e4d33-f5ee-4202-9d16-91151bfd86ff,,,,,,,,,,,,,,,,,Proctor,dcbe20d2-9909-4db1-a8a0-3a4bec7526b4,,,,,,6,,6
201937,,,,https://cdn.nba.com/headshots/nba/latest/260x190/201937.png,,,,,,,,,,,,,,,,,,,,,,,,,,,6
1642434,Riley,2024,Riley Minix,https://cdn.nba.com/headshots/nba/latest/260x190/1642434.png,ab318dd9-43e0-466d-aa75-585acf65a60a,,,,,,,,,,,,,,,,,Minix,a90387d0-9529-4358-9351-4d12f9f9f692,,,,,,6,,6
1642400,Tristan,2025,Tristan Enaruna,https://cdn.nba.com/headshots/nba/latest/260x190/1642400.png,ddf96a23-1611-43c7-b563-81157870ef19,,,,,,,,,,,,,,,,,Enaruna,94f7dced-0da1-48ae-a7ac-b4c5529828e6,,,,,,6,,6
202681,Kyrie,2011,Kyrie Irving,https://cdn.nba.com/headshots/nba/latest/260x190/202681.png,52a38a2b-11cd-485b-adcb-31a10babd45b,,,,,,,,,,,,,,,,,Irving,3308fe9e-71f7-4dac-ba57-b97e95b7baef,,,,,,7,,7
1629023,P.J.,2019,P.J. Washington,https://cdn.nba.com/headshots/nba/latest/260x190/1629023.png,979f7976-36d9-4d84-a634-67f0187f8b65,,,,,,,,,,,,,,,,,Washington,63d8b530-bf43-497f-ba34-ab8bb7c7a144,,,,,,7,,7
202691,Klay,2011,Klay Thompson,https://cdn.nba.com/headshots/nba/latest/260x190/202691.png,4c91fc0b-048d-464e-a3c3-c7f1dd6ca849,,,,,,,,,,,,,,,,,Thompson,5639ea3f-8131-4619-9eb7-18525e8db974,,,,,,7,,7
1629655,Daniel,2019,Daniel Gafford,https://cdn.nba.com/headshots/nba/latest/260x190/1629655.png,8019a748-d4ef-4820-9954-6e6878aea96c,,,,,,,,,,,,,,,,,Gafford,b19ee947-c7db-44c7-8db5-76bdbe610f89,,,,,,7,,7
1630583,Santi,2021,Santi Aldama,https://cdn.nba.com/headshots/nba/latest/260x190/1630583.png,651c95dc-08d4-404e-8398-5b8a88652b83,,,,,,,,,,,,,,,,,Aldama,ffe1dacd-58ce-4050-a9ad-2cc6c568b03a,,,,,,15,,7
1642843,Cooper,2025,Cooper Flagg,https://cdn.nba.com/headshots/nba/latest/260x190/1642843.png,e8823431-f558-48a4-ae16-c29b130cdd49,,,,,,,,,,,,,,,,,Flagg,34e9b16f-9e36-40b9-a420-4ff02d6bd2ae,,,,,,7,,7
1628997,Caleb,2019,Caleb Martin,https://cdn.nba.com/headshots/nba/latest/260x190/1628997.png,0d611de0-e3a2-4c47-9d67-7b5a24b0d08c,,,,,,,,,,,,,,,,,Martin,161e2b7a-182f-4514-a394-8973ebd64875,,,,,,7,,7
1630230,Naji,2020,Naji Marshall,https://cdn.nba.com/headshots/nba/latest/260x190/1630230.png,cdf3c19d-2465-4a46-8dbc-2d60dc2d0679,,,,,,,,,,,,,,,,,Marshall,bf9da89f-9b45-4a24-8c65-28bb0243e9b7,,,,,,7,,7
1631108,Max,2022,Max Christie,https://cdn.nba.com/headshots/nba/latest/260x190/1631108.png,a43ab2bd-1b44-48e5-8eaf-44fbf2e6785b,,,,,,,,,,,,,,,,,Christie,9789ab9b-0ca9-4468-bd72-91fa82986ec6,,,,,,7,,7
203939,Dwight,2014,Dwight Powell,https://cdn.nba.com/headshots/nba/latest/260x190/203939.png,,,,,,,,,,,,,,,,,,Powell,,,,,,,,2026,7
1641726,Dereck,2023,Dereck Lively II,https://cdn.nba.com/headshots/nba/latest/260x190/1641726.png,c1d5f393-9222-4c39-87a6-08601bb0569c,,,,,,,,,,,,,,,,,Lively II,211c5f55-bfb6-4935-95de-2aa74734fea5,,,,,,7,,7
1643516,Morez,2026,Morez Johnson,,4b4846b7-2ca8-4231-8ad6-9efe71b4981f,,,,,,,,,,,,,,,,,Johnson,,,,,,,,,7
1631204,Marcus,2023,Marcus Sasser,https://cdn.nba.com/headshots/nba/latest/260x190/1631204.png,bf0802d3-fc76-4b5e-acc7-f49a039866ff,,,,,,,,,,,,,,,,,Sasser,2156e7f9-ddf7-4c5e-a060-d02dac6d2c8e,,,,,,9,,7
1629740,Nicolo,2019,Nicolo Melli,https://cdn.nba.com/headshots/nba/latest/260x190/1629740.png,,,,,,,,,,,,,,,,,,Melli,,,,,,,,2020,7
1643547,Sergio,2026,Sergio De Larrea,,8c2ac6d0-a53d-4330-8da4-00aa2e81eda1,,,,,,,,,,,,,,,,,De Larrea,,,,,,,,,7
1641844,Tarik,2026,Tarik Biberovic,,bee797dc-7f0b-4278-a803-890bac5a743a,,,,,,,,,,,,,,,,,Biberovic,,,,,,,,,7
1630539,Kai,2021,Kai Jones,https://cdn.nba.com/headshots/nba/latest/260x190/1630539.png,,,,,,,,,,,,,,,,,,Jones,,,,,,,,2024,7
1629033,Theo,2018,Theo Pinson,https://cdn.nba.com/headshots/nba/latest/260x190/1629033.png,,,,,,,,,,,,,,,,,,Pinson,,,,,,,,2022,7
1630314,Brandon,2021,Brandon Williams,https://cdn.nba.com/headshots/nba/latest/260x190/1630314.png,,,,,,,,,,,,,,,,,,Williams,,,,,,,,2026,7
201580,,,,https://cdn.nba.com/headshots/nba/latest/260x190/201580.png,,,,,,,,,,,,,,,,,,,,,,,,,,,7|26
1630619,Moussa,2025,Moussa Cisse,https://cdn.nba.com/headshots/nba/latest/260x190/1630619.png,,,,,,,,,,,,,,,,,,Cisse,,,,,,,,2026,7
1642948,Ryan,2025,Ryan Nembhard,https://cdn.nba.com/headshots/nba/latest/260x190/1642948.png,c3f07142-952c-436b-b2ea-3c6dcccf35cf,,,,,,,,,,,,,,,,,Nembhard,3a34a2fc-5bfd-4f44-8308-d642b5ad83b5,,,,,,7,2026,7
1630593,McKinley,2021,McKinley Wright IV,https://cdn.nba.com/headshots/nba/latest/260x190/1630593.png,,,,,,,,,,,,,,,,,,Wright IV,,,,,,,,2022,7
1630589,Moses,2021,Moses Wright,https://cdn.nba.com/headshots/nba/latest/260x190/1630589.png,,,,,,,,,,,,,,,,,,Wright,,,,,,,,2021,7
1630535,Greg,2021,Greg Brown III,https://cdn.nba.com/headshots/nba/latest/260x190/1630535.png,,,,,,,,,,,,,,,,,,Brown III,,,,,,,,2023,7
1641765,,,,https://cdn.nba.com/headshots/nba/latest/260x190/1641765.png,,,,,,,,,,,,,,,,,,,,,,,,,,,7|15
1641890,Tyler,2024,Tyler Smith,https://cdn.nba.com/headshots/nba/latest/260x190/1641890.png,e165920a-2500-4708-9a67-e1327dc18f1b,,,,,,,,,,,,,,,,,Smith,fd3394d7-c2ee-4b10-8677-024b96f2d601,,,,,,7,,7
203999,Nikola,2015,Nikola Jokić,https://cdn.nba.com/headshots/nba/latest/260x190/203999.png,90488a51-4c0a-4406-be1d-5a42d431423c,,,,,,,,,,,,,,,,,Jokić,eb8823bf-abdd-4082-af6d-95a6f02d5825,,,,,,8,,8
1627750,Jamal,2016,Jamal Murray,https://cdn.nba.com/headshots/nba/latest/260x190/1627750.png,c46a73cd-84c6-497e-b76a-8719bdb6c5e8,,,,,,,,,,,,,,,,,Murray,62077658-1554-41c4-b7ac-6bbf19bdbd29,,,,,,8,,8
203932,Aaron,2014,Aaron Gordon,https://cdn.nba.com/headshots/nba/latest/260x190/203932.png,7eaeb6dd-f6d0-4ae5-b8c9-d122ae9a79f9,,,,,,,,,,,,,,,,,Gordon,960a2307-30f6-45da-9077-9f09f96a92d8,,,,,,8,,8
1629661,Cameron,2019,Cameron Johnson,https://cdn.nba.com/headshots/nba/latest/260x190/1629661.png,152528b3-4c3b-4684-8db7-c95712505381,,,,,,,,,,,,,,,,,Johnson,1b6f55d2-b9ab-48a0-b2df-db5f75fb5903,,,,,,8,,8
1631128,Christian,2022,Christian Braun,https://cdn.nba.com/headshots/nba/latest/260x190/1631128.png,fee4baa1-5233-4bdd-8b2c-6177ed93e704,,,,,,,,,,,,,,,,,Braun,5cbf6d78-fba7-4488-8d1d-79425fbf7feb,,,,,,8,,8
1631212,Peyton,2022,Peyton Watson,https://cdn.nba.com/headshots/nba/latest/260x190/1631212.png,,,,,,,,,,,,,,,,,,Watson,,,,,,,,2026,8
1630192,Zeke,2020,Zeke Nnaji,https://cdn.nba.com/headshots/nba/latest/260x190/1630192.png,c3a2d818-e715-4386-aa3c-fd050f967d9f,,,,,,,,,,,,,,,,,Nnaji,062d689a-3163-4f6a-96a7-c0ee589204b5,,,,,,8,,8
1631124,Julian,2023,Julian Strawther,https://cdn.nba.com/headshots/nba/latest/260x190/1631124.png,aec05a37-940e-44dc-afb0-918a71bacaa6,,,,,,,,,,,,,,,,,Strawther,61e483aa-acbf-4e09-8f57-396bca29248f,,,,,,8,,8
1628963,,,,https://cdn.nba.com/headshots/nba/latest/260x190/1628963.png,,,,,,,,,,,,,,,,,,,,,,,,,,,8
1641747,DaRon,2024,DaRon Holmes II,https://cdn.nba.com/headshots/nba/latest/260x190/1641747.png,5e328db1-6514-4835-9e39-c28a486c0f02,,,,,,,,,,,,,,,,,Holmes II,7d25e0bb-3106-491f-be76-caa47cead082,,,,,,8,,8
1642461,Spencer,2024,Spencer Jones,https://cdn.nba.com/headshots/nba/latest/260x190/1642461.png,,,,,,,,,,,,,,,,,,Jones,,,,,,,,2026,8
203200,Justin,2012,Justin Holiday,https://cdn.nba.com/headshots/nba/latest/260x190/203200.png,,,,,,,,,,,,,,,,,,Holiday,,,,,,,,2023,8
2210,Richard,2001,Richard Jefferson,https://cdn.nba.com/headshots/nba/latest/260x190/2210.png,,,,,,,,,,,,,,,,,,Jefferson,,,,,,,,2017,8
1628971,Bruce,2018,Bruce Brown,https://cdn.nba.com/headshots/nba/latest/260x190/1628971.png,,,,,,,,,,,,,,,,,,Brown,,,,,,,,2026,8
1629618,Jalen,2023,Jalen Pickett,https://cdn.nba.com/headshots/nba/latest/260x190/1629618.png,,,,,,,,,,,,,,,,,,Pickett,,,,,,,,2026,8
202326,DeMarcus,2010,DeMarcus Cousins,https://cdn.nba.com/headshots/nba/latest/260x190/202326.png,,,,,,,,,,,,,,,,,,Cousins,,,,,,,,2021,8
1628427,Vlatko,2019,Vlatko Čančar,https://cdn.nba.com/headshots/nba/latest/260x190/1628427.png,,,,,,,,,,,,,,,,,,Čančar,,,,,,,,2024,8
203584,Troy,2013,Troy Daniels,https://cdn.nba.com/headshots/nba/latest/260x190/203584.png,,,,,,,,,,,,,,,,,,Daniels,,,,,,,,2019,8
1626145,,,,https://cdn.nba.com/headshots/nba/latest/260x190/1626145.png,,,,,,,,,,,,,,,,,,,,,,,,,,,8
201566,Russell,2008,Russell Westbrook,https://cdn.nba.com/headshots/nba/latest/260x190/201566.png,,,,,,,,,,,,,,,,,,Westbrook,,,,,,,,2025,8
1630210,Markus,2020,Markus Howard,https://cdn.nba.com/headshots/nba/latest/260x190/1630210.png,,,,,,,,,,,,,,,,,,Howard,,,,,,,,2021,8
1642938,Curtis,2025,Curtis Jones,https://cdn.nba.com/headshots/nba/latest/260x190/1642938.png,,,,,,,,,,,,,,,,,,Jones,,,,,,,,2026,8
1631223,David,2022,David Roddy,https://cdn.nba.com/headshots/nba/latest/260x190/1631223.png,,,,,,,,,,,,,,,,,,Roddy,,,,,,,,2026,8
202685,,,,https://cdn.nba.com/headshots/nba/latest/260x190/202685.png,,,,,,,,,,,,,,,,,,,,,,,,,,,8
26864,Alpha,2021,Alpha Diallo,,,,,,,,,,,,,,,,,,,Diallo,,,,,,,,,8
1642354,KJ,2024,KJ Simpson,https://cdn.nba.com/headshots/nba/latest/260x190/1642354.png,8b2f5f0f-8451-466a-bb00-df566b38e493,,,,,,,,,,,,,,,,,Simpson,40b561d8-b99c-4052-a91c-f4195d8c45dc,,,,,,8,,8
1630595,Cade,2021,Cade Cunningham,https://cdn.nba.com/headshots/nba/latest/260x190/1630595.png,3eeb82ba-0af5-40a2-ae68-7186370b408a,,,,,,,,,,,,,,,,,Cunningham,05570413-e841-414e-bddd-799a68e8d5e2,,,,,,9,,9
1628989,Kevin,2018,Kevin Huerter,https://cdn.nba.com/headshots/nba/latest/260x190/1628989.png,bac3091e-bc91-4ab5-8ddc-387beab1d2b5,,,,,,,,,,,,,,,,,Huerter,8eb81556-0edc-472d-8397-545152d73a49,,,,,,9,2026,9
1631105,Jalen,2022,Jalen Duren,https://cdn.nba.com/headshots/nba/latest/260x190/1631105.png,,,,,,,,,,,,,,,,,,Duren,,,,,,,,2026,9
1628381,John,2017,John Collins,https://cdn.nba.com/headshots/nba/latest/260x190/1628381.png,bdc6d6e3-ed41-44e4-88b5-ae5dcb05cb98,,,,,,,,,,,,,,,,,Collins,d63a51dc-cd43-4f9e-9240-fd4f0bc695e2,,,,,,13,,9
1629130,Duncan,2018,Duncan Robinson,https://cdn.nba.com/headshots/nba/latest/260x190/1629130.png,80f729fe-a709-4acc-bbf7-0a69719a6832,,,,,,,,,,,,,,,,,Robinson,11a58647-7f85-49f8-a4dd-50b194f5bd3d,,,,,,9,,9
1630198,Isaiah,2020,Isaiah Joe,https://cdn.nba.com/headshots/nba/latest/260x190/1630198.png,b42c9f58-c96d-43b8-a982-564353adbd81,,,,,,,,,,,,,,,,,Joe,c5c9ec12-5f8a-4ec2-8324-38cb14301b37,,,,,,21,,9
1641709,Ausar,2023,Ausar Thompson,https://cdn.nba.com/headshots/nba/latest/260x190/1641709.png,b5a511a9-0fd5-40a5-aca2-0714e30fccaf,,,,,,,,,,,,,,,,,Thompson,03fcf6c1-244e-46ef-92b3-ebfe1d58eb2f,,,,,,9,,9
1641842,Ronald,2024,Ronald Holland II,https://cdn.nba.com/headshots/nba/latest/260x190/1641842.png,26f5fece-43bb-4a6b-b2c2-f94b051a9aa7,,,,,,,,,,,,,,,,,Holland II,1e5fcd1e-ef93-47de-943d-1d9be541030c,,,,,,9,,9
1627736,Malik,2016,Malik Beasley,https://cdn.nba.com/headshots/nba/latest/260x190/1627736.png,,,,,,,,,,,,,,,,,,Beasley,,,,,,,,2024,9
1630194,Paul,2020,Paul Reed,https://cdn.nba.com/headshots/nba/latest/260x190/1630194.png,0291ffea-c29e-4fb4-88cd-a4bc6817de08,,,,,,,,,,,,,,,,,Reed,b4168166-07f6-47bd-97b5-57de496c4c12,,,,,,9,,9
1643536,Ebuka,2026,Ebuka Okorie,,bd268e80-eeca-470b-9865-7c351bb2fdc0,,,,,,,,,,,,,,,,,Okorie,,,,,,,,,9
1642450,Daniss,2024,Daniss Jenkins,https://cdn.nba.com/headshots/nba/latest/260x190/1642450.png,5af35cbc-d9e2-42d2-8d69-d6af690371a1,,,,,,,,,,,,,,,,,Jenkins,b6e946d6-d43a-42a2-94f2-fb6900df6c51,,,,,,9,,9
1629750,Javonte,2019,Javonte Green,https://cdn.nba.com/headshots/nba/latest/260x190/1629750.png,7593faf7-7a88-4142-bb3d-aed5585c32c8,,,,,,,,,,,,,,,,,Green,70747451-b547-4a52-8792-f5f61fdc50d2,,,,,,9,,9
203914,Gary,2014,Gary Harris,https://cdn.nba.com/headshots/nba/latest/260x190/203914.png,df321d01-de15-4e06-ad2d-b841219cfb4a,,,,,,,,,,,,,,,,,Harris,a35067d7-d729-4573-8f3a-8e3867367c76,,,,,,17,,9
1627752,Taurean,2016,Taurean Prince,https://cdn.nba.com/headshots/nba/latest/260x190/1627752.png,ef509f36-80aa-42f3-99db-845596891b6b,,,,,,,,,,,,,,,,,Prince,b73666b8-8be4-4b29-a652-02eeba465b3c,,,,,,17,,9
1642449,Tolu,2024,Tolu Smith,https://cdn.nba.com/headshots/nba/latest/260x190/1642449.png,62357270-0c37-45a4-b75b-75066e062987,,,,,,,,,,,,,,,,,Smith,5e72ec0d-8613-4acf-85e1-fd0f01a088ca,,,,,,9,,9
1631111,Wendell,2022,Wendell Moore Jr.,https://cdn.nba.com/headshots/nba/latest/260x190/1631111.png,,,,,,,,,,,,,,,,,,Moore Jr.,,,,,,,,2026,9
1642404,Chaz,2025,Chaz Lanier,https://cdn.nba.com/headshots/nba/latest/260x190/1642404.png,b28ac812-714a-459a-a28b-2cf4c8a222c2,,,,,,,,,,,,,,,,,Lanier,108fe1dc-d5b9-48cf-b344-4b1d9c8bd859,,,,,,9,,9
1642403,Isaac,2024,Isaac Jones,https://cdn.nba.com/headshots/nba/latest/260x190/1642403.png,f0deaac8-708d-458d-8b6f-a73a037f4935,,,,,,,,,,,,,,,,,Jones,4b6e2a3c-699a-482e-8804-2110004c2890,,,,,,9,,9
1641989,Elijah,2024,Elijah Harkless,https://cdn.nba.com/headshots/nba/latest/260x190/1641989.png,03e52267-45a0-470e-b4c9-cd879321b7a9,,,,,,,,,,,,,,,,,Harkless,82203086-3b0d-49f4-ac94-ad27d50c5b5e,,,,,,,,9|29
201939,Stephen,2009,Stephen Curry,https://cdn.nba.com/headshots/nba/latest/260x190/201939.png,b8642480-fcc9-4cab-b4a0-c86502dfc613,,,,,,,,,,,,,,,,,Curry,ebffcdb1-1db9-424c-8c06-f1985da47b84,,,,,,10,,10
202710,Jimmy,2011,Jimmy Butler,https://cdn.nba.com/headshots/nba/latest/260x190/202710.png,37bf14a8-7224-434f-9d34-fc9aa7adb65e,,,,,,,,,,,,,,,,,Butler,d24aecb8-4fe7-45da-9079-5f720b65f331,,,,,,10,,10
203110,Draymond,2012,Draymond Green,https://cdn.nba.com/headshots/nba/latest/260x190/203110.png,ccb1b99e-b913-4e21-911b-ea3b183a74f8,,,,,,,,,,,,,,,,,Green,e413a417-1538-46d9-80cd-7afeaa49db71,,,,,,10,2026,10
204001,Kristaps,2015,Kristaps Porziņģis,https://cdn.nba.com/headshots/nba/latest/260x190/204001.png,bd53dabe-bcf6-4cf6-90c3-9dee4597a359,,,,,,,,,,,,,,,,,Porziņģis,2bcef3f7-49e9-4469-8a2b-5f74dd7caf54,,,,,,10,,10
1630541,Moses,2021,Moses Moody,https://cdn.nba.com/headshots/nba/latest/260x190/1630541.png,4adaf5f5-cb3a-467e-ab07-c876badeee05,,,,,,,,,,,,,,,,,Moody,be756624-84c2-4ac3-8c50-304102eba095,,,,,,10,,10
201143,Al,2007,Al Horford,https://cdn.nba.com/headshots/nba/latest/260x190/201143.png,d473390e-44b0-4989-85d5-ee09e0da92e7,,,,,,,,,,,,,,,,,Horford,f596abc4-aa40-4a62-b8dd-89ac7e1dd678,,,,,,10,,10
1642865,Yaxel,2026,Yaxel Lendeborg,,641a8148-a24b-4c99-91b9-e6c35e979a5d,,,,,,,,,,,,,,,,,Lendeborg,,,,,,,,,10
1641764,Brandin,2023,Brandin Podziemski,https://cdn.nba.com/headshots/nba/latest/260x190/1641764.png,2bb89d0f-0cdb-4323-8c11-1a4bfbcfc52c,,,,,,,,,,,,,,,,,Podziemski,e6fe2f1b-b289-426c-ac9a-1397f17428a0,,,,,,10,,10
1629001,,,,https://cdn.nba.com/headshots/nba/latest/260x190/1629001.png,,,,,,,,,,,,,,,,,,,,,,,,,,,10
1630611,Gui,2023,Gui Santos,https://cdn.nba.com/headshots/nba/latest/260x190/1630611.png,ff35f3aa-7c02-4bab-a83d-95617ef27d13,,,,,,,,,,,,,,,,,Santos,ef67f775-cde8-4160-9b9d-c122ce1eb0b6,,,,,,10,,10
1628995,Kevin,2018,Kevin Knox II,https://cdn.nba.com/headshots/nba/latest/260x190/1628995.png,,,,,,,,,,,,,,,,,,Knox II,,,,,,,,2024,10
1630586,Usman,2021,Usman Garuba,https://cdn.nba.com/headshots/nba/latest/260x190/1630586.png,,,,,,,,,,,,,,,,,,Garuba,,,,,,,,2023,10
101106,Andrew,2005,Andrew Bogut,https://cdn.nba.com/headshots/nba/latest/260x190/101106.png,,,,,,,,,,,,,,,,,,Bogut,,,,,,,,2018,10
1629646,Charles,2021,Charles Bassey,https://cdn.nba.com/headshots/nba/latest/260x190/1629646.png,299688f5-1d13-4e70-94eb-904664e36c59,,,,,,,,,,,,,,,,,Bassey,8d17f620-bb74-433e-b7b0-59eb187bda99,,,,,,10,,10
2738,Andre,2004,Andre Iguodala,https://cdn.nba.com/headshots/nba/latest/260x190/2738.png,,,,,,,,,,,,,,,,,,Iguodala,,,,,,,,2022,10
2561,David,2003,David West,https://cdn.nba.com/headshots/nba/latest/260x190/2561.png,,,,,,,,,,,,,,,,,,West,,,,,,,,2017,10
1630311,Pat,2023,Pat Spencer,https://cdn.nba.com/headshots/nba/latest/260x190/1630311.png,,,,,,,,,,,,,,,,,,Spencer,,,,,,,,2026,10|24
203210,JaMychal,2014,JaMychal Green,https://cdn.nba.com/headshots/nba/latest/260x190/203210.png,,,,,,,,,,,,,,,,,,Green,,,,,,,,2022,10
203552,Seth,2013,Seth Curry,https://cdn.nba.com/headshots/nba/latest/260x190/203552.png,,,,,,,,,,,,,,,,,,Curry,,,,,,,,2026,10
202357,Nemanja,2015,Nemanja Bjelica,https://cdn.nba.com/headshots/nba/latest/260x190/202357.png,,,,,,,,,,,,,,,,,,Bjelica,,,,,,,,2021,10
1630237,Anthony,2020,Anthony Lamb,https://cdn.nba.com/headshots/nba/latest/260x190/1630237.png,,,,,,,,,,,,,,,,,,Lamb,,,,,,,,2022,10
1631466,Nate,2022,Nate Williams,https://cdn.nba.com/headshots/nba/latest/260x190/1631466.png,,,,,,,,,,,,,,,,,,Williams,,,,,,,,2026,10
2440,Matt,2002,Matt Barnes,https://cdn.nba.com/headshots/nba/latest/260x190/2440.png,,,,,,,,,,,,,,,,,,Barnes,,,,,,,,2016,10
201973,Jonas,2009,Jonas Jerebko,https://cdn.nba.com/headshots/nba/latest/260x190/201973.png,,,,,,,,,,,,,,,,,,Jerebko,,,,,,,,2018,10
1627780,Gary,2016,Gary Payton II,https://cdn.nba.com/headshots/nba/latest/260x190/1627780.png,,,,,,,,,,,,,,,,,,Payton II,,,,,,,,2026,10
1629010,Jerome,2018,Jerome Robinson,https://cdn.nba.com/headshots/nba/latest/260x190/1629010.png,,,,,,,,,,,,,,,,,,Robinson,,,,,,,,2023,10
1630185,Nico,2020,Nico Mannion,https://cdn.nba.com/headshots/nba/latest/260x190/1630185.png,,,,,,,,,,,,,,,,,,Mannion,,,,,,,,2020,10
1642379,Taran,2024,Taran Armstrong,,,,,,,,,,,,,,,,,,,Armstrong,,,,,,,,2024,10
1642954,Will,2025,Will Richard,https://cdn.nba.com/headshots/nba/latest/260x190/1642954.png,d53cfdb5-925a-416e-b33e-52e25366447a,,,,,,,,,,,,,,,,,Richard,2119fa7c-28cf-4610-96ca-9a091bf57218,,,,,,10,,10
1643018,LJ,2025,LJ Cryer,,f2602819-128c-4cd9-aa6b-c03517a4eba2,,,,,,,,,,,,,,,,,Cryer,ed7f87dc-0659-4775-83e1-bc75e39785a0,,,,,,10,,10
1642502,Malevy,2024,Malevy Leons,https://cdn.nba.com/headshots/nba/latest/260x190/1642502.png,4247cc5a-eac4-45d5-86f5-01d3321c4959,,,,,,,,,,,,,,,,,Leons,7b3c1e7d-fd88-4ea2-8e0e-cace54aa85be,,,,,,10,,10
201142,Kevin,2007,Kevin Durant,https://cdn.nba.com/headshots/nba/latest/260x190/201142.png,fc665cd6-590f-4b31-9544-740f6b50b5dd,,,,,,,,,,,,,,,,,Durant,aefe8871-4b55-4561-8546-9ee833e7ed85,,,,,,11,,11
1630578,Alperen,2021,Alperen Sengun,https://cdn.nba.com/headshots/nba/latest/260x190/1630578.png,9831813a-ac8a-4b32-a143-47a3c34778ca,,,,,,,,,,,,,,,,,Sengun,76d59a7c-0b32-4b9d-974e-fb28195be317,,,,,,11,,11
1627832,Fred,2016,Fred VanVleet,https://cdn.nba.com/headshots/nba/latest/260x190/1627832.png,e2b62004-ff4a-4a75-87ad-40ee7ebd5936,,,,,,,,,,,,,,,,,VanVleet,a66498e6-cd1c-40a1-afd3-bc8e572754d8,,,,,,11,,11
1631095,Jabari,2022,Jabari Smith Jr.,https://cdn.nba.com/headshots/nba/latest/260x190/1631095.png,54f2a09a-7720-4b1e-8663-8ea59b77d39b,,,,,,,,,,,,,,,,,Smith Jr.,14c19ee2-5e90-4e5c-b27f-8128a5d9d553,,,,,,11,,11
1631106,Tari,2022,Tari Eason,https://cdn.nba.com/headshots/nba/latest/260x190/1631106.png,330f81bb-4cbf-472a-a47b-1a9ae8c42dd0,,,,,,,,,,,,,,,,,Eason,96d803fe-c68c-42b9-bfde-f2f12c8ecb7c,,,,,,11,,11
203500,Steven,2013,Steven Adams,https://cdn.nba.com/headshots/nba/latest/260x190/203500.png,d65fdfe9-578a-4cac-81b6-33997c6cc757,,,,,,,,,,,,,,,,,Adams,9baa0f56-635b-452a-a835-d3699cacc1ac,,,,,,11,,11
1641708,Amen,2023,Amen Thompson,https://cdn.nba.com/headshots/nba/latest/260x190/1641708.png,4a4466cf-6f87-4ea4-bf8a-d0c3af845eec,,,,,,,,,,,,,,,,,Thompson,67fd3347-086b-4bba-9919-435a0bb4dec4,,,,,,11,,11
1642263,Reed,2024,Reed Sheppard,https://cdn.nba.com/headshots/nba/latest/260x190/1642263.png,c571031d-8cf2-4cca-9391-4f32714c028c,,,,,,,,,,,,,,,,,Sheppard,76f95407-c9ff-41cf-80d0-a067a55426c4,,,,,,11,,11
203991,Clint,2014,Clint Capela,https://cdn.nba.com/headshots/nba/latest/260x190/203991.png,41a12a7c-b654-48ae-a87f-46ce8907b81f,,,,,,,,,,,,,,,,,Capela,cb69c43c-235b-4d2b-b14f-76290f76329d,,,,,,11,,11
203935,Marcus,2014,Marcus Smart,https://cdn.nba.com/headshots/nba/latest/260x190/203935.png,66e9b12e-458a-4c7d-bb0f-ae51624b80c1,,,,,,,,,,,,,,,,,Smart,30c0e401-c20a-499d-bba0-ada0a14eefd6,,,,,,14,,11
1631120,JD,2022,JD Davison,https://cdn.nba.com/headshots/nba/latest/260x190/1631120.png,6c683da3-c2d0-400e-8011-fde5c59437b1,,,,,,,,,,,,,,,,,Davison,74235dd1-fd65-4435-895b-a8fc985bc321,,,,,,11,,11
203992,Bogdan,2017,Bogdan Bogdanović,https://cdn.nba.com/headshots/nba/latest/260x190/203992.png,afe9aa0f-51e8-44a7-9aac-e66f3c1d2cdd,,,,,,,,,,,,,,,,,Bogdanović,d94a5963-35e1-41fb-801a-c8fe15ce4db3,,,,,,13,,11
1628988,Aaron,2018,Aaron Holiday,https://cdn.nba.com/headshots/nba/latest/260x190/1628988.png,,,,,,,,,,,,,,,,,,Holiday,,,,,,,,2026,11
201145,Jeff,2007,Jeff Green,https://cdn.nba.com/headshots/nba/latest/260x190/201145.png,,,,,,,,,,,,,,,,,,Green,,,,,,,,2026,11
1626246,Boban,2015,Boban Marjanović,https://cdn.nba.com/headshots/nba/latest/260x190/1626246.png,,,,,,,,,,,,,,,,,,Marjanović,,,,,,,,2023,11
203493,Reggie,2013,Reggie Bullock Jr.,https://cdn.nba.com/headshots/nba/latest/260x190/203493.png,,,,,,,,,,,,,,,,,,Bullock Jr.,,,,,,,,2023,11
1630256,Jae'Sean,2020,Jae'Sean Tate,https://cdn.nba.com/headshots/nba/latest/260x190/1630256.png,,,,,,,,,,,,,,,,,,Tate,,,,,,,,2026,11
1642384,Isaiah,2024,Isaiah Crawford,https://cdn.nba.com/headshots/nba/latest/260x190/1642384.png,,,,,,,,,,,,,,,,,,Crawford,,,,,,,,2026,11
1629098,Jack,2024,Jack McVeigh,https://cdn.nba.com/headshots/nba/latest/260x190/1629098.png,,,,,,,,,,,,,,,,,,McVeigh,,,,,,,,2024,11
1641803,Tristen,2024,Tristen Newton,https://cdn.nba.com/headshots/nba/latest/260x190/1641803.png,6995f635-5f0c-430c-9748-7c1727c3ff57,,,,,,,,,,,,,,,,,Newton,51fd0260-1c61-47ef-9460-3168ce14164a,,,,,,11,,11
1627783,Pascal,2016,Pascal Siakam,https://cdn.nba.com/headshots/nba/latest/260x190/1627783.png,1f87f81a-cf79-46d2-8b95-b994d0f2a9a2,,,,,,,,,,,,,,,,,Siakam,d2f55cac-4fa8-449c-9fd8-21a4599b5ce4,,,,,,12,,12
1630169,Tyrese,2020,Tyrese Haliburton,https://cdn.nba.com/headshots/nba/latest/260x190/1630169.png,3a58b9d7-6e3b-4021-8b31-7f6ed1e7a706,,,,,,,,,,,,,,,,,Haliburton,f9a6989f-b302-4e9b-b741-12002f2e457f,,,,,,12,,12
1627826,Ivica,2016,Ivica Zubac,https://cdn.nba.com/headshots/nba/latest/260x190/1627826.png,21200a44-942c-43f1-bd0c-517164ec63a6,,,,,,,,,,,,,,,,,Zubac,4f7abb7b-86cd-4d2e-81e3-512acb417717,,,,,,12,,12
1629614,Andrew,2022,Andrew Nembhard,https://cdn.nba.com/headshots/nba/latest/260x190/1629614.png,daaee94e-9e6b-4ab4-a331-7cd8f6417565,,,,,,,,,,,,,,,,,Nembhard,6cbade2f-9940-4acc-8981-8620e61bdd23,,,,,,12,,12
1630167,Obi,2020,Obi Toppin,https://cdn.nba.com/headshots/nba/latest/260x190/1630167.png,c5e3929d-970c-4f2c-97eb-4ec0e011e626,,,,,,,,,,,,,,,,,Toppin,f5e0b2e8-5327-4a3d-810e-88b194af285f,,,,,,12,,12
1630174,Aaron,2020,Aaron Nesmith,https://cdn.nba.com/headshots/nba/latest/260x190/1630174.png,e68b678e-c3e4-4f3f-b705-c49adfab5402,,,,,,,,,,,,,,,,,Nesmith,3c3f68a7-8c50-47b0-bd7d-53fa685bcd9e,,,,,,12,,12
204456,T.J.,2015,T.J. McConnell,https://cdn.nba.com/headshots/nba/latest/260x190/204456.png,673f731c-9d59-4e76-9ab3-dab22eeb865a,,,,,,,,,,,,,,,,,McConnell,ee282f8e-8b12-4b96-96f0-c23c16cab1ba,,,,,,12,,12
1641716,Jarace,2023,Jarace Walker,https://cdn.nba.com/headshots/nba/latest/260x190/1641716.png,ff2f33e2-962c-4b96-9e86-c60fa15cdf57,,,,,,,,,,,,,,,,,Walker,f86e4678-53fb-4f2c-a45e-e0a1c9425629,,,,,,12,,12
1626162,Kelly,2015,Kelly Oubre Jr.,https://cdn.nba.com/headshots/nba/latest/260x190/1626162.png,a757c6c1-a2cc-4c6e-9975-b1336d26f8a6,,,,,,,,,,,,,,,,,Oubre Jr.,1c1faeb3-723c-411d-a6fd-d9e7361137a3,,,,,,23,,12
1641767,Ben,2023,Ben Sheppard,https://cdn.nba.com/headshots/nba/latest/260x190/1641767.png,87c13c3a-199f-475e-a59f-2d598cc9314b,,,,,,,,,,,,,,,,,Sheppard,fcefb23a-5605-42ef-9c43-07d0030df9df,,,,,,12,,12
1630643,Jay,2021,Jay Huff,https://cdn.nba.com/headshots/nba/latest/260x190/1630643.png,4c33f350-50f5-4464-ada4-c593931b5c76,,,,,,,,,,,,,,,,,Huff,ab52b04a-905d-4897-8c0c-48e80f645063,,,,,,12,,12
1631245,Quenton,2022,Quenton Jackson,https://cdn.nba.com/headshots/nba/latest/260x190/1631245.png,06ec9775-3793-4860-8dd8-bc14e101a9d7,,,,,,,,,,,,,,,,,Jackson,91f4a0e0-da10-4182-b4f3-2f3af77ffc2d,,,,,,12,,12
1626204,Larry,2015,Larry Nance Jr.,https://cdn.nba.com/headshots/nba/latest/260x190/1626204.png,dc4b73eb-4ff0-44f8-ad09-7100f1ff60ef,,,,,,,,,,,,,,,,,Nance Jr.,64cc6968-10d2-466c-8a84-2347777080ce,,,,,,6,,12
201949,James,2009,James Johnson,https://cdn.nba.com/headshots/nba/latest/260x190/201949.png,,,,,,,,,,,,,,,,,,Johnson,,,,,,,,2024,12
1642277,Johnny,2024,Johnny Furphy,https://cdn.nba.com/headshots/nba/latest/260x190/1642277.png,c35946a7-9131-47a9-b1eb-0c9ffb7cbe81,,,,,,,,,,,,,,,,,Furphy,5fe3ff28-5445-402e-98dd-f2d949de2bab,,,,,,12,,12
1628221,Gabe,2021,Gabe York,,,,,,,,,,,,,,,,,,,York,,,,,,,,2022,12
1641771,Jalen,2023,Jalen Slawson,https://cdn.nba.com/headshots/nba/latest/260x190/1641771.png,,,,,,,,,,,,,,,,,,Slawson,,,,,,,,2026,12
1630679,Ethan,2024,Ethan Thompson,https://cdn.nba.com/headshots/nba/latest/260x190/1630679.png,03883ed7-87c1-45cd-8162-0fe9e951bfae,,,,,,,,,,,,,,,,,Thompson,abc33ca9-2111-4c04-90de-3c7a3c510813,,,,,,12,,12
1643007,Taelon,2025,Taelon Peter,https://cdn.nba.com/headshots/nba/latest/260x190/1643007.png,cd526736-0f1c-4235-a3d0-7bcb231a613b,,,,,,,,,,,,,,,,,Peter,1da0b6b8-db24-4c7d-a235-5decf9b76917,,,,,,12,,12
1641738,Kobe,2023,Kobe Brown,https://cdn.nba.com/headshots/nba/latest/260x190/1641738.png,6af33c41-4865-4b52-8196-a3d525c3c330,,,,,,,,,,,,,,,,,Brown,59043a24-13cb-465f-82c3-544ba8b5b3df,,,,,,12,,12
202695,Kawhi,2011,Kawhi Leonard,https://cdn.nba.com/headshots/nba/latest/260x190/202695.png,5ad121a1-4795-47f2-acc5-195632887581,,,,,,,,,,,,,,,,,Leonard,323fa87c-933a-4ff7-b74f-a482f5bba497,,,,,,13,,13
1629636,Darius,2019,Darius Garland,https://cdn.nba.com/headshots/nba/latest/260x190/1629636.png,0cd563b3-7f9c-4479-bc1d-001d86b48510,,,,,,,,,,,,,,,,,Garland,d8893b21-65a4-4572-bb59-6be1f53a2913,,,,,,13,,13
1631097,Bennedict,2022,Bennedict Mathurin,https://cdn.nba.com/headshots/nba/latest/260x190/1631097.png,,,,,,,,,,,,,,,,,,Mathurin,,,,,,,,2026,13
1629060,Rui,2019,Rui Hachimura,https://cdn.nba.com/headshots/nba/latest/260x190/1629060.png,cde0be9e-db17-48f6-ba0a-138d38b17208,,,,,,,,,,,,,,,,,Hachimura,9bd2b564-810c-4298-86d2-202c5b1c6f39,,,,,,14,,13
1627884,Derrick,2016,Derrick Jones Jr.,https://cdn.nba.com/headshots/nba/latest/260x190/1627884.png,549c5b61-b33f-4767-9856-8fb5f1d93523,,,,,,,,,,,,,,,,,Jones Jr.,fe1bf5ea-b958-473b-8474-06c3e206c61f,,,,,,13,,13
1643413,Keaton,2026,Keaton Wagler,,d3f19bac-5217-40e5-9e84-44030d4d2cee,,,,,,,,,,,,,,,,,Wagler,,,,,,,,,13
201572,Brook,2008,Brook Lopez,https://cdn.nba.com/headshots/nba/latest/260x190/201572.png,75fcab3f-1d55-45bc-8f5d-e0b2257dc6c2,,,,,,,,,,,,,,,,,Lopez,6a5b5c87-0123-4635-93ea-e71f15120c80,,,,,,13,,13
201587,Nicolas,2008,Nicolas Batum,https://cdn.nba.com/headshots/nba/latest/260x190/201587.png,,,,,,,,,,,,,,,,,,Batum,,,,,,,,2026,13
1630543,Isaiah,2021,Isaiah Jackson,https://cdn.nba.com/headshots/nba/latest/260x190/1630543.png,d4336bd2-f0d1-4acf-abdb-3db5c98dc97d,,,,,,,,,,,,,,,,,Jackson,1a6ceec1-495d-41ac-9f89-1f883dc81f20,,,,,,13,,13
203078,Bradley,2012,Bradley Beal,https://cdn.nba.com/headshots/nba/latest/260x190/203078.png,274ddde4-9988-418c-977f-45831f76998e,,,,,,,,,,,,,,,,,Beal,8f194def-4eb0-4db8-a3a8-591a894f2776,,,,,,13,2026,13|24
1627739,Kris,2016,Kris Dunn,https://cdn.nba.com/headshots/nba/latest/260x190/1627739.png,caf73c33-df15-485e-a7f7-21aaea051ae6,,,,,,,,,,,,,,,,,Dunn,dd617f42-ad0d-4f42-bcee-aab431dc9d4a,,,,,,13,,13
1641757,Jordan,2023,Jordan Miller,https://cdn.nba.com/headshots/nba/latest/260x190/1641757.png,9d07bad7-b62e-4464-851b-5edb0a8c0923,,,,,,,,,,,,,,,,,Miller,1f8ebd06-a835-4279-87b6-6e94d3750196,,,,,,13,,13
1642949,Yanic Konan,2025,Yanic Konan Niederhäuser,https://cdn.nba.com/headshots/nba/latest/260x190/1642949.png,ac67c0ae-0000-457f-b541-ef054ddb7a45,,,,,,,,,,,,,,,,,Niederhäuser,f39a1304-8587-4bb1-a0e6-0e6ec350ffad,,,,,,13,,13
1642920,Kobe,2025,Kobe Sanders,https://cdn.nba.com/headshots/nba/latest/260x190/1642920.png,de8b3c84-76fd-4731-859d-d3feeb743eb5,,,,,,,,,,,,,,,,,Sanders,15eecf52-382b-4fb5-b362-112d119363fd,,,,,,13,,13
1627732,Ben,2016,Ben Simmons,https://cdn.nba.com/headshots/nba/latest/260x190/1627732.png,,,,,,,,,,,,,,,,,,Simmons,,,,,,,,2024,13
201988,Patty,2009,Patty Mills,https://cdn.nba.com/headshots/nba/latest/260x190/201988.png,,,,,,,,,,,,,,,,,,Mills,,,,,,,,2024,13
203918,Rodney,2014,Rodney Hood,https://cdn.nba.com/headshots/nba/latest/260x190/203918.png,,,,,,,,,,,,,,,,,,Hood,,,,,,,,2021,13
1642353,Cam,2024,Cam Christie,https://cdn.nba.com/headshots/nba/latest/260x190/1642353.png,c3c7d1a4-9cc1-4e18-a3b5-2929890f3a79,,,,,,,,,,,,,,,,,Christie,05837a74-c8bd-4650-aee9-b0683ad6141d,,,,,,13,,13
1631102,TyTy,2022,TyTy Washington Jr.,https://cdn.nba.com/headshots/nba/latest/260x190/1631102.png,,,,,,,,,,,,,,,,,,Washington Jr.,,,,,,,,2026,13
1629875,Xavier,2021,Xavier Moon,https://cdn.nba.com/headshots/nba/latest/260x190/1629875.png,,,,,,,,,,,,,,,,,,Moon,,,,,,,,2023,13
1642951,Sean,2025,Sean Pedulla,,6a9096ca-a563-4f42-8e40-b56009583348,,,,,,,,,,,,,,,,,Pedulla,64748a2b-ff51-4bd8-b579-82c8e30fe089,,,,,,13,,13
1629029,Luka,2018,Luka Dončić,https://cdn.nba.com/headshots/nba/latest/260x190/1629029.png,88f28822-2ea1-4eb2-8fb0-a436dcead5e0,,,,,,,,,,,,,,,,,Dončić,dc8af14c-4f37-4956-bf91-13a17eee3686,,,,,,14,,14
1630559,Austin,2021,Austin Reaves,https://cdn.nba.com/headshots/nba/latest/260x190/1630559.png,725c7247-efee-4ee6-8d93-2ec2e9c297dd,,,,,,,,,,,,,,,,,Reaves,dcd991e9-7202-4e87-8c29-db81747313c6,,,,,,14,,14
1631117,Walker,2022,Walker Kessler,https://cdn.nba.com/headshots/nba/latest/260x190/1631117.png,37dc093a-035c-409f-8139-b0b03105dda5,,,,,,,,,,,,,,,,,Kessler,87c0fac6-0ca6-48de-a1c0-cb083f1d4250,,,,,,29,,14
1629656,Quentin,2021,Quentin Grimes,https://cdn.nba.com/headshots/nba/latest/260x190/1629656.png,8dee8e3b-7936-4c79-b5bd-735da5321328,,,,,,,,,,,,,,,,,Grimes,257c6cbd-4d4a-42ff-a4c2-e1a76c341bc9,,,,,,23,,14
1630572,Sandro,2021,Sandro Mamukelashvili,https://cdn.nba.com/headshots/nba/latest/260x190/1630572.png,fe283b5f-d145-481f-9d1e-6cf33c5e9602,,,,,,,,,,,,,,,,,Mamukelashvili,550a027e-c459-4fbe-9393-9ee149a5a1c4,,,,,,28,,14
1629020,Jarred,2018,Jarred Vanderbilt,https://cdn.nba.com/headshots/nba/latest/260x190/1629020.png,6d4364f0-2186-4f00-ae77-bdf00c5fee7f,,,,,,,,,,,,,,,,,Vanderbilt,37f4f47a-514c-43e5-8f4f-511c0b5428a8,,,,,,14,,14
1629012,Collin,2018,Collin Sexton,https://cdn.nba.com/headshots/nba/latest/260x190/1629012.png,2e85d7ac-2aa5-4de6-b01e-7a1b093149b1,,,,,,,,,,,,,,,,,Sexton,f010a305-be3f-432a-822f-ff73b83b4ef9,,,,,,5,,14
1630702,Jaden,2022,Jaden Hardy,https://cdn.nba.com/headshots/nba/latest/260x190/1630702.png,c0adeb91-ec4e-44c9-9912-91764a074ea7,,,,,,,,,,,,,,,,,Hardy,b12c859a-b94a-4897-bcfb-c91cb9923db5,,,,,,30,,14
1631222,Jake,2022,Jake LaRavia,https://cdn.nba.com/headshots/nba/latest/260x190/1631222.png,6447dcae-17fc-4e70-b125-bf3d300864f2,,,,,,,,,,,,,,,,,LaRavia,4b6ce63c-e22b-4f4e-83fe-f77b98c3c072,,,,,,14,,14
1642261,Dalton,2024,Dalton Knecht,https://cdn.nba.com/headshots/nba/latest/260x190/1642261.png,c0664b84-0c3c-4f4b-81f6-85d670e28c87,,,,,,,,,,,,,,,,,Knecht,e6e92e91-785b-4e7d-b9db-38f59c842099,,,,,,14,,14
1643418,Cameron,2026,Cameron Carr,,70cd2bff-2e58-4a4d-ba94-7c0364d2e324,,,,,,,,,,,,,,,,,Carr,,,,,,,,,14
1626172,Kevon,2015,Kevon Looney,https://cdn.nba.com/headshots/nba/latest/260x190/1626172.png,48ad9b48-00df-4c8e-a91f-085e731f3839,,,,,,,,,,,,,,,,,Looney,54a86e3a-741a-4a03-9f5f-d5cf21cb5953,,,,,,19,,14
1630533,,,,https://cdn.nba.com/headshots/nba/latest/260x190/1630533.png,,,,,,,,,,,,,,,,,,,,,,,,,,,14
1642355,Bronny,2024,Bronny James,https://cdn.nba.com/headshots/nba/latest/260x190/1642355.png,a2abd379-01b4-4285-8f38-f454491ea507,,,,,,,,,,,,,,,,,James,11e0a06d-924d-4f38-9037-21786e3cee90,,,,,,14,,14
1642876,Adou,2025,Adou Thiero,https://cdn.nba.com/headshots/nba/latest/260x190/1642876.png,475135c8-e914-4861-b03b-dd2fad5f696a,,,,,,,,,,,,,,,,,Thiero,d765965e-d5d9-4435-85e4-c5bba2cb080d,,,,,,14,,14
1643024,Chris,2025,Chris Mañon,https://cdn.nba.com/headshots/nba/latest/260x190/1643024.png,a0ff60a5-8459-499b-8da7-b17f3603c39e,,,,,,,,,,,,,,,,,Mañon,7453ee7f-7cdd-486c-bde0-39a666ac96dc,,,,,,,,14
203924,Jerami,2014,Jerami Grant,https://cdn.nba.com/headshots/nba/latest/260x190/203924.png,464d1c3a-2f22-4787-9048-fc144c018297,,,,,,,,,,,,,,,,,Grant,627d9722-d436-4ba9-96fe-96aa661c725f,,,,,,25,,15
203484,Kentavious,2013,Kentavious Caldwell-Pope,https://cdn.nba.com/headshots/nba/latest/260x190/203484.png,6c180416-abf5-4a13-94c2-9942597c86e3,,,,,,,,,,,,,,,,,Caldwell-Pope,9669aaec-f419-428f-9be0-376d3b9ae3da,,,,,,15,,15
1630191,Isaiah,2020,Isaiah Stewart,https://cdn.nba.com/headshots/nba/latest/260x190/1630191.png,fdd06200-e2ce-4694-aba9-294b9852de9f,,,,,,,,,,,,,,,,,Stewart,1ac2b265-ad5f-4ebb-b109-1d1353d7f765,,,,,,9,,15
1643409,Cameron,2026,Cameron Boozer,,f8e9562a-4398-4954-a01e-c28040e4a971,,,,,,,,,,,,,,,,,Boozer,,,,,,,,,15
1629660,Ty,2019,Ty Jerome,https://cdn.nba.com/headshots/nba/latest/260x190/1629660.png,0a649ec6-3e66-487f-a08f-45b4fad2bdb2,,,,,,,,,,,,,,,,,Jerome,bf685eb0-a119-4237-8799-85e15d196193,,,,,,15,,15
1642366,Quinten,2024,Quinten Post,https://cdn.nba.com/headshots/nba/latest/260x190/1642366.png,0eb5f4a1-c40d-42b0-a63f-401ce81abff0,,,,,,,,,,,,,,,,,Post,f38510c0-916c-40a1-9efe-4fe55eed6277,,,,,,10,,15
1641707,Taylor,2023,Taylor Hendricks,https://cdn.nba.com/headshots/nba/latest/260x190/1641707.png,e24b492d-1d6d-4c05-aac8-a2b54d5b197a,,,,,,,,,,,,,,,,,Hendricks,bcc0cfbd-ddc8-486a-a7cd-756ac311e44b,,,,,,15,,15
1641744,Zach,2024,Zach Edey,https://cdn.nba.com/headshots/nba/latest/260x190/1641744.png,eac9a9d9-a347-40f2-8d91-711509e63545,,,,,,,,,,,,,,,,,Edey,d8b156db-e6b3-4369-ab3d-1d2f71fa1a72,,,,,,15,,15
1642907,Cedric,2025,Cedric Coward,https://cdn.nba.com/headshots/nba/latest/260x190/1642907.png,5a182f88-005b-48ca-99f3-b1b58d562ae0,,,,,,,,,,,,,,,,,Coward,e4463827-3c2f-45c4-b2b6-2d65061c49ce,,,,,,15,,15
1626156,D'Angelo,2015,D'Angelo Russell,https://cdn.nba.com/headshots/nba/latest/260x190/1626156.png,3019f5a3-7ec4-4c6f-b161-9ec1a4f12c6f,,,,,,,,,,,,,,,,,Russell,402f8a42-650a-47d9-bd08-ac295754c957,,,,,,30,,15
1631200,Kris,2023,Kris Murray,https://cdn.nba.com/headshots/nba/latest/260x190/1631200.png,6d7d692f-6fca-4718-9dae-823648e8a5d3,,,,,,,,,,,,,,,,,Murray,b841eeb7-de84-48b6-91fb-2813c66d2a3c,,,,,,25,,15
1642383,Walter,2025,Walter Clayton Jr.,https://cdn.nba.com/headshots/nba/latest/260x190/1642383.png,588cefb4-75c0-42f0-a5cc-4f2a2a2c3647,,,,,,,,,,,,,,,,,Clayton Jr.,5d137a34-8354-4f6b-a9cc-5fa296b936f5,,,,,,15,,15
201959,Taj,2009,Taj Gibson,https://cdn.nba.com/headshots/nba/latest/260x190/201959.png,abc0f736-333d-4263-bccb-a74749fd9064,,,,,,,,,,,,,,,,,Gibson,4632fe09-9376-46ec-9a20-19bc2d275a8d,,,,,,15,,15
1630175,,,,https://cdn.nba.com/headshots/nba/latest/260x190/1630175.png,,,,,,,,,,,,,,,,,,,,,,,,,,,15
1642358,AJ,2024,AJ Johnson,https://cdn.nba.com/headshots/nba/latest/260x190/1642358.png,7f2ceb06-1322-475d-a35a-3193f0a1690a,,,,,,,,,,,,,,,,,Johnson,2d648bb7-46c6-40d8-adc8-6c291421675d,,,,,,7,,15
1630590,Scotty,2022,Scotty Pippen Jr.,https://cdn.nba.com/headshots/nba/latest/260x190/1630590.png,a2a1afae-f934-4d97-addd-5e09aebb7da1,,,,,,,,,,,,,,,,,Pippen Jr.,97421783-2237-45b2-b0cd-c6713df788a1,,,,,,15,,15
1642285,Cam,2024,Cam Spencer,https://cdn.nba.com/headshots/nba/latest/260x190/1642285.png,70d868d9-754c-493f-bfdd-e50713aa22a6,,,,,,,,,,,,,,,,,Spencer,d20b5bde-e6cd-4872-b2ab-75005b6f8bed,,,,,,15,,15
1641713,GG,2023,GG Jackson,https://cdn.nba.com/headshots/nba/latest/260x190/1641713.png,a398541d-d7b0-4c43-b239-410022d2af79,,,,,,,,,,,,,,,,,Jackson,13f5260a-d81a-40ac-b2d5-42aececb5c5a,,,,,,15,,15
1642377,Jaylen,2024,Jaylen Wells,https://cdn.nba.com/headshots/nba/latest/260x190/1642377.png,ce9b38f5-2d80-4d8f-aeb4-3bbc2e5fa42b,,,,,,,,,,,,,,,,,Wells,f42c441f-0c48-467f-b0df-287c51d6b6f2,,,,,,15,,15
1629603,,,,https://cdn.nba.com/headshots/nba/latest/260x190/1629603.png,,,,,,,,,,,,,,,,,,,,,,,,,,,15
1642914,Javon,2025,Javon Small,https://cdn.nba.com/headshots/nba/latest/260x190/1642914.png,7a3cdf13-0f2a-44b2-a099-a3d78b5feacf,,,,,,,,,,,,,,,,,Small,3d81cf68-707d-4f09-8d88-8735734c281f,,,,,,15,,15
1642942,Jahmai,2025,Jahmai Mashack,,2b6e96cb-4faa-4956-b056-bde60c93ecc1,,,,,,,,,,,,,,,,,Mashack,c977bf55-545f-45bf-8f00-2db8a93f8dbf,,,,,,15,,15
203507,Giannis,2013,Giannis Antetokounmpo,https://cdn.nba.com/headshots/nba/latest/260x190/203507.png,355c7668-6dd5-4cd4-9d3b-377aeca144cf,,,,,,,,,,,,,,,,,Antetokounmpo,b6bfecbf-6731-4af6-8d09-893c585509d4,,,,,,17,,16
1628389,Bam,2017,Bam Adebayo,https://cdn.nba.com/headshots/nba/latest/260x190/1628389.png,36b47b45-db00-4ab5-aa73-7fe4e13af21c,,,,,,,,,,,,,,,,,Adebayo,eee8c4dc-1723-41c9-9402-5d6f22ad0722,,,,,,16,,16
203952,Andrew,2014,Andrew Wiggins,https://cdn.nba.com/headshots/nba/latest/260x190/203952.png,62b55914-7058-408c-954f-1f25df8929b1,,,,,,,,,,,,,,,,,Wiggins,f64d49d4-5022-40d9-aa0a-46f9ed4fb6cf,,,,,,16,,16
1631107,Nikola,2022,Nikola Jović,https://cdn.nba.com/headshots/nba/latest/260x190/1631107.png,906d94b5-7781-47cf-82a8-33b6c1ce664f,,,,,,,,,,,,,,,,,Jović,9479532e-7ae7-4e14-9068-0db914596f25,,,,,,16,,16
1626171,Bobby,2015,Bobby Portis,https://cdn.nba.com/headshots/nba/latest/260x190/1626171.png,f5abcd49-1d7a-47fa-bfc8-f0cc4a8aab15,,,,,,,,,,,,,,,,,Portis,13563546-4589-4eee-81e3-cf8502e15012,,,,,,17,,16
1630558,Davion,2021,Davion Mitchell,https://cdn.nba.com/headshots/nba/latest/260x190/1630558.png,740d0188-d628-44ff-a274-80791b304e53,,,,,,,,,,,,,,,,,Mitchell,3984b8cb-6332-41d4-b259-cd631452097e,,,,,,16,,16
203501,Tim,2013,Tim Hardaway Jr.,https://cdn.nba.com/headshots/nba/latest/260x190/203501.png,42db18b1-3262-4328-b641-b75ee2654652,,,,,,,,,,,,,,,,,Hardaway Jr.,77309f84-a051-4c9a-8f4e-a51a5356c38b,,,,,,8,,16
1630696,Dru,2022,Dru Smith,https://cdn.nba.com/headshots/nba/latest/260x190/1630696.png,a3666025-1326-4524-9831-1321bf9d3dd5,,,,,,,,,,,,,,,,,Smith,6029ab31-b6c9-4b89-9abd-b1445960832f,,,,,,16,,16
1642066,Myron,2025,Myron Gardner,https://cdn.nba.com/headshots/nba/latest/260x190/1642066.png,00e4b2a0-edfd-4156-9d2a-c6945fad7826,,,,,,,,,,,,,,,,,Gardner,1bd5340b-83bd-4857-9d37-d9affbf5cd72,,,,,,16,,16
202692,Alec,2011,Alec Burks,https://cdn.nba.com/headshots/nba/latest/260x190/202692.png,,,,,,,,,,,,,,,,,,Burks,,,,,,,,2024,16
1631211,Trevor,2022,Trevor Keels,https://cdn.nba.com/headshots/nba/latest/260x190/1631211.png,,,,,,,,,,,,,,,,,,Keels,,,,,,,,2026,16
1642443,Jahmir,2024,Jahmir Young,https://cdn.nba.com/headshots/nba/latest/260x190/1642443.png,,,,,,,,,,,,,,,,,,Young,,,,,,,,2026,16
2548,Dwyane,2003,Dwyane Wade,https://cdn.nba.com/headshots/nba/latest/260x190/2548.png,,,,,,,,,,,,,,,,,,Wade,,,,,,,,2018,16
1642352,Keshad,2024,Keshad Johnson,https://cdn.nba.com/headshots/nba/latest/260x190/1642352.png,,,,,,,,,,,,,,,,,,Johnson,,,,,,,,2026,16
2617,Udonis,2003,Udonis Haslem,https://cdn.nba.com/headshots/nba/latest/260x190/2617.png,,,,,,,,,,,,,,,,,,Haslem,,,,,,,,2022,16
1631323,Simone,2022,Simone Fontecchio,https://cdn.nba.com/headshots/nba/latest/260x190/1631323.png,8de7f548-dfba-4edc-a94c-6b164bc3d7f6,,,,,,,,,,,,,,,,,Fontecchio,a36403dc-a90b-4731-89b5-a5ca984fb15f,,,,,,16,,16
1626175,Jordan,2015,Jordan Mickey,https://cdn.nba.com/headshots/nba/latest/260x190/1626175.png,,,,,,,,,,,,,,,,,,Mickey,,,,,,,,2017,16
1630528,Josh,2021,Josh Christopher,https://cdn.nba.com/headshots/nba/latest/260x190/1630528.png,,,,,,,,,,,,,,,,,,Christopher,,,,,,,,2024,16
1641796,Pelle,2024,Pelle Larsson,https://cdn.nba.com/headshots/nba/latest/260x190/1641796.png,c8a1d099-ad68-40c6-884f-c33f0d1a76ce,,,,,,,,,,,,,,,,,Larsson,8dace47c-e337-4afe-a82a-415abc8f49a1,,,,,,16,,16
1642884,Vladislav,2025,Vladislav Goldin,https://cdn.nba.com/headshots/nba/latest/260x190/1642884.png,,,,,,,,,,,,,,,,,,Goldin,,,,,,,,2026,16
1629639,Tyler,2019,Tyler Herro,https://cdn.nba.com/headshots/nba/latest/260x190/1629639.png,47e73c32-59d0-4377-bd3a-c962d5d3df57,,,,,,,,,,,,,,,,,Herro,59a06745-aa51-43c1-87b9-b2c9d767c92a,,,,,,16,,17
1626167,Myles,2015,Myles Turner,https://cdn.nba.com/headshots/nba/latest/260x190/1626167.png,0e681e72-bcbe-4163-89ef-2e8c178c859f,,,,,,,,,,,,,,,,,Turner,7868908b-76fd-4bd9-888b-be78711f8ab2,,,,,,17,,17
203081,,,,https://cdn.nba.com/headshots/nba/latest/260x190/203081.png,,,,,,,,,,,,,,,,,,,,,,,,,,,17|25
1628398,Kyle,2017,Kyle Kuzma,https://cdn.nba.com/headshots/nba/latest/260x190/1628398.png,a463f40f-df11-464d-8ff6-f3a2b18fda0c,,,,,,,,,,,,,,,,,Kuzma,2a12b48f-ad33-4e12-bb02-b1d6337cea3a,,,,,,17,,17
1631172,Ousmane,2022,Ousmane Dieng,https://cdn.nba.com/headshots/nba/latest/260x190/1631172.png,a74c2a5b-d7e9-43ed-9990-0a933994cf23,,,,,,,,,,,,,,,,,Dieng,41d9bde7-88ad-43a7-a09b-f1feafa98d88,,,,,,17,2026,17
1627747,Caris,2016,Caris LeVert,https://cdn.nba.com/headshots/nba/latest/260x190/1627747.png,981793ac-5628-44a0-a345-bd4288fd4290,,,,,,,,,,,,,,,,,LeVert,8ee5d4c0-c70d-4bac-80ca-1ac99b5853aa,,,,,,9,,17
1631260,AJ,2022,AJ Green,https://cdn.nba.com/headshots/nba/latest/260x190/1631260.png,65ee9abd-466a-438b-bdb3-e263db21be83,,,,,,,,,,,,,,,,,Green,9e1050ff-b002-47af-b8a2-82b615efc897,,,,,,17,,17
1643415,Brayden,2026,Brayden Burries,,b203c500-fcd1-41e2-88a4-c1af2cebede2,,,,,,,,,,,,,,,,,Burries,,,,,,,,,17
1631170,Jaime,2023,Jaime Jaquez Jr.,https://cdn.nba.com/headshots/nba/latest/260x190/1631170.png,df337c1a-f1bc-4cd3-afc4-a704753a6dff,,,,,,,,,,,,,,,,,Jaquez Jr.,d33da60c-a858-4741-8573-df4ec1fadbc9,,,,,,16,,17
1643417,Nate,2026,Nate Ament,,6b83c28a-0d77-4b83-b5a0-26745e691611,,,,,,,,,,,,,,,,,Ament,,,,,,,,,17
1629645,Kevin,2019,Kevin Porter Jr.,https://cdn.nba.com/headshots/nba/latest/260x190/1629645.png,ead5f387-aecf-43bf-859c-0c4cc61a2c2d,,,,,,,,,,,,,,,,,Porter Jr.,6829730b-4972-4def-81f3-54a99cadfb20,,,,,,17,,17
1642276,Kel'el,2024,Kel'el Ware,https://cdn.nba.com/headshots/nba/latest/260x190/1642276.png,c39ac90c-8fc3-49e1-a90a-2e717bdc2cea,,,,,,,,,,,,,,,,,Ware,d8e03d58-1cb5-4253-be7f-a4930371b8ce,,,,,,16,,17
1631157,Ryan,2022,Ryan Rollins,https://cdn.nba.com/headshots/nba/latest/260x190/1631157.png,6a6343a9-9e04-403c-89dd-a100dd6654f3,,,,,,,,,,,,,,,,,Rollins,84a24928-f042-4bf3-87b2-a11dedbef492,,,,,,17,,17
1642857,Kasparas,2025,Kasparas Jakučionis,https://cdn.nba.com/headshots/nba/latest/260x190/1642857.png,a997581a-39af-48d5-b834-bbd11823d225,,,,,,,,,,,,,,,,,Jakučionis,0a9f1873-0f40-4ecf-9b83-1b9d67d41cec,,,,,,16,,17
1630579,Jericho,2021,Jericho Sims,https://cdn.nba.com/headshots/nba/latest/260x190/1630579.png,bda2980b-0ebe-4a99-802a-2bd519565523,,,,,,,,,,,,,,,,,Sims,3c437e42-3b88-4caa-a578-a5eebf901cff,,,,,,17,,17
1631250,Pete,2023,Pete Nance,https://cdn.nba.com/headshots/nba/latest/260x190/1631250.png,ef9ee0e3-07a7-4194-b20f-27b30d2d102e,,,,,,,,,,,,,,,,,Nance,00b89194-b951-422b-a369-47cf6809159c,,,,,,17,,17
1630560,Cam,2021,Cam Thomas,https://cdn.nba.com/headshots/nba/latest/260x190/1630560.png,,,,,,,,,,,,,,,,,,Thomas,,,,,,,,2025,17
203648,Thanasis,2015,Thanasis Antetokounmpo,https://cdn.nba.com/headshots/nba/latest/260x190/203648.png,,,,,,,,,,,,,,,,,,Antetokounmpo,,,,,,,,2026,17
1641748,Andre,2023,Andre Jackson Jr.,https://cdn.nba.com/headshots/nba/latest/260x190/1641748.png,,,,,,,,,,,,,,,,,,Jackson Jr.,,,,,,,,2026,17
1630828,Alex,2025,Alex Antetokounmpo,https://cdn.nba.com/headshots/nba/latest/260x190/1630828.png,,,,,,,,,,,,,,,,,,Antetokounmpo,,,,,,,,2026,17
1642881,Bogoljub,2026,Bogoljub Marković,,8c678f09-0ae1-4866-9dbe-3a77ca20f628,,,,,,,,,,,,,,,,,Marković,,,,,,,,,17
203995,,,,https://cdn.nba.com/headshots/nba/latest/260x190/203995.png,,,,,,,,,,,,,,,,,,,,,,,,,,,17
1642504,Cormac,2025,Cormac Ryan,https://cdn.nba.com/headshots/nba/latest/260x190/1642504.png,8466d94c-3d9a-4b44-9b61-0af11756e72d,,,,,,,,,,,,,,,,,Ryan,89d85259-e451-404b-9553-bd790d603ab0,,,,,,17,,17
1629018,Gary,2018,Gary Trent Jr.,,51724413-a58f-4c04-ac02-fc8cc2810828,,,,,,,,,,,,,,,,,Trent Jr.,b5e53e8a-f409-4805-89f2-381ff09a69e7,,,,,,17,,17
1630162,Anthony,2020,Anthony Edwards,https://cdn.nba.com/headshots/nba/latest/260x190/1630162.png,b2be1016-4930-47f6-85a5-d8514a416333,,,,,,,,,,,,,,,,,Edwards,099e1db3-7868-472d-acb3-a3f932ce6279,,,,,,,,18
1630163,LaMelo,2020,LaMelo Ball,https://cdn.nba.com/headshots/nba/latest/260x190/1630163.png,f19e68cf-3d79-4ac5-894e-fe5b7109654e,,,,,,,,,,,,,,,,,Ball,1d2281f1-1aaf-4b97-a11e-459f963512bc,,,,,,4,,18
203497,Rudy,2013,Rudy Gobert,https://cdn.nba.com/headshots/nba/latest/260x190/203497.png,75aaa2f9-6e90-4439-b416-4cc9886eb6d8,,,,,,,,,,,,,,,,,Gobert,12dbc655-5cf9-465d-80da-52f0a6b9dde8,,,,,,,,18
202323,Evan,2010,Evan Turner,https://cdn.nba.com/headshots/nba/latest/260x190/202323.png,,,,,,,,,,,,,,,,,,Turner,,,,,,,,2019,18
1630183,Jaden,2020,Jaden McDaniels,https://cdn.nba.com/headshots/nba/latest/260x190/1630183.png,14ceaa28-d130-46c1-b98c-9d5c771a2307,,,,,,,,,,,,,,,,,McDaniels,376773b9-9546-4b13-8c6c-299f364f3a99,,,,,,,,18
1630182,Josh,2020,Josh Green,https://cdn.nba.com/headshots/nba/latest/260x190/1630182.png,3c6b6662-9cf1-4377-892e-012be736ddbf,,,,,,,,,,,,,,,,,Green,ef04f725-1735-43a8-b039-b27d4f5a8545,,,,,,4,,18
1630245,Ayo,2021,Ayo Dosunmu,https://cdn.nba.com/headshots/nba/latest/260x190/1630245.png,78a8b2c0-005f-4228-a3ee-c42853d27e0e,,,,,,,,,,,,,,,,,Dosunmu,ab0bafaa-89da-4596-9713-d67e461cb5dd,,,,,,18,2026,18
1628978,Donte,2018,Donte DiVincenzo,https://cdn.nba.com/headshots/nba/latest/260x190/1628978.png,b4aa8ad6-4049-4b70-80b4-b997872b321c,,,,,,,,,,,,,,,,,DiVincenzo,55b477c5-a016-4425-bb56-370d546286c9,,,,,,,,18
1642866,Joan,2025,Joan Beringer,https://cdn.nba.com/headshots/nba/latest/260x190/1642866.png,6b799362-308c-486f-a328-147b81c6ce75,,,,,,,,,,,,,,,,,Beringer,3797f8ba-4963-4758-b06f-85e7fea30a75,,,,,,,,18
1641740,Jaylen,2023,Jaylen Clark,https://cdn.nba.com/headshots/nba/latest/260x190/1641740.png,4e322157-10c9-402e-89af-08391156f48b,,,,,,,,,,,,,,,,,Clark,1e12731f-7ecd-4f81-bc0e-e564a74638ef,,,,,,18,,18
1630538,Bones,2021,Bones Hyland,https://cdn.nba.com/headshots/nba/latest/260x190/1630538.png,fe85ddbd-d57a-4178-8a47-b08101a785a0,,,,,,,,,,,,,,,,,Hyland,a0fe9004-0fd3-49d2-b2e0-77b1dde158d5,,,,,,18,,18
1630545,Terrence,2024,Terrence Shannon Jr.,https://cdn.nba.com/headshots/nba/latest/260x190/1630545.png,7587c53b-85e4-484e-bafa-ac4681e55b55,,,,,,,,,,,,,,,,,Shannon Jr.,6f2514e6-0dc5-4d90-854b-b54c07f49eb0,,,,,,,,18
1641763,Julian,2023,Julian Phillips,https://cdn.nba.com/headshots/nba/latest/260x190/1641763.png,,,,,,,,,,,,,,,,,,Phillips,,,,,,,,2026,18
1626168,Trey,2015,Trey Lyles,https://cdn.nba.com/headshots/nba/latest/260x190/1626168.png,4fec1c4d-7786-4fce-b337-2dcb4aaf29e2,,,,,,,,,,,,,,,,,Lyles,07bfe82c-a184-43a5-ae05-0eaef71c1ca8,,,,,,26,,18
204060,Joe,2014,Joe Ingles,https://cdn.nba.com/headshots/nba/latest/260x190/204060.png,,,,,,,,,,,,,,,,,,Ingles,,,,,,,,2025,18
203085,Austin,2012,Austin Rivers,https://cdn.nba.com/headshots/nba/latest/260x190/203085.png,,,,,,,,,,,,,,,,,,Rivers,,,,,,,,2022,18
202328,Greg,2010,Greg Monroe,https://cdn.nba.com/headshots/nba/latest/260x190/202328.png,,,,,,,,,,,,,,,,,,Monroe,,,,,,,,2021,18
201166,Aaron,2007,Aaron Brooks,https://cdn.nba.com/headshots/nba/latest/260x190/201166.png,,,,,,,,,,,,,,,,,,Brooks,,,,,,,,2017,18
1642402,Enrique,2024,Enrique Freeman,https://cdn.nba.com/headshots/nba/latest/260x190/1642402.png,53c47b87-8edb-40c4-a312-ec72bf2bb59d,,,,,,,,,,,,,,,,,Freeman,369ad804-50df-4320-b02b-9363b97c7038,,,,,,,2026,18
1642389,Zyon,2024,Zyon Pullin,https://cdn.nba.com/headshots/nba/latest/260x190/1642389.png,674b678c-183f-4eb3-856f-c6b55fb212d2,,,,,,,,,,,,,,,,,Pullin,a4068965-d195-4893-a865-f077ec564c27,,,,,,18,,18
1642911,Rocco,2025,Rocco Zikarsky,https://cdn.nba.com/headshots/nba/latest/260x190/1642911.png,35a2c4f7-936d-4472-ab8c-67e2b8c5acfb,,,,,,,,,,,,,,,,,Zikarsky,7c9224f8-246d-4c7e-8e43-e278637ad9f1,,,,,,18,,18
1629627,Zion,2019,Zion Williamson,https://cdn.nba.com/headshots/nba/latest/260x190/1629627.png,d1e2b9f3-ff9b-4a0e-8142-57817b9fd664,,,,,,,,,,,,,,,,,Williamson,babc6898-aee3-4f99-981f-c3c659ac04d9,,,,,,19,,19
1629673,Jordan,2019,Jordan Poole,https://cdn.nba.com/headshots/nba/latest/260x190/1629673.png,a4dea213-e14a-4165-be92-6cec284b10e4,,,,,,,,,,,,,,,,,Poole,1ea15d9e-1b23-4c1c-81b5-3da28165a8cd,,,,,,19,,19
1627749,Dejounte,2016,Dejounte Murray,https://cdn.nba.com/headshots/nba/latest/260x190/1627749.png,7e57937e-7888-48cc-8cbd-d1fd5bcb93ab,,,,,,,,,,,,,,,,,Murray,0cb61162-3609-49e2-8892-fb47f8f93005,,,,,,19,,19
1630530,Trey,2021,Trey Murphy III,https://cdn.nba.com/headshots/nba/latest/260x190/1630530.png,1552950a-29a0-4c6f-8e95-107326aa812e,,,,,,,,,,,,,,,,,Murphy III,5ee37a89-0dc2-4897-bde9-d36e1e4ca287,,,,,,19,,19
1630529,Herbert,2021,Herbert Jones,https://cdn.nba.com/headshots/nba/latest/260x190/1630529.png,4d5e3720-850e-4d4c-9d27-d8eba8a7a565,,,,,,,,,,,,,,,,,Jones,19df8b16-edf0-490b-a8a7-da080ff97f34,,,,,,19,,19
1642847,Jeremiah,2025,Jeremiah Fears,https://cdn.nba.com/headshots/nba/latest/260x190/1642847.png,e5794f03-da8a-44f4-94bf-dff4503f0c5b,,,,,,,,,,,,,,,,,Fears,a6ef5b2f-7548-4361-b2b6-a7b19cf6e5d2,,,,,,19,,19
1641722,Jordan,2023,Jordan Hawkins,https://cdn.nba.com/headshots/nba/latest/260x190/1641722.png,f85b81cd-e8f6-47c3-88f2-7b109126fb33,,,,,,,,,,,,,,,,,Hawkins,709e095d-845f-4aea-b2ed-9fc01708ccd2,,,,,,19,,19
1630180,Saddiq,2020,Saddiq Bey,https://cdn.nba.com/headshots/nba/latest/260x190/1630180.png,1fd16a8e-ab4e-4c5b-a48e-2a9948f45a4b,,,,,,,,,,,,,,,,,Bey,956ac299-ac53-437c-8b1b-e091522fc08f,,,,,,19,,19
1642852,Derik,2025,Derik Queen,https://cdn.nba.com/headshots/nba/latest/260x190/1642852.png,4797b64a-8096-4478-9959-01e9f20918e6,,,,,,,,,,,,,,,,,Queen,e67da216-8a57-4abc-bf4f-ca3b7b0fd194,,,,,,19,,19
1626195,Willy,2016,Willy Hernangomez,https://cdn.nba.com/headshots/nba/latest/260x190/1626195.png,,,,,,,,,,,,,,,,,,Hernangomez,,,,,,,,2022,19
201599,DeAndre,2008,DeAndre Jordan,https://cdn.nba.com/headshots/nba/latest/260x190/201599.png,290d85d9-19fb-421f-ad6b-c8f1c8a9273d,,,,,,,,,,,,,,,,,Jordan,9581d4ed-d10d-47b9-9efe-2c2611bc8197,,,,,,19,,19
1642274,Yves,2024,Yves Missi,https://cdn.nba.com/headshots/nba/latest/260x190/1642274.png,986e362d-3459-4e4b-b5af-d820e18159c7,,,,,,,,,,,,,,,,,Missi,7d05f917-ad04-4522-9d66-e98ddac64874,,,,,,19,,19
1631121,Bryce,2022,Bryce McGowens,https://cdn.nba.com/headshots/nba/latest/260x190/1631121.png,280f0398-827f-4eb0-bf51-8f33d1b83e57,,,,,,,,,,,,,,,,,McGowens,afcd3381-0210-4ab4-ba81-ccceaddcded7,,,,,,19,,19
203503,Tony,2013,Tony Snell,https://cdn.nba.com/headshots/nba/latest/260x190/203503.png,,,,,,,,,,,,,,,,,,Snell,,,,,,,,2021,19
203901,Elfrid,2014,Elfrid Payton,https://cdn.nba.com/headshots/nba/latest/260x190/203901.png,,,,,,,,,,,,,,,,,,Payton,,,,,,,,2024,19
1630527,Brandon,2021,Brandon Boston,https://cdn.nba.com/headshots/nba/latest/260x190/1630527.png,,,,,,,,,,,,,,,,,,Boston,,,,,,,,2024,19
1631255,Karlo,2024,Karlo Matković,https://cdn.nba.com/headshots/nba/latest/260x190/1631255.png,fa2c073c-de18-4f2e-aa1d-42fc94857b04,,,,,,,,,,,,,,,,,Matković,73f166c6-5ef4-4e25-b71d-4a0e9eb2e25e,,,,,,19,,19
1629109,Gary,2018,Gary Clark,https://cdn.nba.com/headshots/nba/latest/260x190/1629109.png,,,,,,,,,,,,,,,,,,Clark,,,,,,,,2021,19
1642490,Josh,2025,Josh Oduro,https://cdn.nba.com/headshots/nba/latest/260x190/1642490.png,,,,,,,,,,,,,,,,,,Oduro,,,,,,,,2025,19
1631232,Keion,2024,Keion Brooks Jr.,https://cdn.nba.com/headshots/nba/latest/260x190/1631232.png,,,,,,,,,,,,,,,,,,Brooks Jr.,,,,,,,,2024,19
1629607,Jared,2019,Jared Harper,https://cdn.nba.com/headshots/nba/latest/260x190/1629607.png,,,,,,,,,,,,,,,,,,Harper,,,,,,,,2021,19
203263,James,2013,James Nunnally,https://cdn.nba.com/headshots/nba/latest/260x190/203263.png,,,,,,,,,,,,,,,,,,Nunnally,,,,,,,,2020,19
1642877,Micah,2025,Micah Peavy,https://cdn.nba.com/headshots/nba/latest/260x190/1642877.png,5ef514da-6b2f-4c83-90ac-8c1744e54c00,,,,,,,,,,,,,,,,,Peavy,a7aaf327-8190-4bb7-8660-727137c75ca9,,,,,,19,,19
1630621,Hunter,2025,Hunter Dickinson,https://cdn.nba.com/headshots/nba/latest/260x190/1630621.png,ad0a1ef1-a153-4fbb-8330-f9d1b5140ae5,,,,,,,,,,,,,,,,,Dickinson,ff86debb-a769-435c-b18c-e7033ec9a394,,,,,,,,19
1626157,Karl-Anthony,2015,Karl-Anthony Towns,https://cdn.nba.com/headshots/nba/latest/260x190/1626157.png,eefda3ee-b9b6-4456-928c-817232238d42,,,,,,,,,,,,,,,,,Towns,97859d2e-c113-48b3-baaa-278fe5dd64d2,,,,,,20,,20
1628384,OG,2017,OG Anunoby,https://cdn.nba.com/headshots/nba/latest/260x190/1628384.png,ab8bf5c5-3936-418f-9f71-17ef99812213,,,,,,,,,,,,,,,,,Anunoby,c63f7c43-ad16-4c14-a4ea-40dbb1babc9d,,,,,,20,,20
1628973,Jalen,2018,Jalen Brunson,https://cdn.nba.com/headshots/nba/latest/260x190/1628973.png,1717884c-1f08-4e4e-af36-6610714bec95,,,,,,,,,,,,,,,,,Brunson,bb3dbb6a-7769-4683-adab-b2a09ccd0e6b,,,,,,20,,20
1628969,Mikal,2018,Mikal Bridges,https://cdn.nba.com/headshots/nba/latest/260x190/1628969.png,30eff783-8c69-4360-ae52-d01f76e1ae5f,,,,,,,,,,,,,,,,,Bridges,b0cab057-5792-4394-a6f5-702dd5d6df34,,,,,,20,,20
1628404,Josh,2017,Josh Hart,https://cdn.nba.com/headshots/nba/latest/260x190/1628404.png,cec430b2-56a4-4f86-8704-718a8e4a6b3b,,,,,,,,,,,,,,,,,Hart,048217bb-808e-4c75-8a23-cf5bf754347f,,,,,,20,,20
1629013,Landry,2018,Landry Shamet,https://cdn.nba.com/headshots/nba/latest/260x190/1629013.png,4b4cfaa2-51f4-47e5-9b9e-8ab668307347,,,,,,,,,,,,,,,,,Shamet,c72b5ba9-3b7b-4f2e-81f1-e7d88f3c2489,,,,,,20,,20
1630631,Jose,2021,Jose Alvarado,https://cdn.nba.com/headshots/nba/latest/260x190/1630631.png,2c2e937a-6098-4de8-98fc-ccf91b49e3f8,,,,,,,,,,,,,,,,,Alvarado,e51cdfdb-f369-4357-bf4a-90765f7f0294,,,,,,20,,20
1630540,Miles,2021,Miles McBride,https://cdn.nba.com/headshots/nba/latest/260x190/1630540.png,e9d6a388-7474-46f7-a438-639e6d5144c3,,,,,,,,,,,,,,,,,McBride,427240ac-3344-4a47-a090-409dfc9a9e8a,,,,,,20,,20
1642359,Pacôme,2024,Pacôme Dadiet,https://cdn.nba.com/headshots/nba/latest/260x190/1642359.png,77d2afbf-ffdb-447f-8822-c12842024114,,,,,,,,,,,,,,,,,Dadiet,06daf555-4a72-48bd-a2f0-710b0beee848,,,,,,20,,20
1642885,Mohamed,2025,Mohamed Diawara,https://cdn.nba.com/headshots/nba/latest/260x190/1642885.png,5e8068ee-6f8a-4e94-bba7-870055757a52,,,,,,,,,,,,,,,,,Diawara,94333886-0b35-4e13-bd26-34d521e6cd91,,,,,,20,,20
203083,Andre,2012,Andre Drummond,https://cdn.nba.com/headshots/nba/latest/260x190/203083.png,ca5570af-ae6f-4743-b6c8-0ca394c61761,,,,,,,,,,,,,,,,,Drummond,53994ce5-5da7-4fce-bc05-1fd3150a5297,,,,,,23,,20
1641755,Kevin,2024,Kevin McCullar Jr.,https://cdn.nba.com/headshots/nba/latest/260x190/1641755.png,,,,,,,,,,,,,,,,,,McCullar Jr.,,,,,,,,2026,20
203903,Jordan,2014,Jordan Clarkson,https://cdn.nba.com/headshots/nba/latest/260x190/203903.png,78ac0a06-a3c0-4893-8ced-88a9d0e27ef3,,,,,,,,,,,,,,,,,Clarkson,d0306f2a-c4a4-4fa1-9ca1-0eae17774374,,,,,,20,,20
200782,P.J.,2006,P.J. Tucker,https://cdn.nba.com/headshots/nba/latest/260x190/200782.png,,,,,,,,,,,,,,,,,,Tucker,,,,,,,,2024,20
1631110,Jeremy,2022,Jeremy Sochan,https://cdn.nba.com/headshots/nba/latest/260x190/1631110.png,,,,,,,,,,,,,,,,,,Sochan,,,,,,,,2026,20
1641998,Trey,2023,Trey Jemison III,https://cdn.nba.com/headshots/nba/latest/260x190/1641998.png,,,,,,,,,,,,,,,,,,Jemison III,,,,,,,,2026,20
1642278,Tyler,2024,Tyler Kolek,https://cdn.nba.com/headshots/nba/latest/260x190/1642278.png,1023dba5-de61-4eff-9de9-e4c3312778e8,,,,,,,,,,,,,,,,,Kolek,fd14a959-4378-4ba3-b406-40ab7ea7a785,,,,,,20,,20
1641794,Dillon,2024,Dillon Jones,https://cdn.nba.com/headshots/nba/latest/260x190/1641794.png,,,,,,,,,,,,,,,,,,Jones,,,,,,,,2026,20
1631114,Jalen,2022,Jalen Williams,https://cdn.nba.com/headshots/nba/latest/260x190/1631114.png,4aab24b8-2e9e-43e5-990b-7a016b2c574f,,,,,,,,,,,,,,,,,Williams,ec8a0d6c-301f-4a2d-a91b-36c916f59476,,,,,,21,,21
1631096,Chet,2022,Chet Holmgren,https://cdn.nba.com/headshots/nba/latest/260x190/1631096.png,3756bc67-61a4-4542-a9fe-7261c995aa35,,,,,,,,,,,,,,,,,Holmgren,3e069a1c-05f6-401c-87c5-585ad18d3cf7,,,,,,21,,21
1628983,Shai,2018,Shai Gilgeous-Alexander,https://cdn.nba.com/headshots/nba/latest/260x190/1628983.png,1bfe1986-d340-47b5-a461-b150a861bba6,,,,,,,,,,,,,,,,,Gilgeous-Alexander,fc32cb86-62f4-43e6-a93b-3325a514afb5,,,,,,21,,21
1628392,Isaiah,2018,Isaiah Hartenstein,https://cdn.nba.com/headshots/nba/latest/260x190/1628392.png,8dcf95eb-e8ff-43e7-8bff-9f1a3378468d,,,,,,,,,,,,,,,,,Hartenstein,f4c287ef-18d4-4a77-bf18-b4b29a9810ee,,,,,,21,,21
1627936,Alex,2017,Alex Caruso,https://cdn.nba.com/headshots/nba/latest/260x190/1627936.png,2e738c37-73c5-4bef-b1be-39c56a392661,,,,,,,,,,,,,,,,,Caruso,b158ff5e-c7fc-42eb-9e7c-76c8fd39c1f6,,,,,,21,,21
1629652,Luguentz,2019,Luguentz Dort,https://cdn.nba.com/headshots/nba/latest/260x190/1629652.png,ab8aefb9-1d5b-46c9-9ae4-8e81966a551c,,,,,,,,,,,,,,,,,Dort,39f59824-ba67-4bf7-b8c0-09d640fed0ed,,,,,,21,,21
1631119,Jaylin,2022,Jaylin Williams,https://cdn.nba.com/headshots/nba/latest/260x190/1631119.png,71678427-039d-4cab-9cc1-9b9c69850764,,,,,,,,,,,,,,,,,Williams,8b2c51b9-c129-4152-a1d2-f562930cfcb4,,,,,,21,,21
1641717,Cason,2023,Cason Wallace,https://cdn.nba.com/headshots/nba/latest/260x190/1641717.png,bcbd5ad3-c4b9-42dc-8dfb-e7c3c05226f8,,,,,,,,,,,,,,,,,Wallace,f067d10a-5967-43df-b09c-7a3680620f9d,,,,,,21,,21
1643530,Aday,2026,Aday Mara,,bb3e96cd-fdd2-4676-9c27-000440799577,,,,,,,,,,,,,,,,,Mara,,,,,,,,,21
1642260,Nikola,2024,Nikola Topić,https://cdn.nba.com/headshots/nba/latest/260x190/1642260.png,b993a6aa-13c4-4e8d-896c-a235bbbce143,,,,,,,,,,,,,,,,,Topić,1502af91-8919-4fdd-9155-85812fdcd2d0,,,,,,21,,21
1629026,Kenrich,2018,Kenrich Williams,https://cdn.nba.com/headshots/nba/latest/260x190/1629026.png,3f35fb98-68e7-4583-b805-4ecf213bc802,,,,,,,,,,,,,,,,,Williams,d25baafd-0bdd-4f89-b82c-3d16cbb79c4d,,,,,,21,,21
1642850,Thomas,2025,Thomas Sorber,https://cdn.nba.com/headshots/nba/latest/260x190/1642850.png,605fe676-2357-4145-a7af-751f6fa0a3ba,,,,,,,,,,,,,,,,,Sorber,3a6015f9-93c4-45ff-8f5e-8313d7554632,,,,,,21,,21
1642892,Bennett,2026,Bennett Stirtz,,450dbb3b-64c7-4b81-a2fb-43aa4bdbb3b0,,,,,,,,,,,,,,,,,Stirtz,,,,,,,,,21
1642272,Jared,2024,Jared McCain,https://cdn.nba.com/headshots/nba/latest/260x190/1642272.png,a455cf29-734e-4e23-85d2-e808f249bd33,,,,,,,,,,,,,,,,,McCain,8d3a9822-4ee2-4ebe-8abd-3f6e46ee8ca9,,,,,,21,,21
1642349,Ajay,2024,Ajay Mitchell,https://cdn.nba.com/headshots/nba/latest/260x190/1642349.png,aee0dcb7-eaa7-4ba4-b784-d591d730599e,,,,,,,,,,,,,,,,,Mitchell,4a0f6a17-30b6-47fe-af49-723b894e5bb5,,,,,,21,,21
1642505,Alex,2024,Alex Ducas,https://cdn.nba.com/headshots/nba/latest/260x190/1642505.png,,,,,,,,,,,,,,,,,,Ducas,,,,,,,,2024,21
1642964,Brooks,2025,Brooks Barnhizer,https://cdn.nba.com/headshots/nba/latest/260x190/1642964.png,9a7e899e-48ef-4978-ab35-81e874441f2c,,,,,,,,,,,,,,,,,Barnhizer,791b0d11-d08f-4d69-a9ac-f2a38c23401f,,,,,,,,21
1630532,Franz,2021,Franz Wagner,https://cdn.nba.com/headshots/nba/latest/260x190/1630532.png,278a2014-268e-4b01-9e97-d7d610668211,,,,,,,,,,,,,,,,,Wagner,e32bdc26-3872-42e7-b878-ac7e8403467e,,,,,,22,,22
1631094,Paolo,2022,Paolo Banchero,https://cdn.nba.com/headshots/nba/latest/260x190/1631094.png,d11455e4-45ca-43e2-9eef-aa1f5692008e,,,,,,,,,,,,,,,,,Banchero,91d7c729-2dc8-4b0d-8b5e-7374ee11dd72,,,,,,22,,22
1630217,Desmond,2020,Desmond Bane,https://cdn.nba.com/headshots/nba/latest/260x190/1630217.png,e09116ff-c870-4df6-924d-ed53cb706e7e,,,,,,,,,,,,,,,,,Bane,b63086b3-0c32-4e0f-a910-d57a8dac5073,,,,,,22,,22
1630591,Jalen,2021,Jalen Suggs,https://cdn.nba.com/headshots/nba/latest/260x190/1630591.png,344c9385-3ff3-4739-b1d2-815ac99019bc,,,,,,,,,,,,,,,,,Suggs,0b80845a-b9f9-4058-9747-54d5724a0fe5,,,,,,22,,22
1628976,Wendell,2018,Wendell Carter Jr.,https://cdn.nba.com/headshots/nba/latest/260x190/1628976.png,67ed09a2-c685-4e88-b8ba-15e20ded5527,,,,,,,,,,,,,,,,,Carter Jr.,c964f334-66ee-4f08-b376-f6f239a5199e,,,,,,22,,22
1641710,Anthony,2023,Anthony Black,https://cdn.nba.com/headshots/nba/latest/260x190/1641710.png,af2af139-c02e-40c2-8c58-69cfe72f001a,,,,,,,,,,,,,,,,,Black,1a4b67b8-ca25-4213-8575-eb8ba14f49ae,,,,,,22,,22
1628371,Jonathan,2017,Jonathan Isaac,https://cdn.nba.com/headshots/nba/latest/260x190/1628371.png,a154557a-398a-4d85-ac88-7402df0d3ad3,,,,,,,,,,,,,,,,,Isaac,5bdc2caa-a4c9-4eb7-988b-01298d7a8f65,,,,,,22,,22
1629048,Goga,2019,Goga Bitadze,https://cdn.nba.com/headshots/nba/latest/260x190/1629048.png,8e6d4ef8-e765-470a-b8e4-e6cf5f3453a1,,,,,,,,,,,,,,,,,Bitadze,313c7d27-029c-48f5-8c2b-b493fb8c83e0,,,,,,22,,22
1641724,Jett,2023,Jett Howard,https://cdn.nba.com/headshots/nba/latest/260x190/1641724.png,830d16e0-eccf-476e-b17c-7501894d8ade,,,,,,,,,,,,,,,,,Howard,24b7e753-795a-431b-b381-1608bdf256f4,,,,,,22,2026,22
1641783,Tristan,2024,Tristan da Silva,https://cdn.nba.com/headshots/nba/latest/260x190/1641783.png,26aff130-d575-4dbb-8091-f500e058e18a,,,,,,,,,,,,,,,,,da Silva,7ef89cd3-8f84-4621-afe6-a9f325fb3e66,,,,,,22,,22
1642859,Jase,2025,Jase Richardson,https://cdn.nba.com/headshots/nba/latest/260x190/1642859.png,fb729e80-edca-49e8-8ee2-42a09426c75c,,,,,,,,,,,,,,,,,Richardson,e550d186-902c-448e-a888-1d52fce9b9ec,,,,,,22,,22
1631288,Jamal,2022,Jamal Cain,https://cdn.nba.com/headshots/nba/latest/260x190/1631288.png,52d35976-7e8f-469a-86d8-51671db89f1d,,,,,,,,,,,,,,,,,Cain,d1bbffa8-21d7-4e2a-9905-3aa1d2d56b50,,,,,,22,,22
1628975,Jevon,2018,Jevon Carter,https://cdn.nba.com/headshots/nba/latest/260x190/1628975.png,ad62f965-1183-4442-be7f-9e2cabe617d6,,,,,,,,,,,,,,,,,Carter,1b32171d-2ae3-4044-96e2-cce45bfc9126,,,,,,22,,22
202709,Cory,2011,Cory Joseph,https://cdn.nba.com/headshots/nba/latest/260x190/202709.png,,,,,,,,,,,,,,,,,,Joseph,,,,,,,,2024,22
202696,Nikola,2011,Nikola Vučević,https://cdn.nba.com/headshots/nba/latest/260x190/202696.png,54e33002-b9ea-4eb9-bad7-89a14d05205c,,,,,,,,,,,,,,,,,Vučević,116fa2cd-1bf9-4683-8dda-c5957e5e09d9,,,,,,2,,22
1630243,Trevelin,2021,Trevelin Queen,https://cdn.nba.com/headshots/nba/latest/260x190/1630243.png,,,,,,,,,,,,,,,,,,Queen,,,,,,,,2024,22
1630644,Mac,2021,Mac McClung,https://cdn.nba.com/headshots/nba/latest/260x190/1630644.png,,,,,,,,,,,,,,,,,,McClung,,,,,,,,2025,22
1642869,Noah,2025,Noah Penda,https://cdn.nba.com/headshots/nba/latest/260x190/1642869.png,64b31165-39af-485e-affd-72a550276a2a,,,,,,,,,,,,,,,,,Penda,eb588e9c-6e7c-41be-8aa7-3aefc20025b8,,,,,,22,,22
1631457,Alex,2025,Alex Morales,https://cdn.nba.com/headshots/nba/latest/260x190/1631457.png,e24ee859-63ef-4aff-b7bb-4af9083fd15f,,,,,,,,,,,,,,,,,Morales,9aaf9890-5039-42c6-8bf5-bbc58c0d87b9,,,,,,22,,22
1630658,Colin,2023,Colin Castleton,https://cdn.nba.com/headshots/nba/latest/260x190/1630658.png,37f0a151-12f7-4f15-9b4b-f203cffc6abe,,,,,,,,,,,,,,,,,Castleton,d96eb3e1-1b97-4c1c-93b6-1e9483b91396,,,,,,,,22
203954,Joel,2014,Joel Embiid,https://cdn.nba.com/headshots/nba/latest/260x190/203954.png,cf7b882e-20f0-40ea-ae74-ef5627fd8aba,,,,,,,,,,,,,,,,,Embiid,1c6cce51-765d-4f23-bd5a-55f2f6154ec5,,,,,,23,,23
1627759,Jaylen,2016,Jaylen Brown,https://cdn.nba.com/headshots/nba/latest/260x190/1627759.png,607adcc7-ffd1-44ac-a810-599faf4b3bb3,,,,,,,,,,,,,,,,,Brown,9250daba-da9d-4cb5-97e2-b818faa6525a,,,,,,2,,23
1630178,Tyrese,2020,Tyrese Maxey,https://cdn.nba.com/headshots/nba/latest/260x190/1630178.png,564e98da-7848-4be0-97c5-46496f62f4bb,,,,,,,,,,,,,,,,,Maxey,a696ee40-bc2a-4879-b575-1b5c60ec433b,,,,,,23,,23
1642845,VJ,2025,VJ Edgecombe,https://cdn.nba.com/headshots/nba/latest/260x190/1642845.png,7c0c9654-557a-4257-aa46-28b03feb80ba,,,,,,,,,,,,,,,,,Edgecombe,1ddc9be7-3639-47d3-910b-5457c2fae728,,,,,,23,,23
1629731,Dean,2019,Dean Wade,https://cdn.nba.com/headshots/nba/latest/260x190/1629731.png,f3043e04-b246-4c9b-8aee-11fce95a4e74,,,,,,,,,,,,,,,,,Wade,2979f2f2-5721-4332-8947-c63f95a4b197,,,,,,6,,23
1629014,Anfernee,2018,Anfernee Simons,https://cdn.nba.com/headshots/nba/latest/260x190/1629014.png,7e065193-63f3-49b9-b501-79454224929d,,,,,,,,,,,,,,,,,Simons,2e0cbaa0-5ce1-4007-b11a-a1692d1271b6,,,,,,5,,23
1642889,Labaron,2026,Labaron Philon,,25916066-ca30-42c4-b91b-a3c28c10491c,,,,,,,,,,,,,,,,,Philon,,,,,,,,,23
1631230,Dominick,2022,Dominick Barlow,https://cdn.nba.com/headshots/nba/latest/260x190/1631230.png,7d096743-55f0-481d-977c-31a6b9855de2,,,,,,,,,,,,,,,,,Barlow,dc29a579-0791-4406-b83b-81ee964821e4,,,,,,23,,23
1630574,Ariel,2024,Ariel Hukporti,https://cdn.nba.com/headshots/nba/latest/260x190/1630574.png,e571c176-592d-465b-ad2c-e2438fcbfa51,,,,,,,,,,,,,,,,,Hukporti,a3fa792c-04d7-4c13-8ef9-74aa80ce5df0,,,,,,20,,23
1631207,Dalen,2022,Dalen Terry,https://cdn.nba.com/headshots/nba/latest/260x190/1631207.png,60a69b51-e738-494f-a27c-e8ad6c14d96a,,,,,,,,,,,,,,,,,Terry,c1565036-4095-4e25-bff2-10a54737d73c,,,,,,23,,23
1631133,Jabari,2022,Jabari Walker,https://cdn.nba.com/headshots/nba/latest/260x190/1631133.png,f0d08d71-54e6-40d4-8dbb-95c37ac3f69c,,,,,,,,,,,,,,,,,Walker,fb579262-06c3-4ed6-8f55-8bbd67f9ad9e,,,,,,23,,23
1631213,Tyrese,2022,Tyrese Martin,https://cdn.nba.com/headshots/nba/latest/260x190/1631213.png,,,,,,,,,,,,,,,,,,Martin,,,,,,,,2026,23
1630699,MarJon,2022,MarJon Beauchamp,https://cdn.nba.com/headshots/nba/latest/260x190/1630699.png,,,,,,,,,,,,,,,,,,Beauchamp,,,,,,,,2026,23
1630570,Trendon,2021,Trendon Watford,https://cdn.nba.com/headshots/nba/latest/260x190/1630570.png,c299f390-2be8-45f3-86c4-f18ef7ef78e6,,,,,,,,,,,,,,,,,Watford,cc69ced6-d7ac-46d0-8def-da9942881c6d,,,,,,23,2026,23
1629022,Lonnie,2018,Lonnie Walker IV,https://cdn.nba.com/headshots/nba/latest/260x190/1629022.png,,,,,,,,,,,,,,,,,,Walker IV,,,,,,,,2024,23
200768,Kyle,2006,Kyle Lowry,https://cdn.nba.com/headshots/nba/latest/260x190/200768.png,,,,,,,,,,,,,,,,,,Lowry,,,,,,,,2026,23
1642348,Justin,2024,Justin Edwards,https://cdn.nba.com/headshots/nba/latest/260x190/1642348.png,6e9290fd-c1f8-412b-97da-ae4b9a09b2fa,,,,,,,,,,,,,,,,,Edwards,26e2b155-28da-47db-8ce1-b31d2990f37c,,,,,,23,,23
1641737,Adem,2024,Adem Bona,https://cdn.nba.com/headshots/nba/latest/260x190/1641737.png,33f2c243-102e-43c8-83cc-ae6044fa605c,,,,,,,,,,,,,,,,,Bona,6f99df30-b63d-4699-8a17-cfd960f54b89,,,,,,23,,23
1641720,Jalen,2023,Jalen Hood-Schifino,https://cdn.nba.com/headshots/nba/latest/260x190/1641720.png,,,,,,,,,,,,,,,,,,Hood-Schifino,,,,,,,,2024,23
1630288,Jeff,2021,Jeff Dowtin Jr.,https://cdn.nba.com/headshots/nba/latest/260x190/1630288.png,,,,,,,,,,,,,,,,,,Dowtin Jr.,,,,,,,,2024,23
1641780,Johni,2025,Johni Broome,https://cdn.nba.com/headshots/nba/latest/260x190/1641780.png,64a228f7-2628-424e-b185-0921bcf6511f,,,,,,,,,,,,,,,,,Broome,1241902d-97de-49a7-ae62-41ae0ceeebc6,,,,,,23,,23
1641712,Rayan,2023,Rayan Rupert,https://cdn.nba.com/headshots/nba/latest/260x190/1641712.png,9602ea01-e68f-4530-89f2-5cc1511d99f6,,,,,,,,,,,,,,,,,Rupert,32561334-a0f7-4e8c-8c60-f9c60a9bc5a1,,,,,,15,,23|25
1631126,Caleb,2025,Caleb Love,https://cdn.nba.com/headshots/nba/latest/260x190/1631126.png,9cb2cb07-29b4-4c00-bf91-7ac4a374db7d,,,,,,,,,,,,,,,,,Love,17cd20ff-6b5d-4b98-9f66-24086cbf53d5,,,,,,,,23
1626164,Devin,2015,Devin Booker,https://cdn.nba.com/headshots/nba/latest/260x190/1626164.png,dc7e5d16-eb98-4f9b-b0e0-c4090e0390a5,,,,,,,,,,,,,,,,,Booker,11c38846-e327-4e40-a5e4-88974d7f5b3a,,,,,,24,,24
1630224,Jalen,2021,Jalen Green,https://cdn.nba.com/headshots/nba/latest/260x190/1630224.png,02f030c7-460b-4c72-8e2b-d1b788b21a9a,,,,,,,,,,,,,,,,,Green,d4903e5d-5753-4d6b-bd62-74d9be925f58,,,,,,24,,24
1628970,Miles,2018,Miles Bridges,https://cdn.nba.com/headshots/nba/latest/260x190/1628970.png,29135440-0bd8-4a67-b4b0-d2d8e6449a3a,,,,,,,,,,,,,,,,,Bridges,a457b1b7-cc29-4bf6-a5d2-7295ccccfce9,,,,,,4,,24
1628415,Dillon,2017,Dillon Brooks,https://cdn.nba.com/headshots/nba/latest/260x190/1628415.png,57a4cacf-8645-44a8-80ee-c632b85dd307,,,,,,,,,,,,,,,,,Brooks,14954c57-6b91-403f-8fee-974c5194c765,,,,,,24,,24
1631109,Mark,2022,Mark Williams,https://cdn.nba.com/headshots/nba/latest/260x190/1631109.png,61a57174-b69c-4701-a52d-ef6b8a96594d,,,,,,,,,,,,,,,,,Williams,46f3bc01-5ba7-4e78-94bd-79e67bc7eef6,,,,,,24,,24
1631221,Collin,2022,Collin Gillespie,https://cdn.nba.com/headshots/nba/latest/260x190/1631221.png,331dcdff-4f7a-4339-a7f3-f1517977b5d3,,,,,,,,,,,,,,,,,Gillespie,107e9824-c8da-408f-9495-01b7b495ea5d,,,,,,24,,24
1628379,,,,https://cdn.nba.com/headshots/nba/latest/260x190/1628379.png,,,,,,,,,,,,,,,,,,,,,,,,,,,24
1642863,Khaman,2025,Khaman Maluach,https://cdn.nba.com/headshots/nba/latest/260x190/1642863.png,a2e34e4f-f614-44f1-a104-f5d871aa824f,,,,,,,,,,,,,,,,,Maluach,c4350536-86c8-427a-8cf3-9414b269b2b0,,,,,,24,,24
1630692,Jordan,2021,Jordan Goodwin,https://cdn.nba.com/headshots/nba/latest/260x190/1630692.png,94e874f8-ef00-406a-a93c-078e4eb9a16c,,,,,,,,,,,,,,,,,Goodwin,35e285c2-f010-4f89-9be8-c7a09096f53c,,,,,,,,24
1629642,,,,https://cdn.nba.com/headshots/nba/latest/260x190/1629642.png,,,,,,,,,,,,,,,,,,,,,,,,,,,24
1629312,Haywood,2018,Haywood Highsmith,https://cdn.nba.com/headshots/nba/latest/260x190/1629312.png,c5fc9fd5-d021-4d36-a780-448310a264f1,,,,,,,,,,,,,,,,,Highsmith,bfde5536-f0fb-4624-ac48-39c902f569b6,,,,,,24,,24
1643520,Koa,2026,Koa Peat,,514fdeaa-ae75-4c17-8260-9550a302b5a7,,,,,,,,,,,,,,,,,Peat,,,,,,,,,24
1642346,Ryan,2024,Ryan Dunn,https://cdn.nba.com/headshots/nba/latest/260x190/1642346.png,85ddbc1c-3aba-4f45-8b05-d5016e1c0c6d,,,,,,,,,,,,,,,,,Dunn,1c119b44-4b7e-4df0-90ed-9c6beccbc216,,,,,,24,,24
1631123,Jamaree,2022,Jamaree Bouyea,https://cdn.nba.com/headshots/nba/latest/260x190/1631123.png,947a4278-ff61-4b19-b8af-1a0ba679a258,,,,,,,,,,,,,,,,,Bouyea,8cf71a25-9a7c-4c48-8aa3-0c0181e2a495,,,,,,24,,24
201152,Thaddeus,2007,Thaddeus Young,https://cdn.nba.com/headshots/nba/latest/260x190/201152.png,,,,,,,,,,,,,,,,,,Young,,,,,,,,2023,24
1630587,Isaiah,2021,Isaiah Livers,https://cdn.nba.com/headshots/nba/latest/260x190/1630587.png,,,,,,,,,,,,,,,,,,Livers,,,,,,,,2026,24
1630240,Saben,2020,Saben Lee,https://cdn.nba.com/headshots/nba/latest/260x190/1630240.png,,,,,,,,,,,,,,,,,,Lee,,,,,,,,2023,24
1627814,Damion,2017,Damion Lee,https://cdn.nba.com/headshots/nba/latest/260x190/1627814.png,,,,,,,,,,,,,,,,,,Lee,,,,,,,,2024,24
203082,Terrence,2012,Terrence Ross,https://cdn.nba.com/headshots/nba/latest/260x190/203082.png,,,,,,,,,,,,,,,,,,Ross,,,,,,,,2022,24
1629626,Bol,2019,Bol Bol,https://cdn.nba.com/headshots/nba/latest/260x190/1629626.png,,,,,,,,,,,,,,,,,,Bol,,,,,,,,2024,24
1629599,Amir,2019,Amir Coffey,https://cdn.nba.com/headshots/nba/latest/260x190/1629599.png,,,,,,,,,,,,,,,,,,Coffey,,,,,,,,2026,24
202738,Isaiah,2011,Isaiah Thomas,https://cdn.nba.com/headshots/nba/latest/260x190/202738.png,,,,,,,,,,,,,,,,,,Thomas,,,,,,,,2023,24
1642345,Oso,2024,Oso Ighodaro,https://cdn.nba.com/headshots/nba/latest/260x190/1642345.png,8b1b0102-d21c-4012-9b66-f3cc402ec576,,,,,,,,,,,,,,,,,Ighodaro,b79f2eac-d60b-4456-88ba-d52ec886d493,,,,,,24,,24
1628962,Udoka,2020,Udoka Azubuike,https://cdn.nba.com/headshots/nba/latest/260x190/1628962.png,,,,,,,,,,,,,,,,,,Azubuike,,,,,,,,2023,24
1630688,Ish,2021,Ish Wainright,https://cdn.nba.com/headshots/nba/latest/260x190/1630688.png,,,,,,,,,,,,,,,,,,Wainright,,,,,,,,2023,24
1630994,Gabriel,2021,Gabriel Lundberg,,,,,,,,,,,,,,,,,,,Lundberg,,,,,,,,2021,24
1642853,Rasheer,2025,Rasheer Fleming,https://cdn.nba.com/headshots/nba/latest/260x190/1642853.png,b9590205-a786-4d8a-91a4-3b1c62dedc9a,,,,,,,,,,,,,,,,,Fleming,02e07642-2427-43d6-89ed-973297c0ceb2,,,,,,24,,24
1643047,CJ,2025,CJ Huntley,https://cdn.nba.com/headshots/nba/latest/260x190/1643047.png,222259f3-790e-4723-af2b-1d4411230dd1,,,,,,,,,,,,,,,,,Huntley,c959515f-9a50-4bb7-a3d8-11b426bf82dc,,,,,,24,,24
1642886,Koby,2025,Koby Brea,https://cdn.nba.com/headshots/nba/latest/260x190/1642886.png,669a1987-1ee2-4ab5-a7b1-001ceaaff543,,,,,,,,,,,,,,,,,Brea,12460e5c-a2ea-44fa-99f7-61d34b424c90,,,,,,,,24
1629630,Ja,2019,Ja Morant,https://cdn.nba.com/headshots/nba/latest/260x190/1629630.png,8bea4361-ac0d-4239-9938-d42bf1c77963,,,,,,,,,,,,,,,,,Morant,ec6184f6-8765-4258-bd82-57741ea72efe,,,,,,15,,25
201950,Jrue,2009,Jrue Holiday,https://cdn.nba.com/headshots/nba/latest/260x190/201950.png,bf75669d-cea6-45ec-a988-d2a2ff5fc96e,,,,,,,,,,,,,,,,,Holiday,6bd3cad4-d0dc-4e31-a853-8c52be7d8597,,,,,,25,,25
1629680,Matisse,2019,Matisse Thybulle,https://cdn.nba.com/headshots/nba/latest/260x190/1629680.png,,,,,,,,,,,,,,,,,,Thybulle,,,,,,,,2026,25
1631101,Shaedon,2022,Shaedon Sharpe,https://cdn.nba.com/headshots/nba/latest/260x190/1631101.png,a48bd4e1-4117-4a6b-9876-60f8ac43484a,,,,,,,,,,,,,,,,,Sharpe,f3c18dcd-c34c-4cb3-998a-d60b447d63a6,,,,,,25,,25
1641739,Toumani,2023,Toumani Camara,https://cdn.nba.com/headshots/nba/latest/260x190/1641739.png,f834f26a-24c3-498d-9c93-7cd00d1450de,,,,,,,,,,,,,,,,,Camara,bb2395a5-a3eb-42cd-9a1c-e403418c58a2,,,,,,25,,25
1629057,Robert,2018,Robert Williams III,https://cdn.nba.com/headshots/nba/latest/260x190/1629057.png,c1caf5e8-1a84-49ac-9b6d-6189f97bb06d,,,,,,,,,,,,,,,,,Williams III,5eb89cec-1f1a-4825-a63a-e5d4eea8ae2a,,,,,,25,,25
1630703,Scoot,2023,Scoot Henderson,https://cdn.nba.com/headshots/nba/latest/260x190/1630703.png,9e0bccb1-21d8-44ff-adb3-099236c8dc4d,,,,,,,,,,,,,,,,,Henderson,ad5a7543-e3a7-4f18-aaeb-0c57fcce2425,,,,,,25,,25
1630166,Deni,2020,Deni Avdija,https://cdn.nba.com/headshots/nba/latest/260x190/1630166.png,5dff0725-d0b5-4cbd-be20-46aaa1e8301f,,,,,,,,,,,,,,,,,Avdija,edfdb7f1-0419-4903-ba29-7705806f991e,,,,,,25,,25
1642270,Donovan,2024,Donovan Clingan,https://cdn.nba.com/headshots/nba/latest/260x190/1642270.png,1a99aa7b-fb1f-448e-a5c4-66a201f9b033,,,,,,,,,,,,,,,,,Clingan,e610c83d-b097-4e38-b8a7-810c0c914d8a,,,,,,25,,25
1642905,Yang,2025,Yang Hansen,https://cdn.nba.com/headshots/nba/latest/260x190/1642905.png,eba83eb9-882f-4bc4-a175-5e7a367747da,,,,,,,,,,,,,,,,,Hansen,06335576-3e37-42ca-a21a-7c84f1e83238,,,,,,25,,25
1630695,Micah,2021,Micah Potter,https://cdn.nba.com/headshots/nba/latest/260x190/1630695.png,b4f079e0-daf5-454c-81b1-47a11d3cfcba,,,,,,,,,,,,,,,,,Potter,1fba19e4-e779-490a-b3cc-a9e4a3d666e7,,,,,,12,,25
1630249,Vít,2021,Vít Krejčí,https://cdn.nba.com/headshots/nba/latest/260x190/1630249.png,45f691b9-c20a-4d14-805a-fc1c442a212a,,,,,,,,,,,,,,,,,Krejčí,bd2b3a5d-e54a-4e66-9e40-76c1d6afb348,,,,,,25,,25
1631321,Sidy,2023,Sidy Cissoko,https://cdn.nba.com/headshots/nba/latest/260x190/1631321.png,90517848-013c-479e-8c2a-74f7ed8e482e,,,,,,,,,,,,,,,,,Cissoko,79de10d8-3e6a-4c0f-88df-7b383c566627,,,,,,25,,25
1642382,Branden,2024,Branden Carlson,https://cdn.nba.com/headshots/nba/latest/260x190/1642382.png,fabce799-d4cc-4730-ae12-f84eefc57f0c,,,,,,,,,,,,,,,,,Carlson,39cc3f71-db87-4353-8c67-1b28e491fddf,,,,,,,,25
1626178,Rondae,2015,Rondae Hollis-Jefferson,https://cdn.nba.com/headshots/nba/latest/260x190/1626178.png,,,,,,,,,,,,,,,,,,Hollis-Jefferson,,,,,,,,2020,25
1631104,Blake,2022,Blake Wesley,https://cdn.nba.com/headshots/nba/latest/260x190/1631104.png,,,,,,,,,,,,,,,,,,Wesley,,,,,,,,2026,25
203463,Ben,2013,Ben McLemore,https://cdn.nba.com/headshots/nba/latest/260x190/203463.png,,,,,,,,,,,,,,,,,,McLemore,,,,,,,,2021,25
1630204,Ashton,2020,Ashton Hagans,https://cdn.nba.com/headshots/nba/latest/260x190/1630204.png,,,,,,,,,,,,,,,,,,Hagans,,,,,,,,2023,25
1628388,T.J.,2017,T.J. Leaf,https://cdn.nba.com/headshots/nba/latest/260x190/1628388.png,,,,,,,,,,,,,,,,,,Leaf,,,,,,,,2020,25
1629833,Keljin,2020,Keljin Blevins,https://cdn.nba.com/headshots/nba/latest/260x190/1629833.png,,,,,,,,,,,,,,,,,,Blevins,,,,,,,,2021,25
1629712,,,,https://cdn.nba.com/headshots/nba/latest/260x190/1629712.png,,,,,,,,,,,,,,,,,,,,,,,,,,,25
1642959,Chris,2025,Chris Youngblood,https://cdn.nba.com/headshots/nba/latest/260x190/1642959.png,136291f4-cc33-4918-878b-08f5af29da8b,,,,,,,,,,,,,,,,,Youngblood,f341191a-8958-4da6-b136-4f8b125b75f7,,,,,,25,,25
203897,Zach,2014,Zach LaVine,https://cdn.nba.com/headshots/nba/latest/260x190/203897.png,0713b98c-48bb-4611-931c-d75547795319,,,,,,,,,,,,,,,,,LaVine,71a2cb05-0a97-4768-b874-8fa191670546,,,,,,26,,26
1627734,Domantas,2016,Domantas Sabonis,https://cdn.nba.com/headshots/nba/latest/260x190/1627734.png,c9f968a6-94b4-4561-945e-5e4c8420891b,,,,,,,,,,,,,,,,,Sabonis,30b6bb24-05d9-41b9-b4f6-f65e2330167f,,,,,,26,,26
1629631,De'Andre,2019,De'Andre Hunter,https://cdn.nba.com/headshots/nba/latest/260x190/1629631.png,bfca735a-b2fa-4f55-bd9e-e641c9d0810c,,,,,,,,,,,,,,,,,Hunter,ee1ecb67-072f-4bde-8bb9-8fba45579bc0,,,,,,26,,26
1631099,Keegan,2022,Keegan Murray,https://cdn.nba.com/headshots/nba/latest/260x190/1631099.png,8da3098b-054a-4a5e-aae3-80e8e60b87ee,,,,,,,,,,,,,,,,,Murray,4195e9a2-cbd8-4a47-b492-cfb931f0e436,,,,,,26,,26
1628370,Malik,2017,Malik Monk,https://cdn.nba.com/headshots/nba/latest/260x190/1628370.png,18832c5d-d4a4-49a8-87b5-a6a8a535f9d8,,,,,,,,,,,,,,,,,Monk,63f955e6-44de-49e6-ba44-aee62dbf3a4c,,,,,,26,,26
201942,,,,https://cdn.nba.com/headshots/nba/latest/260x190/201942.png,,,,,,,,,,,,,,,,,,,,,,,,,,,26
1643411,Darius,2026,Darius Acuff Jr.,,0acc3dc0-fe42-447e-9056-dff41c6d351d,,,,,,,,,,,,,,,,,Acuff Jr.,,,,,,,,,26
1630173,Precious,2020,Precious Achiuwa,https://cdn.nba.com/headshots/nba/latest/260x190/1630173.png,4a484f0d-60ca-4e9a-a0ad-ef9939d21f61,,,,,,,,,,,,,,,,,Achiuwa,c3f3faf8-bd3f-478e-bcd9-05d84279d769,,,,,,26,,26
1642363,Nique,2025,Nique Clifford,https://cdn.nba.com/headshots/nba/latest/260x190/1642363.png,daa7671e-24d4-4204-96cc-a981a0d1f7b7,,,,,,,,,,,,,,,,,Clifford,c10f3f3e-39ed-4f1e-b6e8-b3fee99d3419,,,,,,26,,26
1642284,Alex,2026,Alex Karaban,,ac01d14f-3e9f-4376-9f8f-7a01f45f6ebd,,,,,,,,,,,,,,,,,Karaban,,,,,,,,,26
203926,Doug,2014,Doug McDermott,https://cdn.nba.com/headshots/nba/latest/260x190/203926.png,,,,,,,,,,,,,,,,,,McDermott,,,,,,,,2025,26
1628365,Markelle,2017,Markelle Fultz,https://cdn.nba.com/headshots/nba/latest/260x190/1628365.png,,,,,,,,,,,,,,,,,,Fultz,,,,,,,,2025,26
1629234,Drew,2018,Drew Eubanks,https://cdn.nba.com/headshots/nba/latest/260x190/1629234.png,,,,,,,,,,,,,,,,,,Eubanks,,,,,,,,2025,26
1630165,Killian,2020,Killian Hayes,https://cdn.nba.com/headshots/nba/latest/260x190/1630165.png,,,,,,,,,,,,,,,,,,Hayes,,,,,,,,2025,26
203109,Jae,2012,Jae Crowder,https://cdn.nba.com/headshots/nba/latest/260x190/203109.png,,,,,,,,,,,,,,,,,,Crowder,,,,,,,,2024,26
1631342,Daeqwon,2024,Daeqwon Plowden,https://cdn.nba.com/headshots/nba/latest/260x190/1631342.png,b43bc8e7-9ccf-4544-981a-d44a01a83b2a,,,,,,,,,,,,,,,,,Plowden,f57cf8e1-1cd8-428f-b30c-e4ac6be8edf9,,,,,,,2026,26
1641815,Isaiah,2024,Isaiah Stevens,https://cdn.nba.com/headshots/nba/latest/260x190/1641815.png,,,,,,,,,,,,,,,,,,Stevens,,,,,,,,2025,26
1631116,Patrick,2022,Patrick Baldwin Jr.,https://cdn.nba.com/headshots/nba/latest/260x190/1631116.png,,,,,,,,,,,,,,,,,,Baldwin Jr.,,,,,,,,2025,26
1630259,Jordan,2023,Jordan Ford,https://cdn.nba.com/headshots/nba/latest/260x190/1630259.png,,,,,,,,,,,,,,,,,,Ford,,,,,,,,2023,26
1630222,Mason,2020,Mason Jones,https://cdn.nba.com/headshots/nba/latest/260x190/1630222.png,,,,,,,,,,,,,,,,,,Jones,,,,,,,,2024,26
1642875,Maxime,2025,Maxime Raynaud,https://cdn.nba.com/headshots/nba/latest/260x190/1642875.png,7a634ccd-78bb-4ab5-af17-91d81a3b4c77,,,,,,,,,,,,,,,,,Raynaud,6cbdd7d9-55da-47a6-9f78-5b21ce6a189a,,,,,,26,,26
1642928,Dylan,2025,Dylan Cardwell,https://cdn.nba.com/headshots/nba/latest/260x190/1642928.png,ed49ef98-9cf2-4d14-9260-55779b946ded,,,,,,,,,,,,,,,,,Cardwell,7213eae2-405d-4898-a0a6-f278e55b77e3,,,,,,26,,26
1641745,Adam,2023,Adam Flagler,https://cdn.nba.com/headshots/nba/latest/260x190/1641745.png,df3f96f7-9ae6-40ff-95b7-84863c316001,,,,,,,,,,,,,,,,,Flagler,b4e15114-b07b-4045-842c-3ec4f953492f,,,,,,,,26
1642367,Jonathan,2024,Jonathan Mogbo,https://cdn.nba.com/headshots/nba/latest/260x190/1642367.png,f55dd1b6-ead2-4c09-b37b-56059edf3005,,,,,,,,,,,,,,,,,Mogbo,ab8cc2ab-4b00-45a7-accd-778ce0c54f8f,,,,,,28,,26
1628368,De'Aaron,2017,De'Aaron Fox,https://cdn.nba.com/headshots/nba/latest/260x190/1628368.png,91fae6e9-1de8-4b07-a63f-de8a8fd7aa51,,,,,,,,,,,,,,,,,Fox,eb4dfbdf-9c61-4c9e-a3a4-b029643bb760,,,,,,27,,27
1630170,Devin,2020,Devin Vassell,https://cdn.nba.com/headshots/nba/latest/260x190/1630170.png,55f52118-847e-4e34-8bd2-341ba1f86369,,,,,,,,,,,,,,,,,Vassell,2f60c293-6a0e-4992-97b9-4f3f7ba76676,,,,,,27,,27
203482,Kelly,2013,Kelly Olynyk,https://cdn.nba.com/headshots/nba/latest/260x190/203482.png,,,,,,,,,,,,,,,,,,Olynyk,,,,,,,,2025,27
1629640,Keldon,2019,Keldon Johnson,https://cdn.nba.com/headshots/nba/latest/260x190/1629640.png,a33ac5be-0e55-4a13-8a41-2de21c461596,,,,,,,,,,,,,,,,,Johnson,4aa40969-2807-474a-ab5b-f8f41f228179,,,,,,27,,27
1641705,Victor,2023,Victor Wembanyama,https://cdn.nba.com/headshots/nba/latest/260x190/1641705.png,909343b2-9164-442c-b7d8-758d222ce6c4,,,,,,,,,,,,,,,,,Wembanyama,451e8e18-7fa7-458e-879e-5046f86159f6,,,,,,27,,27
1630577,Julian,2022,Julian Champagnie,https://cdn.nba.com/headshots/nba/latest/260x190/1630577.png,5e2a3344-eb81-4b97-9290-f4b2b4cdf997,,,,,,,,,,,,,,,,,Champagnie,eafd76d0-de9a-468d-b783-1c43e51cc8cd,,,,,,27,,27
202699,Tobias,2011,Tobias Harris,https://cdn.nba.com/headshots/nba/latest/260x190/202699.png,c0151607-81d6-44ce-8509-f5cce1daa3d5,,,,,,,,,,,,,,,,,Harris,ffd8660f-ce0d-4be8-a639-2512ffdfdacf,,,,,,9,,27
1642844,Dylan,2025,Dylan Harper,https://cdn.nba.com/headshots/nba/latest/260x190/1642844.png,81235c50-92ed-4d9a-af0e-6cdaf90a4522,,,,,,,,,,,,,,,,,Harper,93c305e8-98b7-47d9-940d-6cc091abe75a,,,,,,27,,27
1628436,Luke,2017,Luke Kornet,https://cdn.nba.com/headshots/nba/latest/260x190/1628436.png,c06b212f-2b86-4230-8cb8-a75f2d86ce2a,,,,,,,,,,,,,,,,,Kornet,486005b2-8a08-4b8b-8ad4-619bfaede0af,,,,,,27,,27
1642264,Stephon,2024,Stephon Castle,https://cdn.nba.com/headshots/nba/latest/260x190/1642264.png,75d57dfc-32e1-4b0e-8910-e27eae05a4ce,,,,,,,,,,,,,,,,,Castle,876146a9-0e94-4b8d-883b-a95edb55cb97,,,,,,27,,27
203084,Harrison,2012,Harrison Barnes,https://cdn.nba.com/headshots/nba/latest/260x190/203084.png,34fcd9e9-b7b1-4762-a942-786e9fdf9955,,,,,,,,,,,,,,,,,Barnes,ca6c3aa0-76e6-4cdf-a915-0c5fcd700dd1,,,,,,27,,27
1642868,Carter,2025,Carter Bryant,https://cdn.nba.com/headshots/nba/latest/260x190/1642868.png,171577d9-31c3-4fc8-8586-02350daa0d75,,,,,,,,,,,,,,,,,Bryant,e38b6c23-78b7-4d37-a436-d8c0a1bc76de,,,,,,27,,27
1643519,Jayden,2026,Jayden Quaintance,,dfde05fe-2164-4fbd-8e9d-2cc7bc7db61c,,,,,,,,,,,,,,,,,Quaintance,,,,,,,,,27
1643542,Tarris,2026,Tarris Reed Jr.,,a9c17c49-8f41-4bb9-8300-7c1c298b4dfc,,,,,,,,,,,,,,,,,Reed Jr.,,,,,,,,,27
202687,Bismack,2011,Bismack Biyombo,https://cdn.nba.com/headshots/nba/latest/260x190/202687.png,,,,,,,,,,,,,,,,,,Biyombo,,,,,,,,2025,27
203486,Mason,2013,Mason Plumlee,https://cdn.nba.com/headshots/nba/latest/260x190/203486.png,,,,,,,,,,,,,,,,,,Plumlee,,,,,,,,2025,27
1630322,Lindy,2021,Lindy Waters III,https://cdn.nba.com/headshots/nba/latest/260x190/1630322.png,,,,,,,,,,,,,,,,,,Waters III,,,,,,,,2025,27
1629162,,,,https://cdn.nba.com/headshots/nba/latest/260x190/1629162.png,,,,,,,,,,,,,,,,,,,,,,,,,,,27
1631127,Harrison,2024,Harrison Ingram,https://cdn.nba.com/headshots/nba/latest/260x190/1631127.png,,,,,,,,,,,,,,,,,,Ingram,,,,,,,,2026,27
1641801,Emanuel,2024,Emanuel Miller,https://cdn.nba.com/headshots/nba/latest/260x190/1641801.png,40158960-f8a5-46f2-922f-79960f018533,,,,,,,,,,,,,,,,,Miller,3891ea95-070e-4060-942d-7dbb100bdb7d,,,,,,27,,27
1630567,Scottie,2021,Scottie Barnes,https://cdn.nba.com/headshots/nba/latest/260x190/1630567.png,ce89caeb-f8f4-4edd-b62b-646322cc32d9,,,,,,,,,,,,,,,,,Barnes,5e08ff44-54ab-46c2-8b86-882414eeda6a,,,,,,28,,28
1627742,Brandon,2016,Brandon Ingram,https://cdn.nba.com/headshots/nba/latest/260x190/1627742.png,638b3220-8f99-4b12-8d88-3b55f1359702,,,,,,,,,,,,,,,,,Ingram,c168cdd6-a658-4081-9dda-7c91a54c3cae,,,,,,28,,28
1630193,Immanuel,2020,Immanuel Quickley,https://cdn.nba.com/headshots/nba/latest/260x190/1630193.png,3c3c28c7-6842-43a7-80c3-ecd9cf33ce8e,,,,,,,,,,,,,,,,,Quickley,61aca18b-b835-4158-9d64-bcb5fa1de081,,,,,,28,,28
1629628,RJ,2019,RJ Barrett,https://cdn.nba.com/headshots/nba/latest/260x190/1629628.png,7b8e7c8b-49ab-4b9e-b7a2-1263a9a92888,,,,,,,,,,,,,,,,,Barrett,adc8eb80-8f25-4746-b094-2ac8e48ed765,,,,,,28,,28
1627751,Jakob,2016,Jakob Poeltl,https://cdn.nba.com/headshots/nba/latest/260x190/1627751.png,e1e698bd-28b1-4316-aa3b-5da40c65ada2,,,,,,,,,,,,,,,,,Poeltl,aeffc073-e131-4e74-9ab2-7dad6d12bdc9,,,,,,28,,28
1641711,Gradey,2023,Gradey Dick,https://cdn.nba.com/headshots/nba/latest/260x190/1641711.png,8fad436e-9173-4faf-b5fb-ff3f7f81de0e,,,,,,,,,,,,,,,,,Dick,752b6e33-238e-4075-97e7-e8762dbae027,,,,,,28,,28
1642867,Collin,2025,Collin Murray-Boyles,https://cdn.nba.com/headshots/nba/latest/260x190/1642867.png,a113ff3f-9bba-4de9-9537-c4005c86288a,,,,,,,,,,,,,,,,,Murray-Boyles,de06f45e-9909-413a-9266-aa7ac2716f10,,,,,,28,,28
1629670,Jordan,2020,Jordan Nwora,https://cdn.nba.com/headshots/nba/latest/260x190/1629670.png,,,,,,,,,,,,,,,,,,Nwora,,,,,,,,2023,28
1643512,Allen,2026,Allen Graves,,3844ca4b-b541-4293-a4bc-08de148670a8,,,,,,,,,,,,,,,,,Graves,,,,,,,,,28
1642266,Ja'Kobe,2024,Ja'Kobe Walter,https://cdn.nba.com/headshots/nba/latest/260x190/1642266.png,9a7ba149-fbad-4cce-a2d8-b1a64496ab69,,,,,,,,,,,,,,,,,Walter,8c8561c9-cae9-4545-b8dd-cdac3bcdb909,,,,,,28,,28
203115,Will,2012,Will Barton,https://cdn.nba.com/headshots/nba/latest/260x190/203115.png,,,,,,,,,,,,,,,,,,Barton,,,,,,,,2022,28
202066,Garrett,2009,Garrett Temple,https://cdn.nba.com/headshots/nba/latest/260x190/202066.png,,,,,,,,,,,,,,,,,,Temple,,,,,,,,2025,28
203937,Kyle,2014,Kyle Anderson,https://cdn.nba.com/headshots/nba/latest/260x190/203937.png,5791f65e-146d-4f0b-afec-a530b2dd56fc,,,,,,,,,,,,,,,,,Anderson,dcc41efd-d57c-4ac1-906f-8f16ab45d8b5,,,,,,18,,28
1630639,A.J.,2022,A.J. Lawson,https://cdn.nba.com/headshots/nba/latest/260x190/1630639.png,,,,,,,,,,,,,,,,,,Lawson,,,,,,,,2026,28
1631218,Trayce,2023,Trayce Jackson-Davis,https://cdn.nba.com/headshots/nba/latest/260x190/1631218.png,ed3d472f-8137-4ede-97d4-f4763b36988e,,,,,,,,,,,,,,,,,Jackson-Davis,385dd20a-1c22-4c82-ae72-b0afa194fb59,,,,,,28,,28
1642347,Jamal,2024,Jamal Shead,https://cdn.nba.com/headshots/nba/latest/260x190/1642347.png,f4f9cfc4-eac6-442b-b349-c9432911fda1,,,,,,,,,,,,,,,,,Shead,91091af6-e306-4396-a2b3-34aea1b56198,,,,,,28,,28
1642419,Jamison,2024,Jamison Battle,https://cdn.nba.com/headshots/nba/latest/260x190/1642419.png,1b35e05a-fd2c-48c4-8cdf-443622b16c53,,,,,,,,,,,,,,,,,Battle,2d907a33-5f23-4b87-b411-73568f69133d,,,,,,28,,28
1642918,Alijah,2025,Alijah Martin,https://cdn.nba.com/headshots/nba/latest/260x190/1642918.png,d9b20f5a-17b2-4876-98a0-ac567e5f1d9c,,,,,,,,,,,,,,,,,Martin,2725d28b-5766-4c5b-9a66-1569ff2a3bfd,,,,,,,,28
1642935,Chucky,2025,Chucky Hepburn,https://cdn.nba.com/headshots/nba/latest/260x190/1642935.png,118e94c2-162b-4f2a-8fc8-e24b83899130,,,,,,,,,,,,,,,,,Hepburn,ef777ec5-f690-4692-85bf-30a6d26e5249,,,,,,,,28
1628991,Jaren,2018,Jaren Jackson Jr.,https://cdn.nba.com/headshots/nba/latest/260x190/1628991.png,1569f4a4-92ac-4504-bcc6-78f7ec917c88,,,,,,,,,,,,,,,,,Jackson Jr.,fc0a0c81-ae7b-436a-9b17-7609657e9ab6,,,,,,29,,29
1628374,Lauri,2017,Lauri Markkanen,https://cdn.nba.com/headshots/nba/latest/260x190/1628374.png,a3c13796-05f5-4887-974d-19d39ad5e4f8,,,,,,,,,,,,,,,,,Markkanen,ae44c3bf-98e7-4782-af43-193b675a6df8,,,,,,29,,29
1643408,Darryn,2026,Darryn Peterson,,d84f05a0-09b5-4dd1-b288-7d488524f7f6,,,,,,,,,,,,,,,,,Peterson,,,,,,,,,29
203994,Jusuf,2014,Jusuf Nurkić,https://cdn.nba.com/headshots/nba/latest/260x190/203994.png,14024d96-b049-42f1-accd-db2e9fb44f2f,,,,,,,,,,,,,,,,,Nurkić,62ee39ee-847b-4f77-9073-3764f75acddb,,,,,,29,,29
1642846,Ace,2025,Ace Bailey,https://cdn.nba.com/headshots/nba/latest/260x190/1642846.png,747f58d8-e083-4581-a566-f6e918f14cb3,,,,,,,,,,,,,,,,,Bailey,dc787b7f-4231-40e5-b5cc-435fcaa288bb,,,,,,29,,29
201567,Kevin,2008,Kevin Love,https://cdn.nba.com/headshots/nba/latest/260x190/201567.png,,,,,,,,,,,,,,,,,,Love,,,,,,,,2026,29
1641718,Keyonte,2023,Keyonte George,https://cdn.nba.com/headshots/nba/latest/260x190/1641718.png,004eec3d-81e2-49a0-8088-06eb44ff35aa,,,,,,,,,,,,,,,,,George,3b019f93-a62d-4fbc-b247-6d901b4cd2e6,,,,,,29,,29
1629723,John,2019,John Konchar,https://cdn.nba.com/headshots/nba/latest/260x190/1629723.png,00e7bbf0-cf0b-42c8-b9fe-05d35e7662de,,,,,,,,,,,,,,,,,Konchar,9102622f-cb2d-4d1b-9262-30b86b6345fb,,,,,,29,,29
1642262,Cody,2024,Cody Williams,https://cdn.nba.com/headshots/nba/latest/260x190/1642262.png,f51d3d45-2251-4d01-9164-288931624a5b,,,,,,,,,,,,,,,,,Williams,b4eb4aec-eb76-4291-af53-15965a5332b2,,,,,,29,,29
1629637,Jaxson,2019,Jaxson Hayes,https://cdn.nba.com/headshots/nba/latest/260x190/1629637.png,5534d146-625e-48cb-afd9-6b17a0fbefef,,,,,,,,,,,,,,,,,Hayes,3112af4c-f440-4fb0-b9af-d4accb63c277,,,,,,14,,29
1629006,Josh,2018,Josh Okogie,https://cdn.nba.com/headshots/nba/latest/260x190/1629006.png,7d863b43-8035-47ad-84ff-985b1b943100,,,,,,,,,,,,,,,,,Okogie,1a28fcd5-cd06-4439-80b3-a2a062aac2d0,,,,,,11,,29
1641729,Brice,2023,Brice Sensabaugh,https://cdn.nba.com/headshots/nba/latest/260x190/1641729.png,6492df90-9472-4823-9f46-896f0f2a18de,,,,,,,,,,,,,,,,,Sensabaugh,e45257b0-cf80-45e1-a4ee-5ef1eaf51822,,,,,,29,,29
1629004,Svi,2018,Svi Mykhailiuk,https://cdn.nba.com/headshots/nba/latest/260x190/1629004.png,bd0a61a9-9dc6-4d1e-bf57-4f7e58e46385,,,,,,,,,,,,,,,,,Mykhailiuk,ccf89ad2-f95c-4343-a8bc-4a14ef575911,,,,,,29,,29
1628964,Mo,2018,Mo Bamba,https://cdn.nba.com/headshots/nba/latest/260x190/1628964.png,bdc1acf7-7548-4048-8197-3191d3be4a10,,,,,,,,,,,,,,,,,Bamba,104d1d21-f920-4a90-9655-75fc17cfd0d0,,,,,,,,29
1642271,Kyle,2024,Kyle Filipowski,https://cdn.nba.com/headshots/nba/latest/260x190/1642271.png,df80e4cd-acf0-47e7-bb14-8ed9db565b72,,,,,,,,,,,,,,,,,Filipowski,54c00870-2cd1-4d59-8e2b-dddc0871048b,,,,,,29,,29
1642268,Isaiah,2024,Isaiah Collier,https://cdn.nba.com/headshots/nba/latest/260x190/1642268.png,f29716fc-d715-402b-959a-78b8b4d96a13,,,,,,,,,,,,,,,,,Collier,4880e90f-e239-47ac-be1a-e50770496646,,,,,,29,,29
1631131,Oscar,2023,Oscar Tshiebwe,https://cdn.nba.com/headshots/nba/latest/260x190/1631131.png,,,,,,,,,,,,,,,,,,Tshiebwe,,,,,,,,2026,29
1643016,Bez,2025,Bez Mbeng,,,,,,,,,,,,,,,,,,,Mbeng,,,,,,,,2026,29
1643060,Hayden,2025,Hayden Gray,,,,,,,,,,,,,,,,,,,Gray,,,,,,,,2026,29
1641725,Trey,2024,Trey Alexander,https://cdn.nba.com/headshots/nba/latest/260x190/1641725.png,1d7643d5-f667-40af-8959-c5a63f358d11,,,,,,,,,,,,,,,,,Alexander,87080b67-c0cd-46e8-b9dd-1f0f4ac739e2,,,,,,,,29
1642396,Blake,2025,Blake Hinson,https://cdn.nba.com/headshots/nba/latest/260x190/1642396.png,8665b46e-1d50-4008-bed6-0b0042a887c9,,,,,,,,,,,,,,,,,Hinson,0c3cb58f-683d-4a85-b4f8-039c79ccd862,,,,,,29,,29
1642926,Tamar,2026,Tamar Bates,https://cdn.nba.com/headshots/nba/latest/260x190/1642926.png,9fd81783-b3db-4a9c-91d1-fcac154729a6,,,,,,,,,,,,,,,,,Bates,,,,,,,,,29
203076,Anthony,2012,Anthony Davis,https://cdn.nba.com/headshots/nba/latest/260x190/203076.png,1daf6662-c486-49f8-85f5-15ee8e5241e6,,,,,,,,,,,,,,,,,Davis,984e6efa-84ac-4334-b0ca-6d223a595d57,,,,,,30,,30
1629027,Trae,2018,Trae Young,https://cdn.nba.com/headshots/nba/latest/260x190/1629027.png,d0391330-4b58-4b2f-ad26-2c5021e479c1,,,,,,,,,,,,,,,,,Young,7feafeed-d219-4cb0-927f-fa2883e5335a,,,,,,30,,30
101133,Ian,2007,Ian Mahinmi,https://cdn.nba.com/headshots/nba/latest/260x190/101133.png,,,,,,,,,,,,,,,,,,Mahinmi,,,,,,,,2019,30
1643407,AJ,2026,AJ Dybantsa,,3e9c05da-a777-4334-a733-0713d5f00138,,,,,,,,,,,,,,,,,Dybantsa,,,,,,,,,30
1642259,Alex,2024,Alex Sarr,https://cdn.nba.com/headshots/nba/latest/260x190/1642259.png,70d1c0a1-a380-4be8-9ae4-47b44f4243fb,,,,,,,,,,,,,,,,,Sarr,387423a0-7285-4b96-acd3-90a55bc028c4,,,,,,30,,30
1641731,Bilal,2023,Bilal Coulibaly,https://cdn.nba.com/headshots/nba/latest/260x190/1641731.png,c35eafd5-7fd8-47a8-acc8-19cf9a672146,,,,,,,,,,,,,,,,,Coulibaly,15269328-9b06-4438-b6c2-e7fb16c7d6dc,,,,,,30,,30
1642848,Tre,2025,Tre Johnson,https://cdn.nba.com/headshots/nba/latest/260x190/1642848.png,64bd957f-2df7-4872-9c2b-3243cabf2282,,,,,,,,,,,,,,,,,Johnson,124061d7-90ce-49c0-8cbe-a306406655f1,,,,,,30,,30
1629028,Deandre,2018,Deandre Ayton,https://cdn.nba.com/headshots/nba/latest/260x190/1629028.png,585c4663-b462-4a2e-a0c2-44fde85da9ca,,,,,,,,,,,,,,,,,Ayton,bb8294be-c72e-4b08-832e-4bee3ccfb115,,,,,,14,,30
1629134,Kendrick,2018,Kendrick Nunn,https://cdn.nba.com/headshots/nba/latest/260x190/1629134.png,,,,,,,,,,,,,,,,,,Nunn,,,,,,,,2022,30
203114,Khris,2012,Khris Middleton,https://cdn.nba.com/headshots/nba/latest/260x190/203114.png,6b45356f-5ac5-4ba4-a756-a1426d2bd409,,,,,,,,,,,,,,,,,Middleton,9a4c0f82-f3c3-4ee4-af27-7fbc40caf441,,,,,,7,,30
1641715,Cam,2023,Cam Whitmore,https://cdn.nba.com/headshots/nba/latest/260x190/1641715.png,c84cf4e0-f912-4701-ac16-fd1a6c2d8f0b,,,,,,,,,,,,,,,,,Whitmore,8af0ab62-2b94-41db-9c62-9aa808920102,,,,,,30,,30
1642267,Bub,2024,Bub Carrington,https://cdn.nba.com/headshots/nba/latest/260x190/1642267.png,f324f2ce-1ab6-479c-876d-9315a2ebb8a2,,,,,,,,,,,,,,,,,Carrington,cb4c1efc-bc3e-4e09-96a4-56a88dd00933,,,,,,30,,30
1642860,Will,2025,Will Riley,https://cdn.nba.com/headshots/nba/latest/260x190/1642860.png,31bef7d8-aadc-42dd-99ec-dd2ed58cc8d3,,,,,,,,,,,,,,,,,Riley,aa1d6a26-acf9-448e-ae41-6346da11b573,,,,,,30,,30
1642273,Kyshawn,2024,Kyshawn George,https://cdn.nba.com/headshots/nba/latest/260x190/1642273.png,969b9244-bb3b-4089-9b24-51093ba446f5,,,,,,,,,,,,,,,,,George,1e09d6e1-5c0f-4f46-b560-3ea55d09437f,,,,,,30,,30
1641774,Tristan,2023,Tristan Vukcevic,https://cdn.nba.com/headshots/nba/latest/260x190/1641774.png,cd5cc092-ca78-4e1e-a18e-f269777ec6d2,,,,,,,,,,,,,,,,,Vukcevic,90a2cbea-f856-497a-a8d9-80009ee3a4d1,,,,,,30,,30
1630551,Justin,2021,Justin Champagnie,https://cdn.nba.com/headshots/nba/latest/260x190/1630551.png,34d5e467-53da-4fde-97f1-1e8d81d4f141,,,,,,,,,,,,,,,,,Champagnie,a1eb5346-524f-48b6-8f02-39b0e9f7082a,,,,,,30,,30
203107,Tomas,2016,Tomas Satoransky,https://cdn.nba.com/headshots/nba/latest/260x190/203107.png,,,,,,,,,,,,,,,,,,Satoransky,,,,,,,,2021,30
1630264,Anthony,2020,Anthony Gill,https://cdn.nba.com/headshots/nba/latest/260x190/1630264.png,,,,,,,,,,,,,,,,,,Gill,,,,,,,,2026,30
201951,Ty,2009,Ty Lawson,https://cdn.nba.com/headshots/nba/latest/260x190/201951.png,,,,,,,,,,,,,,,,,,Lawson,,,,,,,,2017,30
201196,Ramon,2007,Ramon Sessions,https://cdn.nba.com/headshots/nba/latest/260x190/201196.png,,,,,,,,,,,,,,,,,,Sessions,,,,,,,,2017,30
203894,Shabazz,2014,Shabazz Napier,https://cdn.nba.com/headshots/nba/latest/260x190/203894.png,,,,,,,,,,,,,,,,,,Napier,,,,,,,,2019,30
1630536,Sharife,2021,Sharife Cooper,https://cdn.nba.com/headshots/nba/latest/260x190/1630536.png,,,,,,,,,,,,,,,,,,Cooper,,,,,,,,2026,30
1642364,Jamir,2025,Jamir Watkins,https://cdn.nba.com/headshots/nba/latest/260x190/1642364.png,b8292ce2-c257-4e92-8dd0-d37ef096c1e0,,,,,,,,,,,,,,,,,Watkins,522725fe-581a-4ae2-b2a5-7d68adcfdf57,,,,,,30,2026,30
1629140,Johnathan,2021,Johnathan Williams,https://cdn.nba.com/headshots/nba/latest/260x190/1629140.png,,,,,,,,,,,,,,,,,,Williams,,,,,,,,2021,30
1630550,JT,2021,JT Thor,https://cdn.nba.com/headshots/nba/latest/260x190/1630550.png,,,,,,,,,,,,,,,,,,Thor,,,,,,,,2024,30
1630216,Cassius,2020,Cassius Winston,https://cdn.nba.com/headshots/nba/latest/260x190/1630216.png,,,,,,,,,,,,,,,,,,Winston,,,,,,,,2021,30
