id,date,description,fromTeamId,playerId,player_fullName,toTeamId,transactionType,_source_team_ids
a1e06d4a-3486-4bdd-a28b-4688c22cb695,2026-07-10T00:00:00.000Z,Signed a 1 year $14.1 million contract with Atlanta (ATL),,1629111,Jock Landale,,signedContract,1
5463d3c9-509a-4943-ab85-eb8f069909d2,2026-07-06T00:00:00.000Z,Traded to Atlanta (ATL) from Oklahoma City (OKC)  for a 2030 2nd round pick [ATL pick]  and a 2032 2nd round pick [least favorable of ATL/LAL pick],21,1630598,Aaron Wiggins,1,traded,1
bb573c72-94cf-4866-b361-a444d2354d97,2026-07-02T00:00:00.000Z,Signed a 4 year $33.43 million Rookie Scale contract with Atlanta (ATL),,1643412,Kingston Flemings,,signedContract,1
4773b0aa-8bd0-4994-96a7-abc5e64f04f8,2026-07-01T00:00:00.000Z,Signed a 4 year $17.32 million Rookie Scale contract with Atlanta (ATL),,1643544,Zuby Ejiofor,,signedContract,1
2dc8064e-c60f-48ba-9731-b773cbc5de81,2026-06-30T00:00:00.000Z,Traded to Atlanta (ATL) from Sacramento (SAC)  with future 2nd-round pick for  Alpha Kaba and a 2033 2nd round pick [SAC pick],26,1642269,Devin Carter,1,traded,1
5ce5b238-9533-48b0-bb52-525aa86d1fd6,2026-06-29T00:00:00.000Z,Atlanta (ATL) declined $24.3 million option for 2026-27,,1630228,Jonathan Kuminga,,declined,1
7d5196a7-c217-4973-aff1-8437e17f2b02,2026-06-29T00:00:00.000Z,Atlanta (ATL) declined to tender Qualifying Offer; becomes an Unrestricted Free Agent,,1631132,Christian Koloko,,qualifyingOfferExtended,1
771c8c0d-2441-408b-b7c3-ea96e19569aa,2026-06-29T00:00:00.000Z,Atlanta (ATL) declined to tender Qualifying Offer; becomes an Unrestricted Free Agent,,1630811,Keaton Wallace,,qualifyingOfferExtended,1
f4fa09af-3acf-46e0-9ece-c5310d58932e,2026-06-25T00:00:00.000Z,Atlanta (ATL) exercised $2.41 million option for 2026-27,,1631243,Mouhamed Gueye,,exercisedTeamOption,1
753637cb-d13e-4376-b83c-c188f085763b,2026-06-23T00:00:00.000Z,Drafted by Atlanta (ATL): Round 1 (#8 overall),,1643412,Kingston Flemings,,drafted,1
0080e3ac-201f-4ab7-b473-4bce9402cb0d,2026-06-23T00:00:00.000Z,Drafted by Atlanta (ATL): Round 1 (#23 overall),,1643544,Zuby Ejiofor,,drafted,1
aac7a0f4-84e6-46b5-8424-5059f258cab0,2026-06-22T00:00:00.000Z,Signed to a 1 year $21 million contract extension with Atlanta (ATL) - includes 7.5% Trade Bonus,,203468,CJ McCollum,,signedExtension,1
a72fdad0-b49e-4e19-933c-bf5fcc1c8fee,2026-04-06T00:00:00.000Z,Signed a Rest-of-Season contract with Atlanta (ATL),,1628396,Tony Bradley,,signedContract,1
147e47d8-3ffe-44c5-b99b-2e9e1b3829d0,2026-04-04T00:00:00.000Z,Waived by Atlanta (ATL),,1631216,Caleb Houstan,,waived,1
d3d387cd-234d-4199-802c-50297aad8ef5,2026-03-04T00:00:00.000Z,Signed a 2 year Two-Way contract with Atlanta (ATL),,1642933,Keshon Gilbert,,signedTwoWay,1
36218579-7dd0-4266-ab83-c43fc658fbf2,2026-02-19T00:00:00.000Z,Signed a Rest-of-Season contract with Atlanta (ATL) via converted Two-Way,,1631216,Caleb Houstan,,signedContract,1
8dbfe8f8-df5a-400c-9188-3ae291fa1c85,2026-02-05T00:00:00.000Z,Traded to Atlanta (ATL) from Golden State (GSW)  with  Jonathan Kuminga for  Kristaps Porzingis,10,1627741,Buddy Hield,1,traded,1
54d1de63-8f13-445a-9d81-6508bb587996,2026-02-05T00:00:00.000Z,Traded to Atlanta (ATL) from Golden State (GSW)  with  Buddy Hield  for  Kristaps Porzingis,10,1630228,Jonathan Kuminga,1,traded,1
38fbfdc7-ce8b-4a9e-a95a-230ccfb4b2fa,2026-02-05T00:00:00.000Z,Traded to Atlanta (ATL) from Golden State (GSW)  with  Jonathan Kuminga  for  Kristaps Porzingis,10,1627741,Buddy Hield,1,traded,1
88791f5e-f6e8-4bf3-a40a-d3d3e1c8fcf0,2026-02-05T00:00:00.000Z,Traded to Atlanta (ATL) from Los Angeles (LAL)  with 2032 2nd round pick for  Luke Kennard,14,1629216,Gabe Vincent,1,traded,1
6f2555d9-4e85-4fd3-83db-b67014faeacb,2026-02-05T00:00:00.000Z,Traded to Atlanta (ATL) from Golden State (GSW)  with  Buddy Hield for  Kristaps Porzingis,10,1630228,Jonathan Kuminga,1,traded,1
ac1eb09b-c29b-46eb-98b7-e6439761e674,2026-02-05T00:00:00.000Z,Traded to Atlanta (ATL) from Los Angeles (LAL)  with a 2032 2nd round pick for  Luke Kennard,14,1629216,Gabe Vincent,1,traded,1
a175761b-9b1b-44d3-9530-f4dbd1c6a423,2026-02-05T00:00:00.000Z,Waived by Atlanta (ATL),,1641871,Duop Reath,,waived,1
d133d086-7749-437e-ac2f-44ac013d8a6b,2026-02-05T00:00:00.000Z,Waived by Atlanta (ATL),,1642368,N'Faly Dante,,waived,1
8ce7b8cc-04ce-4abb-aec1-82fa4113ac79,2026-02-04T00:00:00.000Z,Traded to Atlanta (ATL) from Utah (UTA)  for cash considerations,29,1629111,Jock Landale,1,traded,1
85f3b50a-721e-489c-aa7d-cf9e36c276e3,2026-02-01T00:00:00.000Z,Traded to Atlanta (ATL) from Portland (POR)  with a 2027 2nd round pick [POR pick]  and a 2030 2nd round pick [NYK pick]  for  Vit Krejci,25,1641871,Duop Reath,1,traded,1
250f5457-a018-4c15-9760-89cd21c0fcb1,2026-02-01T00:00:00.000Z,Traded to Atlanta (ATL) from Portland (POR)  with 2027 2nd round pick [POR pick]  and 2030 2nd round pick [NYK pick]  for  Vit Krejci,25,1641871,Duop Reath,1,traded,1
80a1b652-fa5f-4026-9e90-f15f641dea21,2026-01-16T00:00:00.000Z,Signed a Two-Way contract with Atlanta (ATL),,1631132,Christian Koloko,,signedTwoWay,1
adf127ad-6210-42fc-93c5-4430cdc87b1d,2026-01-09T00:00:00.000Z,Traded to Atlanta (ATL) from Washington (WAS)  with  Corey Kispert for  Trae Young,30,203468,CJ McCollum,1,traded,1
8bf64a93-b1a5-4369-97ac-f9cb90efc3d8,2026-01-09T00:00:00.000Z,Traded to Atlanta (ATL) from Washington (WAS)  with  C.J. McCollum for  Trae Young,30,1630557,Corey Kispert,1,traded,1
87eb6d00-0a84-4e8c-8f3f-af447e2f2311,2026-01-07T00:00:00.000Z,Traded to Atlanta (ATL) from Washington (WAS)  with  C.J. McCollum  for  Trae Young,30,1630557,Corey Kispert,1,traded,1
70054d8d-75ff-40d0-90ca-5945d7c149ee,2026-01-07T00:00:00.000Z,Traded to Atlanta (ATL) from Washington (WAS)  with  Corey Kispert  for  Trae Young,30,203468,CJ McCollum,1,traded,1
63790727-9bb9-4916-97a4-465a876c380b,2025-12-31T00:00:00.000Z,Signed a 2 year Two-Way contract with Atlanta (ATL),,1642484,RayJ Dennis,,signedTwoWay,1
4173e224-fc95-4d8c-814f-b123db776dce,2025-12-31T00:00:00.000Z,Waived by Atlanta (ATL),,1642947,Eli John Ndiaye,,waived,1
ff57eee4-2d2c-4a41-9d6a-0510e01b7cbd,2025-12-23T00:00:00.000Z,Signed a 2 year Two-Way contract with Atlanta (ATL),,1642013,Malik Williams,,signedTwoWay,1
fb17e0c1-3726-4690-9708-c524ddf8454f,2025-12-23T00:00:00.000Z,Signed a Two-Way contract with Atlanta (ATL),,1642013,Malik Williams,,signedTwoWay,1
a30a1580-3206-4f70-80ac-0c824a050ebc,2025-12-15T00:00:00.000Z,Waived by Atlanta (ATL),,1631210,Jacob Toppin,,waived,1
5a8bdf46-89f8-4c5c-a9a6-baaf47905872,2025-10-30T00:00:00.000Z,Atlanta (ATL) exercised $13.83 million option for 2026-27,,1642258,Zaccharie Risacher,,exercisedTeamOption,1
ff72ceb3-de01-4d0f-b5ee-15b97135ae92,2026-07-09T00:00:00.000Z,Waived by Boston (BOS),,1630625,Dalano Banton,,waived,2
f298ed9e-7693-47bb-9de7-e592067c2897,2026-07-06T00:00:00.000Z,Signed a 4 year $13.7 million contract with Boston (BOS) - includes 2029-30 Team Option,,1631199,Ron Harper Jr.,,signedContract,2
af089a19-9592-4a05-ba09-2778061f7489,2026-07-06T00:00:00.000Z,Signed a 1 year $3.88 million contract with Boston (BOS),,201144,Mike Conley,,signedContract,2
224b4023-4052-40e8-9bfa-9d54258db0e1,2026-07-06T00:00:00.000Z,"Traded to Boston (BOS) from Philadelphia (PHI)  with a 2028 1st round pick [BOS right to swap] , a 2031 1st round pick [unprotected PHI pick] , a 2028 2nd round pick [most favorable of GSW/OKC/MIL]  and a 2030 2nd round pick [most favorable of WAS/PORT/PHX]  for  Jaylen Brown",23,202331,Paul George,2,traded,2
e8252323-ec6e-4393-9fee-5d11cbdb4ce5,2026-07-06T00:00:00.000Z,Signed a 3 year $47.4 million contract with Boston (BOS) - includes 2028-29 Player Option,,1629011,Mitchell Robinson,,signedContract,2
6a850289-6cde-4b43-a19c-e7c3d8871ffc,2026-07-06T00:00:00.000Z,Signed a 4 year $56 million a contract extension with Boston (BOS),,1629674,Neemias Queta,,signedExtension,2
410d3c44-7324-449b-a166-a2dd8495d9c3,2026-07-05T00:00:00.000Z,Signed a 4 year $15.34 million Rookie Scale contract with Boston (BOS),,1643416,Chris Cenac Jr.,,signedContract,2
74114082-9da8-47b7-aefa-c29ffe520e38,2026-06-29T00:00:00.000Z,Boston (BOS) declined to tender Qualifying Offer; becomes an Unrestricted Free Agent,,1642873,Amari Williams,,qualifyingOfferExtended,2
51987b8f-8a04-4eb0-91dd-8652882c95e1,2026-06-29T00:00:00.000Z,Boston (BOS) declined $2.15 million option for 2026-27,,1642873,Amari Williams,,declined,2
808556a3-c2b4-43e7-88ee-fed7a4a37598,2026-06-29T00:00:00.000Z,Boston (BOS) exercised $2.8 million  option for 2026-27,,1630625,Dalano Banton,,exercisedTeamOption,2
c9fa144d-7f86-4571-aebd-f779ea0087d2,2026-06-29T00:00:00.000Z,Boston (BOS) declined to tender Qualifying Offer; becomes an Unrestricted Free Agent,,1642910,John Tonje,,qualifyingOfferExtended,2
7967b6ef-43c9-47bf-8f32-36351894ce94,2026-06-29T00:00:00.000Z,Boston (BOS) exercised $2.41 million option for 2026-27,,1641775,Jordan Walsh,,exercisedTeamOption,2
8cc8338f-7098-46c6-a7a3-e2a698475676,2026-06-29T00:00:00.000Z,Boston (BOS) declined to tender Qualifying Offer; becomes an Unrestricted Free Agent,,1642917,Max Shulga,,qualifyingOfferExtended,2
3a2af9fd-5845-42fc-a869-14342074fb6a,2026-06-29T00:00:00.000Z,Boston (BOS) declined $2.15 million option for 2026-27,,1642917,Max Shulga,,declined,2
8bee79f7-e37e-4319-8dd9-816fa57df736,2026-06-29T00:00:00.000Z,Boston (BOS) exercised $2.67 million option for 2026-27,,1629674,Neemias Queta,,exercisedTeamOption,2
10a88f28-fe20-4afc-8ea9-0c48c9b98fe3,2026-06-27T00:00:00.000Z,Boston (BOS) declined $2.58 million option for 2026-27,,1631199,Ron Harper Jr.,,declined,2
8b582b16-9edd-4293-b487-2ac82d2705b1,2026-06-23T00:00:00.000Z,Drafted by Boston (BOS): Round 1 (#27 overall),,1643416,Chris Cenac Jr.,,drafted,2
0f5bfc22-a736-4305-bf70-d2ca0ca9ed8b,2026-04-11T00:00:00.000Z,Signed a 2 year $2.83 million Rest-of-Season contract with Boston (BOS) - includes 2026-27 Club Option,,1630625,Dalano Banton,,signedContract,2
accf8aaa-fba8-4a2c-b19e-e2032cf5fa86,2026-04-04T00:00:00.000Z,Signed a 2 year Rest-of-Season contract with Boston (BOS) via converted Two-Way - includes 2026-27 Club Option,,1631199,Ron Harper Jr.,,signedContract,2
9ea8f4c3-3fd1-40ee-b19c-b99482c67654,2026-03-25T00:00:00.000Z,Signed a 10-day contract with Boston (BOS),,1629646,Charles Bassey,,signedContract,2
1264fe59-6686-42af-af16-9a593353e603,2026-03-15T00:00:00.000Z,Signed a 2 year $2.36 million Rest-of-Season contract with Boston (BOS) via converted Two-Way contract - includes 2026-27 Club Option,,1642917,Max Shulga,,signedContract,2
947919ff-4fbf-4fd4-8b56-6e80dfb38cda,2026-03-01T00:00:00.000Z,Signed a Two-Way contract with Boston (BOS),,1642910,John Tonje,,signedTwoWay,2
75ed4a8e-7710-4484-92e2-4db5af2fa050,2026-02-19T00:00:00.000Z,Signed a 10-day contract with Boston (BOS),,1642910,John Tonje,,signedContract,2
9f7dde57-4b4d-4e30-a3ca-c06f7e9fa4ce,2026-02-19T00:00:00.000Z,Signed a 10-day contract with Boston (BOS),,1630625,Dalano Banton,,signedContract,2
afed1f83-8bf0-42ee-9ecd-fe505a7c33a4,2026-02-05T00:00:00.000Z,Signed a 2 year Rest-of-Season contract with Boston (BOS),,1642873,Amari Williams,,signedContract,2
f71327df-7b92-411b-8aef-fc2c9826c1da,2026-02-05T00:00:00.000Z,Traded to Boston (BOS) from Chicago (CHI)  with a 2027 2nd round pick [DEN pick]  for  Anfernee Simons and a 2026 2nd round pick [most favorable of MIN/NOP/NYK/POR pick],5,202696,Nikola Vučević,2,traded,2
4f11cf02-33d0-47f2-8acf-b054f5a9249b,2026-02-05T00:00:00.000Z,Traded to Boston (BOS) from Utah (UTA)  for  Chris Boucher,29,1642910,John Tonje,2,traded,2
10824c24-aebf-433b-be9b-c5ae259cc100,2026-02-03T00:00:00.000Z,Traded to Boston (BOS) from Chicago (CHI)  with 2027 2nd round pick [DEN pick]  for  Anfernee Simons and 2026 2nd round pick [most favorable of MIN/NOP/NYK/POR pick],5,202696,Nikola Vučević,2,traded,2
72d5acca-bfb6-4e68-8ed5-a7940ab7b253,2025-10-30T00:00:00.000Z,Boston (BOS) exercised $2.74 million option for 2026-27,,1631248,Baylor Scheierman,,exercisedTeamOption,2
44acd55d-b539-487e-87d1-6cd05211c425,2026-07-10T00:00:00.000Z,Waived by Brooklyn (BKN),,1641869,Malachi Smith,,waived,3
8225d883-afe4-4070-97f5-19aef58c4490,2026-07-10T00:00:00.000Z,Signed a 4 year $15.25 million Rookie Scale contract with Brooklyn (BKN),,1643538,Joshua Jefferson,,signedContract,3
31701ec5-11ef-4210-acc2-5e7fb923b33d,2026-07-10T00:00:00.000Z,"Traded to Brooklyn (BKN) from Minnesota (MIN) as part of a 4-team trade: Chicago (CHI) traded  Mouhamadou Gueye to Charlotte (CHA); Minnesota (MIN) traded  Julius Randle to Brooklyn (BKN); Minnesota (MIN) traded  Naz Reid,  Matteo Spagnolo, a 2028 1st round pick [CHA right to swap] , a 2029 1st round pick [CHA right to swap; 6-30 protected] , a 2030 1st round pick [CHA right to swap] , a 2033 1st round pick, a 2029 2nd round pick [MIN pick] , a 2032 2nd round pick [MIN pick]  and a 2033 2nd round pick [MIN pick]  to Charlotte (CHA); Brooklyn (BKN) traded  Nicolas Claxton to Chicago (CHI); Brooklyn (BKN) traded  Isaiah Evans to Minnesota (MIN); Charlotte (CHA) traded  LaMelo Ball and  Josh Green to Minnesota (MIN)",18,1643538,Joshua Jefferson,3,traded,3
1687c148-bd46-4530-b6c2-179155ccb4d4,2026-07-06T00:00:00.000Z,Signed a 2 year $20 million contract with Brooklyn (BKN) - includes 2027-28 Team Option,,1630549,Day'Ron Sharpe,,signedContract,3
a4e9a97d-2788-4cd2-9b28-45a2f04e1902,2026-07-06T00:00:00.000Z,Signed a 2 year $9 million contract with Brooklyn (BKN) - includes 2027-28 Team Option,,1631169,Josh Minott,,signedContract,3
eeed7d85-e3c4-45aa-929f-11f7abbae900,2026-07-06T00:00:00.000Z,Signed a 2 year $18 million contract with Brooklyn (BKN) - includes 2027-28 Mutual Option,,1631165,Keon Ellis,,signedContract,3
1b479fc4-c008-4c75-b907-d8281e2427ec,2026-07-02T00:00:00.000Z,Signed a 4 year $39.93 million Rookie Scale contract with Brooklyn (BKN),,1643414,Mikel Brown Jr.,,signedContract,3
d1868f09-6882-4eed-9af5-da66b928bcb2,2026-06-29T00:00:00.000Z,Brooklyn (BKN) declined to tender Qualifying Offer; becomes an Unrestricted Free Agent,,1630623,Tyson Etienne,,qualifyingOfferExtended,3
d2396cf9-fc6c-405f-b64a-aaa84fa9fff7,2026-06-29T00:00:00.000Z,Agreed to a Two-Way Qualifying Offer contract with Brooklyn (BKN),,1643052,Chaney Johnson,,qualifyingOfferExtended,3
00318670-3d7d-4d41-807c-a9fc557c9c30,2026-06-29T00:00:00.000Z,Brooklyn (BKN) declined $2.58 million option for 2026-27,,1631169,Josh Minott,,declined,3
ea339891-5239-4171-aa30-0287c02e2982,2026-06-29T00:00:00.000Z,Brooklyn (BKN) declined $6.25 million option for 2026-27,,1630549,Day'Ron Sharpe,,declined,3
1d130085-1223-4341-83a9-eff3c911f9d7,2026-06-29T00:00:00.000Z,Brooklyn (BKN) declined to tender Qualifying Offer; becomes an Unrestricted Free Agent,,1630604,E.J. Liddell,,qualifyingOfferExtended,3
0a9cfdf8-f30a-462b-8936-1445f18a726e,2026-06-29T00:00:00.000Z,Brooklyn (BKN) declined to tender Qualifying Offer; becomes an Unrestricted Free Agent,,1630592,Jalen Wilson,,qualifyingOfferExtended,3
c89bfa16-f976-43ab-8d94-d147916d6e5f,2026-06-29T00:00:00.000Z,Brooklyn (BKN) exercised $2.15 million option for 2026-27,,1641869,Malachi Smith,,exercisedTeamOption,3
bad2a7f7-adcf-4428-8755-09356bbbb554,2026-06-29T00:00:00.000Z,Brooklyn (BKN) declined to tender Qualifying Offer; becomes an Unrestricted Free Agent,,1630534,Ochai Agbaji,,qualifyingOfferExtended,3
4e128366-6f35-4e84-a1c8-8658decfdef4,2026-06-28T00:00:00.000Z,Brooklyn (BKN) declined $6.25 million option for 2026-27,,1630533,Ziaire Williams,,declined,3
d9760f45-d3b2-45b2-ad3c-73507bf11b29,2026-06-26T00:00:00.000Z,Brooklyn (BKN) tendered Two-Way Qualifying Offer; becomes Restricted Free Agent,,1643052,Chaney Johnson,,qualifyingOfferExtended,3
6ca11cbe-02b6-4380-aa50-b0488d7561d2,2026-06-23T00:00:00.000Z,Drafted by Brooklyn (BKN): Round 1 (#6 overall),,1643414,Mikel Brown Jr.,,drafted,3
66e5b86b-a36d-4abd-9620-0131d84c6c13,2026-06-22T00:00:00.000Z,"Traded to Brooklyn (BKN) from Minnesota (MIN) as part of a 4-team trade: Chicago (CHI) traded  Mouhamadou Gueye to Charlotte (CHA); Minnesota (MIN) traded  Joshua Jefferson to Brooklyn (BKN); Minnesota (MIN) traded  Naz Reid,  Matteo Spagnolo, a 2028 1st round pick [CHA right to swap] , a 2029 1st round pick [CHA right to swap; 6-30 protected] , a 2030 1st round pick [CHA right to swap] , a 2033 1st round pick, a 2029 2nd round pick [MIN pick] , a 2032 2nd round pick [MIN pick]  and a 2033 2nd round pick [MIN pick]  to Charlotte (CHA); Brooklyn (BKN) traded  Nicolas Claxton to Chicago (CHI); Brooklyn (BKN) traded  Isaiah Evans to Minnesota (MIN); Charlotte (CHA) traded  LaMelo Ball and  Josh Green to Minnesota (MIN)",18,203944,Julius Randle,3,traded,3
c7f04973-5f25-4669-87af-49ecb92a6d3c,2026-06-22T00:00:00.000Z,Traded to Brooklyn (BKN) from Minnesota (MIN) as part of a 3-team trade: Chicago (CHI) traded  Mouhamadou Gueye to Minnesota (MIN); Minnesota (MIN) traded a 2026 1st round pick (#28) to Brooklyn (BKN); Brooklyn (BKN) traded  Nicolas Claxton to Chicago (CHI); Brooklyn (BKN) traded a 2026 2nd round pick (#33) to Minnesota (MIN),18,203944,Julius Randle,3,traded,3
52abc28a-c17b-4ef2-9e3f-fd87bb4a1b23,2026-04-12T00:00:00.000Z,Signed a 10-day contract with Brooklyn (BKN),,1630286,Trevon Scott,,signedContract,3
5a201ac8-23c6-4337-92e8-5b8d41c03896,2026-04-04T00:00:00.000Z,Signed a 2 year Rest-of-Season contract with Brooklyn (BKN) - includes 2026-27 Club Option,,1641869,Malachi Smith,,signedContract,3
30eb331c-169c-4eeb-a407-2590741a6e38,2026-03-25T00:00:00.000Z,Signed a 10-day contract with Brooklyn (BKN),,1641869,Malachi Smith,,signedContract,3
b352d520-1640-489b-bea0-a271a402f9ca,2026-02-27T00:00:00.000Z,Signed a 10-day contract with Brooklyn (BKN),,1641761,Grant Nelson,,signedContract,3
bc441d45-0aa9-4dad-a694-1fc8c85924a1,2026-02-05T00:00:00.000Z,Traded to Brooklyn (BKN) from Denver (DEN)  with a 2032 2nd round pick for a 2026 2nd round pick [least favorable of LAC/ATL],8,1641816,Hunter Tyson,3,traded,3
dd811e2c-612f-4c4e-be2d-f5ea82e392cc,2026-02-05T00:00:00.000Z,Waived by Brooklyn (BKN),,1630560,Cam Thomas,,waived,3
05b36e07-5123-4096-b80e-545230397108,2026-02-05T00:00:00.000Z,Waived by Brooklyn (BKN),,1631213,Tyrese Martin,,waived,3
d7c830bc-a685-4881-951d-282b89da1930,2026-02-05T00:00:00.000Z,Waived by Brooklyn (BKN),,1629312,Haywood Highsmith,,waived,3
87faeac7-bc11-4d57-a245-488f9d6d3d5c,2026-02-05T00:00:00.000Z,Waived by Brooklyn (BKN),,1641816,Hunter Tyson,,waived,3
fe4d49ae-408e-4166-b0b2-a13bef41e805,2026-02-05T00:00:00.000Z,Traded to Brooklyn (BKN) from Boston (BOS)  for TBD,2,1631169,Josh Minott,3,traded,3
3314a0f8-81e3-4362-b87e-a4385c69c867,2026-02-05T00:00:00.000Z,Traded to Brooklyn (BKN) from Denver (DEN)  with 2032 2nd round pick for 2026 2nd round pick [least favorable of LAC/ATL],8,1641816,Hunter Tyson,3,traded,3
139f77b3-f1d8-4d3a-8b87-cd08c6ccbe4b,2026-02-04T00:00:00.000Z,Traded to Brooklyn (BKN) from Toronto (TOR) as part of a 3-team trade: LA (LAC) traded  Chris Paul to Toronto (TOR); LA (LAC) traded $3.5 million to Brooklyn (BKN); Toronto (TOR) traded 2032 2nd round pick to Brooklyn (BKN); Brooklyn (BKN) traded TBD to LA (LAC),28,1630534,Ochai Agbaji,3,traded,3
413b6a44-929e-461d-8880-b536d54db6c7,2026-02-04T00:00:00.000Z,Traded to Brooklyn (BKN) from Toronto (TOR) as part of a 3-team trade: LA (LAC) traded  Chris Paul to Toronto (TOR); LA (LAC) traded $3.5 million to Brooklyn (BKN); Toronto (TOR) traded 2032 2nd round pick to Brooklyn (BKN); Brooklyn (BKN) traded  Vanja Marinkovic to LA (LAC),28,1630534,Ochai Agbaji,3,traded,3
512fb55c-64ac-4a4c-a75b-c70d1bea7896,2026-02-04T00:00:00.000Z,Traded to Brooklyn (BKN) from Toronto (TOR) as part of a 3-team trade: LA (LAC) traded  Chris Paul to Toronto (TOR); LA (LAC) traded $3.5 million to Brooklyn (BKN); Toronto (TOR) traded a 2032 2nd round pick [TOR pick]  to Brooklyn (BKN); Brooklyn (BKN) traded  Vanja Marinkovic to LA (LAC),28,1630534,Ochai Agbaji,3,traded,3
9b9f2455-db0a-45a2-8b4f-3888fc062c41,2025-12-26T00:00:00.000Z,Signed a Two-Way contract with Brooklyn (BKN),,1643052,Chaney Johnson,,signedTwoWay,3
eb15bdb2-129b-4117-a5e1-cd506c9dbace,2025-10-22T00:00:00.000Z,Brooklyn (BKN) exercised $5.41 million option for 2026-27,,1641730,Noah Clowney,,exercisedTeamOption,3
5556349d-2288-4c2b-81e5-1bf20b5eca28,2026-07-10T00:00:00.000Z,"Traded to Charlotte (CHA) from Chicago (CHI) as part of a 4-team trade: Minnesota (MIN) traded  Julius Randle and  Joshua Jefferson to Brooklyn (BKN); Minnesota (MIN) traded  Naz Reid,  Matteo Spagnolo, a 2028 1st round pick [CHA right to swap] , a 2029 1st round pick [CHA right to swap; 6-30 protected] , a 2030 1st round pick [CHA right to swap] , a 2033 1st round pick, a 2029 2nd round pick [MIN pick] , a 2032 2nd round pick [MIN pick]  and a 2033 2nd round pick [MIN pick]  to Charlotte (CHA); Brooklyn (BKN) traded  Nicolas Claxton to Chicago (CHI); Brooklyn (BKN) traded  Isaiah Evans to Minnesota (MIN); Charlotte (CHA) traded  LaMelo Ball and  Josh Green to Minnesota (MIN)",5,1631338,Mouhamadou Gueye,4,traded,4
c4ddd314-25de-459f-a674-2c69b25295fb,2026-07-06T00:00:00.000Z,Signed a 4 year $20.61 million Rookie Scale contract with Charlotte (CHA),,1643515,Christian Anderson,,signedContract,4
d617ad88-4167-4edf-b719-b65cabbcbd2d,2026-07-06T00:00:00.000Z,Waived by Charlotte (CHA),,1641787,Tosan Evbuomwan,,waived,4
6c175100-502c-4d73-9db3-2af07166218d,2026-07-06T00:00:00.000Z,Signed a 3 year $74 million contract with Charlotte (CHA),,1629632,Coby White,,signedContract,4
6fb06cce-a186-4ffd-8976-c2b81e27b2cd,2026-07-06T00:00:00.000Z,"Traded to Charlotte (CHA) from Houston (HOU)  for a 2027 2nd round pick [MEM pick] , a 2028 2nd round pick [HOU pick]  and a 2033 2nd round pick [HOU pick]",11,1627827,Dorian Finney-Smith,4,traded,4
b0dbf9ca-837f-409d-8678-07f708f968eb,2026-07-06T00:00:00.000Z,Signed a 4 year $24.98 million Rookie Scale contract with Charlotte (CHA),,1643419,Hannes Steinbach,,signedContract,4
4d0c2b17-acf6-4234-aa2c-9673be6324b3,2026-06-29T00:00:00.000Z,Charlotte (CHA) exercised $3.82 million option for 2026-27,,1626192,Pat Connaughton,,exercisedTeamOption,4
a895fb4d-694b-449b-a917-5a44cf787fe1,2026-06-29T00:00:00.000Z,Charlotte (CHA) declined to tender Qualifying Offer; becomes an Unrestricted Free Agent,,1641810,Antonio Reeves,,qualifyingOfferExtended,4
daa276b2-7d78-4896-b7e6-5568dc200efd,2026-06-28T00:00:00.000Z,"Traded to Charlotte (CHA) from Phoenix (PHX)  with  Royce O'Neale and a 2033 1st round pick [unprotected]  for  Miles Bridges, a 2029 1st round pick [least favorable CLE/MIN/UTA pick + top-5 protected]  and a 2027 2nd round pick [least favorable of BOS/ORL pick]",24,1628960,Grayson Allen,4,traded,4
ac7db185-e802-4e97-b24e-295e1832a4dd,2026-06-28T00:00:00.000Z,"Traded to Charlotte (CHA) from Phoenix (PHX)  with  Grayson Allen and a 2033 1st round pick [unprotected]  for  Miles Bridges, a 2029 1st round pick [least favorable CLE/MIN/UTA pick + top-5 protected]  and a 2027 2nd round pick [least favorable of BOS/ORL pick]",24,1626220,Royce O'Neale,4,traded,4
0aaf0192-b967-472d-9876-7c197b283292,2026-06-25T00:00:00.000Z,"Traded to Charlotte (CHA) from Minnesota (MIN)  for  LaMelo Ball,  Josh Green, a 2028 pick [CHA right to swap with MIN] , a 2033 pick [unprotected] , a 2029 1st round pick [CHA right to swap with MIN] , a 2030 1st round pick [CHA right to swap with MIN] , a 2029 2nd round pick, a 2032 2nd round pick and a 2033 2nd round pick",18,1629675,Naz Reid,4,traded,4
77099b4a-0803-47ef-8f33-e1f9350cee3c,2026-06-23T00:00:00.000Z,Drafted by Charlotte (CHA): Round 1 (#14 overall),,1643419,Hannes Steinbach,,drafted,4
cb764142-9fdb-4731-8ce1-8edfe945cb40,2026-06-23T00:00:00.000Z,Drafted by Charlotte (CHA): Round 1 (#18 overall),,1643515,Christian Anderson,,drafted,4
49bf3933-1f44-42f5-8857-948b20d2c804,2026-02-09T00:00:00.000Z,Waived by Charlotte (CHA),,1631103,Malaki Branham,,waived,4
4f970d3a-0797-46dd-9eda-10febc61b4d4,2026-02-09T00:00:00.000Z,Signed a 2 year Rest-of-Season contract with Charlotte (CHA) - includes 2026-27 Club Option,,1626192,Pat Connaughton,,signedContract,4
b6c13a57-5f46-44b9-88b7-df5feeb01df9,2026-02-06T00:00:00.000Z,Signed a Two-Way contract with Charlotte (CHA),,1641787,Tosan Evbuomwan,,signedTwoWay,4
924fffd2-b783-4a58-a2d9-5ed21dd1c572,2026-02-06T00:00:00.000Z,Waived by Charlotte (CHA),,1642354,KJ Simpson,,waived,4
554802e6-a247-4dd1-8c17-b8865b169371,2026-02-05T00:00:00.000Z,"Traded to Charlotte (CHA) from Boston (BOS)  with $3,500,000 for TBD",2,1630214,Xavier Tillman,4,traded,4
baf8ac4f-403a-404e-abc5-2333944a6096,2026-02-05T00:00:00.000Z,Waived by Charlotte (CHA),,201144,Mike Conley,,waived,4
3d9730b1-916f-4c52-babd-a7acc6a8bec9,2026-02-05T00:00:00.000Z,Waived by Charlotte (CHA) via Buyout,,201144,Mike Conley,,waived,4
312f8552-5ee9-4e40-a703-a098b2061307,2026-02-04T00:00:00.000Z,"Traded to Charlotte (CHA) from Chicago (CHI)  with  Mike Conley, a 2nd round pick [2nd-round pick] , a 2nd round pick [2nd-round pick]  and a 2nd round pick [2nd-round pick]  for  Collin Sexton and  Ousmane Dieng",5,1629632,Coby White,4,traded,4
ab4aba3a-46dd-464e-bacd-034cd9f25db9,2026-02-04T00:00:00.000Z,Traded to Charlotte (CHA) from Chicago (CHI)  with  Coby White  and three 2nd-round picks for  Collin Sexton and  Ousmane Dieng,5,201144,Mike Conley,4,traded,4
e5fdfdb1-4127-449b-90f0-37624c8f44b1,2026-02-04T00:00:00.000Z,"Traded to Charlotte (CHA) from Chicago (CHI)  with  Coby White ,  2nd round pick [2nd-round pick] ,  2nd round pick [2nd-round pick]  and  2nd round pick [2nd-round pick]  for  Collin Sexton and  Ousmane Dieng",5,201144,Mike Conley,4,traded,4
cb035ad8-cd30-4dcc-818e-7081512915f3,2026-02-04T00:00:00.000Z,Traded to Charlotte (CHA) from Oklahoma City (OKC)  with 2029 2nd round pick for  Mason Plumlee,21,1631172,Ousmane Dieng,4,traded,4
5865d0ce-4f3f-46c2-9cda-42a50e2e0bfc,2026-02-04T00:00:00.000Z,"Traded to Charlotte (CHA) from Chicago (CHI)  with  Coby White, a 2nd round pick [2nd-round pick] , a 2nd round pick [2nd-round pick]  and a 2nd round pick [2nd-round pick]  for  Collin Sexton and  Ousmane Dieng",5,201144,Mike Conley,4,traded,4
048302bb-25ee-4416-bbfa-089a51ebca66,2026-02-04T00:00:00.000Z,Traded to Charlotte (CHA) from Chicago (CHI)  with  Mike Conley  and three 2nd-round picks for  Collin Sexton and  Ousmane Dieng,5,1629632,Coby White,4,traded,4
edcd8187-11bc-4d81-8382-b353017c956e,2026-02-04T00:00:00.000Z,Traded to Charlotte (CHA) from Oklahoma City (OKC)  with a 2029 2nd round pick for  Mason Plumlee,21,1631172,Ousmane Dieng,4,traded,4
ed1c7f03-cd4e-4e93-beb3-b5a13981bae1,2026-02-04T00:00:00.000Z,"Traded to Charlotte (CHA) from Chicago (CHI)  with  Mike Conley ,  2nd round pick [2nd-round pick] ,  2nd round pick [2nd-round pick]  and  2nd round pick [2nd-round pick]  for  Collin Sexton and  Ousmane Dieng",5,1629632,Coby White,4,traded,4
0d6eb054-1178-43eb-9e3a-7202a8954507,2026-02-04T00:00:00.000Z,Waived by Charlotte (CHA),,1626192,Pat Connaughton,,waived,4
535f8d13-43ff-434b-bcb4-ff7ac743530e,2026-02-04T00:00:00.000Z,Traded to Charlotte (CHA) from Orlando (ORL)  for cash considerations,22,1626145,Tyus Jones,4,traded,4
a5bb6229-c1ae-4b55-bf7d-841b31cd98d4,2025-12-24T00:00:00.000Z,Signed a Two-Way contract with Charlotte (CHA),,1641790,PJ Hall,,signedTwoWay,4
5d5c9ea3-e242-4d69-830c-414dee52e426,2025-12-24T00:00:00.000Z,Waived by Charlotte (CHA),,1641809,Drew Peterson,,waived,4
419de18a-f0ba-487d-8c17-55f2408531d7,2025-12-24T00:00:00.000Z,Signed a 2 year Two-Way contract with Charlotte (CHA),,1641790,PJ Hall,,signedTwoWay,4
26a53133-6730-4dde-a3a2-2ae79f606cd1,2025-10-31T00:00:00.000Z,Charlotte (CHA) exercised $15.10 million option for 2026-27,,1641706,Brandon Miller,,exercisedTeamOption,4
dccb6cee-db41-4d13-b0d2-cdddc58bbaad,2025-10-31T00:00:00.000Z,Charlotte (CHA) exercised $8.24 million option for 2026-27,,1642275,Tidjane Salaun,,exercisedTeamOption,4
c95626c6-5311-4084-adab-54f81c0150a6,2026-07-10T00:00:00.000Z,"Traded to Chicago (CHI) from Brooklyn (BKN) as part of a 4-team trade: Chicago (CHI) traded  Mouhamadou Gueye to Charlotte (CHA); Minnesota (MIN) traded  Julius Randle and  Joshua Jefferson to Brooklyn (BKN); Minnesota (MIN) traded  Naz Reid,  Matteo Spagnolo, a 2028 1st round pick [CHA right to swap] , a 2029 1st round pick [CHA right to swap; 6-30 protected] , a 2030 1st round pick [CHA right to swap] , a 2033 1st round pick, a 2029 2nd round pick [MIN pick] , a 2032 2nd round pick [MIN pick]  and a 2033 2nd round pick [MIN pick]  to Charlotte (CHA); Brooklyn (BKN) traded  Isaiah Evans to Minnesota (MIN); Charlotte (CHA) traded  LaMelo Ball and  Josh Green to Minnesota (MIN)",3,1629651,Nic Claxton,5,traded,5
904d498d-442e-426e-bbb7-e2b436708fc6,2026-07-10T00:00:00.000Z,Signed a 2 year $44.08 million contract with Chicago (CHI) - includes 2027-28 Team Option,,1626181,Norman Powell,,signedContract,5
aa2bec40-ef82-4885-a371-a80556054c4c,2026-07-10T00:00:00.000Z,Signed a 2 year $45 million contract with Chicago (CHI),,1626181,Norman Powell,,signedContract,5
1c2f4204-ebed-4b10-8e90-4e523da6d20b,2026-07-03T00:00:00.000Z,Signed a 4 year $24.01 million Rookie Scale contract with Chicago (CHI),,1643517,Dailyn Swain,,signedContract,5
35bc9d07-1005-4c08-aef8-56088a736fda,2026-07-03T00:00:00.000Z,Signed a 4 year $48.52 million Rookie Scale contract with Chicago (CHI),,1643410,Caleb Wilson,,signedContract,5
98d78930-ef1a-49ab-83bf-b46778343872,2026-06-30T00:00:00.000Z,Signed a 2 year $17 million contract extension with Chicago (CHI) - includes 2027-28 Team Option,,1628380,Zach Collins,,signedExtension,5
9406bbb3-f5d4-42bb-b663-7b9642644d3f,2026-06-30T00:00:00.000Z,Waived by Chicago (CHI),,1642880,Kam Jones,,waived,5
7c893738-6b75-45f9-a604-a8f1964e475a,2026-06-29T00:00:00.000Z,Chicago (CHI) declined to tender Qualifying Offer; becomes an Unrestricted Free Agent,,1642950,Lachlan Olbrich,,qualifyingOfferExtended,5
3fb867f7-65ea-48a8-89fd-ed9886e48707,2026-06-29T00:00:00.000Z,Chicago (CHI) declined to tender Qualifying Offer; becomes an Unrestricted Free Agent,,1630644,Mac McClung,,qualifyingOfferExtended,5
f9baad57-f16d-4629-b2ff-db5db708cd33,2026-06-29T00:00:00.000Z,Chicago (CHI) declined to tender Qualifying Offer; becomes an Unrestricted Free Agent,,1642530,Yuki Kawamura,,qualifyingOfferExtended,5
07d3bfb5-8f7d-4236-91a6-458c72603dc7,2026-06-26T00:00:00.000Z,Chicago (CHI) exercised $2.41 million option for 2026-27,,1631338,Mouhamadou Gueye,,exercisedTeamOption,5
9d039beb-1d60-40b9-88fd-e749043d63a5,2026-06-26T00:00:00.000Z,Chicago (CHI) exercised $2.4 million option for 2026-27,,1631159,Leonard Miller,,exercisedTeamOption,5
e01d750d-23d1-4402-a1ed-0ee3eb6930d4,2026-06-24T00:00:00.000Z,Traded to Chicago (CHI) from Indiana (IND)  with future swaps and cash considerations for  Braden Smith,12,1642880,Kam Jones,5,traded,5
a3c9a1dd-f476-4b51-8b8b-0cf17a7dd282,2026-06-23T00:00:00.000Z,Drafted by Chicago (CHI): Round 1 (#15 overall),,1643517,Dailyn Swain,,drafted,5
4aae35e0-6f73-4403-9052-305f8817c9b5,2026-06-23T00:00:00.000Z,Drafted by Chicago (CHI): Round 1 (#4 overall),,1643410,Caleb Wilson,,drafted,5
77399991-2eb3-4007-bb48-a512a36a036f,2026-06-22T00:00:00.000Z,Traded to Chicago (CHI) from Brooklyn (BKN) as part of a 3-team trade: Chicago (CHI) traded  Mouhamadou Gueye to Minnesota (MIN); Minnesota (MIN) traded  Julius Randle and a 2026 1st round pick (#28) to Brooklyn (BKN); Brooklyn (BKN) traded a 2026 2nd round pick (#33) to Minnesota (MIN),3,1629651,Nic Claxton,5,traded,5
821ed9e8-f227-4379-9977-3b61324eecbb,2026-04-09T00:00:00.000Z,Signed a 2 year $2.46 million Rest-of-Season contract with Chicago (CHI) - includes 2026-27 Club Option,,1631338,Mouhamadou Gueye,,signedContract,5
af871922-0e99-44d9-9e4a-585016b3410d,2026-03-30T00:00:00.000Z,Waived by Chicago (CHI),,1631093,Jaden Ivey,,waived,5
5d2a3b50-955a-4f4b-8a6e-6f745aa1641a,2026-02-05T00:00:00.000Z,"Traded to Chicago (CHI) from Minnesota (MIN)  with  Rob Dillingham , 2026 2nd round pick [least favorable of DEN/GSW] , 2027 2nd round pick [CLE pick] , 2031 2nd round pick [more favorable of MIN/GSW]  and 2032 2nd round pick [more favorable of PHX/HOU]  for  Ayo Dosunmu and  Julian Phillips",18,1631159,Leonard Miller,5,traded,5
886c14fe-7749-47cb-98b2-37271d56cb1c,2026-02-05T00:00:00.000Z,Traded to Chicago (CHI) from Phoenix (PHX) as part of a 3-team trade: Chicago (CHI) traded  Ousmane Dieng to Milwaukee (MIL); Milwaukee (MIL) traded  Cole Anthony and  Amir Coffey to Phoenix (PHX); Phoenix (PHX) traded  Nigel Hayes-Davis to Milwaukee (MIL),24,1630208,Nick Richards,5,traded,5
76630734-a3f6-4c20-9c7c-2725211d7e07,2026-02-05T00:00:00.000Z,Traded to Chicago (CHI) from New York (NYK)  for  Dalen Terry,20,1627824,Guerschon Yabusele,5,traded,5
fee71c5f-badf-42ec-bf92-e6cedbec3111,2026-02-05T00:00:00.000Z,Traded to Chicago (CHI) from Boston (BOS)  with a 2026 2nd round pick [most favorable of MIN/NOP/NYK/POR pick]  for  Nikola Vucevic and a 2027 2nd round pick [DEN pick],2,1629014,Anfernee Simons,5,traded,5
c78d9f73-644d-4c4a-a8c7-3fc083c17240,2026-02-05T00:00:00.000Z,"Traded to Chicago (CHI) from Minnesota (MIN)  with  Leonard Miller, a 2026 2nd round pick [least favorable of DEN/GSW] , a 2027 2nd round pick [CLE pick] , a 2031 2nd round pick [more favorable of MIN/GSW]  and a 2032 2nd round pick [more favorable of PHX/HOU]  for  Ayo Dosunmu and  Julian Phillips",18,1642265,Rob Dillingham,5,traded,5
7a130ef3-4125-440a-b000-e7d75be6ec9a,2026-02-05T00:00:00.000Z,Signed a Two-Way contract with Chicago (CHI),,1630644,Mac McClung,,signedTwoWay,5
78c827fd-55d7-4506-a29f-82626c97f8e1,2026-02-05T00:00:00.000Z,"Traded to Chicago (CHI) from Minnesota (MIN)  with  Leonard Miller , 2026 2nd round pick [least favorable of DEN/GSW] , 2027 2nd round pick [CLE pick] , 2031 2nd round pick [more favorable of MIN/GSW]  and 2032 2nd round pick [more favorable of PHX/HOU]  for  Ayo Dosunmu and  Julian Phillips",18,1642265,Rob Dillingham,5,traded,5
d731632a-342e-477e-bdca-04a55a10dc99,2026-02-05T00:00:00.000Z,Traded to Chicago (CHI) from New York (NYK)  with cash considerations for  Dalen Terry,20,1627824,Guerschon Yabusele,5,traded,5
42794ff4-0ec3-4a2f-8da8-54018ad530ea,2026-02-05T00:00:00.000Z,Chicago (CHI) declined an option for 2026-27 as part of the NYK-CHI trade,,1627824,Guerschon Yabusele,,declined,5
b227fd48-1aee-4e2e-ad2f-cb12ddb80f1b,2026-02-05T00:00:00.000Z,"Traded to Chicago (CHI) from Minnesota (MIN)  with  Rob Dillingham, a 2026 2nd round pick [least favorable of DEN/GSW] , a 2027 2nd round pick [CLE pick] , a 2031 2nd round pick [more favorable of MIN/GSW]  and a 2032 2nd round pick [more favorable of PHX/HOU]  for  Ayo Dosunmu and  Julian Phillips",18,1631159,Leonard Miller,5,traded,5
6f5edd2f-5a93-4714-9b83-b723bc4374d5,2026-02-04T00:00:00.000Z,"Traded to Chicago (CHI) from Oklahoma City (OKC)  with  Collin Sexton  for  Coby White,  Mike Conley and three 2nd-round picks",21,1631172,Ousmane Dieng,5,traded,5
4bcbbad8-137a-4cb3-99f0-be68d12e5f03,2026-02-04T00:00:00.000Z,"Traded to Chicago (CHI) from Charlotte (CHA)  with  Ousmane Dieng  for  Coby White,  Mike Conley and three 2nd-round picks",4,1629012,Collin Sexton,5,traded,5
9fe8ad3c-bd98-41a0-86ef-e32fb645aa75,2026-02-04T00:00:00.000Z,"Traded to Chicago (CHI) from Oklahoma City (OKC)  with  Collin Sexton  for  Coby White,  Mike Conley,  2nd round pick [2nd-round pick] ,  2nd round pick [2nd-round pick]  and  2nd round pick [2nd-round pick]",21,1631172,Ousmane Dieng,5,traded,5
a7828148-d3bd-4d8a-a490-cda1cf127d61,2026-02-04T00:00:00.000Z,"Traded to Chicago (CHI) from Charlotte (CHA)  with  Ousmane Dieng for  Coby White,  Mike Conley, a 2nd round pick [2nd-round pick] , a 2nd round pick [2nd-round pick]  and a 2nd round pick [2nd-round pick]",4,1629012,Collin Sexton,5,traded,5
de16f2a6-34e2-4309-98bb-1cf2c9e0c6c0,2026-02-04T00:00:00.000Z,"Traded to Chicago (CHI) from Oklahoma City (OKC)  with  Collin Sexton for  Coby White,  Mike Conley, a 2nd round pick [2nd-round pick] , a 2nd round pick [2nd-round pick]  and a 2nd round pick [2nd-round pick]",21,1631172,Ousmane Dieng,5,traded,5
09cf7c3c-3a2b-4fab-a795-f7480659ea03,2026-02-04T00:00:00.000Z,"Traded to Chicago (CHI) from Charlotte (CHA)  with  Ousmane Dieng  for  Coby White,  Mike Conley,  2nd round pick [2nd-round pick] ,  2nd round pick [2nd-round pick]  and  2nd round pick [2nd-round pick]",4,1629012,Collin Sexton,5,traded,5
58203d67-abf3-44ab-8f88-58c30fe1ce1a,2026-02-03T00:00:00.000Z,Traded to Chicago (CHI) from Minnesota (MIN) as part of a 3-team trade: Chicago (CHI) traded  Kevin Huerter and  Dario Saric to Detroit (DET); Detroit (DET) traded  Jaden Ivey to Chicago (CHI); Detroit (DET) traded cash considerations to Minnesota (MIN); Minnesota (MIN) traded a 2026 1st round pick [MIN protected swap]  to Detroit (DET),18,201144,Mike Conley,5,traded,5
f13e1e13-4ae6-4133-ade7-75f2ddc3b6bb,2026-02-03T00:00:00.000Z,"Traded to Chicago (CHI) from Detroit (DET)  with  Mike Conley  for  Kevin Huerter,  Dario Saric and 2026 1st round pick [MIN protected swap]",9,1631093,Jaden Ivey,5,traded,5
a5dfce8a-65c6-4585-8c52-cf55734e6012,2026-02-03T00:00:00.000Z,Traded to Chicago (CHI) from Detroit (DET) as part of a 3-team trade: Chicago (CHI) traded  Kevin Huerter and  Dario Saric to Detroit (DET); Detroit (DET) traded cash considerations to Minnesota (MIN); Minnesota (MIN) traded  Mike Conley to Chicago (CHI); Minnesota (MIN) traded 2026 1st round pick to Detroit (DET),9,1631093,Jaden Ivey,5,traded,5
2e42aa25-3f2c-48c2-b52d-fd1091921e2b,2026-02-03T00:00:00.000Z,"Traded to Chicago (CHI) from Minnesota (MIN)  with  Jaden Ivey  for  Kevin Huerter,  Dario Saric and 2026 1st round pick [MIN protected swap]",18,201144,Mike Conley,5,traded,5
cfbf6bfc-411b-4319-acd2-89329464b75b,2026-02-03T00:00:00.000Z,Traded to Chicago (CHI) from Minnesota (MIN) as part of a 3-team trade: Chicago (CHI) traded  Kevin Huerter and  Dario Saric to Detroit (DET); Detroit (DET) traded  Jaden Ivey to Chicago (CHI); Detroit (DET) traded cash considerations to Minnesota (MIN); Minnesota (MIN) traded 2026 1st round pick to Detroit (DET),18,201144,Mike Conley,5,traded,5
4f4a105e-edf7-4106-ab55-fd275ada2f9f,2026-02-03T00:00:00.000Z,Traded to Chicago (CHI) from Detroit (DET) as part of a 3-team trade: Chicago (CHI) traded  Kevin Huerter and  Dario Saric to Detroit (DET); Detroit (DET) traded cash considerations to Minnesota (MIN); Minnesota (MIN) traded  Mike Conley to Chicago (CHI); Minnesota (MIN) traded a 2026 1st round pick [MIN protected swap]  to Detroit (DET),9,1631093,Jaden Ivey,5,traded,5
5bfa8efb-b3cb-4084-a074-a707f1f22e67,2026-02-03T00:00:00.000Z,Traded to Chicago (CHI) from Boston (BOS)  with 2026 2nd round pick [most favorable of MIN/NOP/NYK/POR pick]  for  Nikola Vucevic and 2027 2nd round pick [DEN pick],2,1629014,Anfernee Simons,5,traded,5
040e5ce5-83a7-4ffc-849c-359999cfac2f,2026-02-01T00:00:00.000Z,Traded to Chicago (CHI) from Sacramento (SAC) as part of a 3-team trade: Chicago (CHI) traded  Emanuel Miller to Cleveland (CLE); Cleveland (CLE) traded a 2027 2nd round pick [DEN pick]  to Chicago (CHI); Cleveland (CLE) traded  De'Andre Hunter to Sacramento (SAC); Sacramento (SAC) traded a 2029 2nd round pick [least favorable]  to Chicago (CHI); Sacramento (SAC) traded  Dennis Schröder and  Keon Ellis to Cleveland (CLE),26,203967,Dario Šarić,5,traded,5
7ffec1b4-b1f3-4a00-a647-163b18f9e5f3,2026-02-01T00:00:00.000Z,Waived by Chicago (CHI),,1628975,Jevon Carter,,waived,5
d0b540dd-9de8-4227-bfb4-715920eb89d8,2026-02-01T00:00:00.000Z,Traded to Chicago (CHI) from Sacramento (SAC) as part of a 3-team trade: Chicago (CHI) traded  Emanuel Miller to Cleveland (CLE); Cleveland (CLE) traded 2027 2nd round pick to Chicago (CHI); Cleveland (CLE) traded  De'Andre Hunter to Sacramento (SAC); Sacramento (SAC) traded 2029 2nd round pick to Chicago (CHI); Sacramento (SAC) traded  Dennis Schröder and  Keon Ellis to Cleveland (CLE),26,203967,Dario Šarić,5,traded,5
e1312462-6e6b-42dd-a1d3-5c2635c919fa,2026-02-01T00:00:00.000Z,Traded to Chicago (CHI) from Sacramento (SAC) as part of a 3-team trade: Cleveland (CLE) traded 2027 2nd round pick to Chicago (CHI); Cleveland (CLE) traded  De'Andre Hunter to Sacramento (SAC); Sacramento (SAC) traded 2029 2nd round pick to Chicago (CHI); Sacramento (SAC) traded  Dennis Schröder and  Keon Ellis to Cleveland (CLE),26,203967,Dario Šarić,5,traded,5
3af94bf0-da91-4c0b-b3d2-ba435265f518,2026-01-06T00:00:00.000Z,Waived by Chicago (CHI),,1642280,Trentyn Flowers,,waived,5
2b151a3e-f20a-41fa-9484-26c77b75e4fe,2026-07-08T00:00:00.000Z,Declined $53.81 million Player Option with Cleveland (CLE) for 2027-28 as part of extension,,1628378,Donovan Mitchell,,declined,6
185e2cd3-164e-455c-9a49-968e24f2c080,2026-07-07T00:00:00.000Z,Signed a 1 year $3.52 million contract with Cleveland (CLE),,1628418,Thomas Bryant,,signedContract,6
5627319c-5018-4dcb-8644-e6a9b246cc42,2026-07-07T00:00:00.000Z,Signed a 4 year $272.7 million maximum contract extension with Cleveland (CLE) - includes 2030-31 Player Option,,1628378,Donovan Mitchell,,signedExtension,6
21fa8e4e-3e17-44ad-8d08-68a7c392f486,2026-06-29T00:00:00.000Z,Cleveland (CLE) declined to tender Qualifying Offer; becomes an Unrestricted Free Agent,,1630846,Olivier Sarr,,qualifyingOfferExtended,6
79e36423-c738-47ec-9b7e-42040f63b83a,2026-06-29T00:00:00.000Z,Declined $4.23 million Player Option with Cleveland (CLE) for 2026-27,,201935,James Harden,,declined,6
6da1d3e0-e6e6-4ad1-915c-dbec30573a05,2026-06-23T00:00:00.000Z,Drafted by Cleveland (CLE): Round 1 (#29 overall),,1642284,Alex Karaban,,drafted,6
d22a223a-6ef8-4321-967a-5a1e48059aae,2026-06-22T00:00:00.000Z,Cleveland (CLE) exercised a $2.41 million option for 2026-27,,1641854,Craig Porter Jr.,,exercisedTeamOption,6
5c403512-df53-4d2e-b733-f00f8db58818,2026-03-03T00:00:00.000Z,Signed a Two-Way contract with Cleveland (CLE),,1630846,Olivier Sarr,,signedTwoWay,6
dd16de3d-9c99-4760-8e01-e30edfc61696,2026-02-20T00:00:00.000Z,Signed a Two-Way contract with Cleveland (CLE),,1642468,Darius Brown,,signedTwoWay,6
c1689904-3361-4607-81c6-75ee1ab84a8b,2026-02-20T00:00:00.000Z,Waived by Cleveland (CLE),,1641801,Emanuel Miller,,waived,6
788ce3ea-3893-4d8c-9f80-f0f3b9cb63f9,2026-02-13T00:00:00.000Z,Signed a 2 year Two-Way contract with Cleveland (CLE),,1642434,Riley Minix,,signedTwoWay,6
c8663627-f71c-4f1e-ba58-b66534abb85d,2026-02-11T00:00:00.000Z,Signed a 2 year $3.13 million Rest-of-Season contract with Cleveland (CLE) via converted Two-Way contract,,1641772,Nae'Qwan Tomlin,,signedContract,6
a335eaec-0b51-4d22-9d64-7a6663bbb1ef,2026-02-04T00:00:00.000Z,Traded to Cleveland (CLE) from LA (LAC)  for  Darius Garland and a 2026 2nd round pick [CLE pick],13,201935,James Harden,6,traded,6
da01c2b2-b5ef-42bb-a556-4e5faf7c9339,2026-02-03T00:00:00.000Z,Traded to Cleveland (CLE) from LA (LAC)  for  Darius Garland and 2026 2nd round pick [CLE pick],13,201935,James Harden,6,traded,6
bf9f6a50-e370-485d-bf8b-7d0ce0ae63b1,2026-02-01T00:00:00.000Z,Traded to Cleveland (CLE) from Sacramento (SAC) as part of a 3-team trade: Chicago (CHI) traded  Emanuel Miller to Cleveland (CLE); Cleveland (CLE) traded a 2027 2nd round pick [DEN pick]  to Chicago (CHI); Cleveland (CLE) traded  De'Andre Hunter to Sacramento (SAC); Sacramento (SAC) traded  Dario Saric and a 2029 2nd round pick [least favorable]  to Chicago (CHI); Sacramento (SAC) traded  Dennis Schröder to Cleveland (CLE),26,1631165,Keon Ellis,6,traded,6
e055694a-fbcc-4f5b-9dc8-156b10737d7d,2026-02-01T00:00:00.000Z,Traded to Cleveland (CLE) from Chicago (CHI) as part of a 3-team trade: Cleveland (CLE) traded a 2027 2nd round pick [DEN pick]  to Chicago (CHI); Cleveland (CLE) traded  De'Andre Hunter to Sacramento (SAC); Sacramento (SAC) traded  Dario Saric and a 2029 2nd round pick [least favorable]  to Chicago (CHI); Sacramento (SAC) traded  Dennis Schröder and  Keon Ellis to Cleveland (CLE),5,1641801,Emanuel Miller,6,traded,6
3d204a96-1f67-4983-9f28-901e1d3639c4,2026-02-01T00:00:00.000Z,Traded to Cleveland (CLE) from Chicago (CHI) as part of a 3-team trade: Cleveland (CLE) traded 2027 2nd round pick to Chicago (CHI); Cleveland (CLE) traded  De'Andre Hunter to Sacramento (SAC); Sacramento (SAC) traded  Dario Saric and 2029 2nd round pick to Chicago (CHI); Sacramento (SAC) traded  Dennis Schröder and  Keon Ellis to Cleveland (CLE),5,1641801,Emanuel Miller,6,traded,6
41bcfded-6956-4ce9-a356-81392cc296ab,2026-02-01T00:00:00.000Z,Traded to Cleveland (CLE) from Sacramento (SAC) as part of a 3-team trade: Cleveland (CLE) traded 2027 2nd round pick to Chicago (CHI); Cleveland (CLE) traded  De'Andre Hunter to Sacramento (SAC); Sacramento (SAC) traded  Dario Saric and 2029 2nd round pick to Chicago (CHI); Sacramento (SAC) traded  Dennis Schröder to Cleveland (CLE),26,1631165,Keon Ellis,6,traded,6
df39bc75-f672-4760-92b0-9bdb91cb9ee7,2026-02-01T00:00:00.000Z,Traded to Cleveland (CLE) from Sacramento (SAC) as part of a 3-team trade: Chicago (CHI) traded  Emanuel Miller to Cleveland (CLE); Cleveland (CLE) traded 2027 2nd round pick to Chicago (CHI); Cleveland (CLE) traded  De'Andre Hunter to Sacramento (SAC); Sacramento (SAC) traded  Dario Saric and 2029 2nd round pick to Chicago (CHI); Sacramento (SAC) traded  Dennis Schröder to Cleveland (CLE),26,1631165,Keon Ellis,6,traded,6
06f67950-749c-4c6e-add9-d73d89e816bf,2026-02-01T00:00:00.000Z,Traded to Cleveland (CLE) from Sacramento (SAC) as part of a 3-team trade: Chicago (CHI) traded  Emanuel Miller to Cleveland (CLE); Cleveland (CLE) traded a 2027 2nd round pick [DEN pick]  to Chicago (CHI); Cleveland (CLE) traded  De'Andre Hunter to Sacramento (SAC); Sacramento (SAC) traded  Dario Saric and a 2029 2nd round pick [least favorable]  to Chicago (CHI); Sacramento (SAC) traded  Keon Ellis to Cleveland (CLE),26,203471,Dennis Schröder,6,traded,6
8c2ebb41-bd10-4bce-bc17-25c75e69dbe8,2026-02-01T00:00:00.000Z,Traded to Cleveland (CLE) from Sacramento (SAC) as part of a 3-team trade: Chicago (CHI) traded  Emanuel Miller to Cleveland (CLE); Cleveland (CLE) traded 2027 2nd round pick to Chicago (CHI); Cleveland (CLE) traded  De'Andre Hunter to Sacramento (SAC); Sacramento (SAC) traded  Dario Saric and 2029 2nd round pick to Chicago (CHI); Sacramento (SAC) traded  Keon Ellis to Cleveland (CLE),26,203471,Dennis Schröder,6,traded,6
305b875a-d98a-4669-aec4-73ee25b92856,2026-02-01T00:00:00.000Z,Traded to Cleveland (CLE) from Sacramento (SAC) as part of a 3-team trade: Cleveland (CLE) traded 2027 2nd round pick to Chicago (CHI); Cleveland (CLE) traded  De'Andre Hunter to Sacramento (SAC); Sacramento (SAC) traded  Dario Saric and 2029 2nd round pick to Chicago (CHI); Sacramento (SAC) traded  Keon Ellis to Cleveland (CLE),26,203471,Dennis Schröder,6,traded,6
74f8e12e-ad2f-4bec-896b-6a93f53bede2,2026-02-01T00:00:00.000Z,Waived by Cleveland (CLE),,1631247,Luke Travers,,waived,6
2464481d-79db-4e04-ab7b-424d704eff98,2026-01-28T00:00:00.000Z,Signed a Two-Way contract with Cleveland (CLE),,1642400,Tristan Enaruna,,signedTwoWay,6
e4ef87bf-fa9e-4b7d-a0a0-fce3afb26ee8,2026-01-28T00:00:00.000Z,Signed a 2 year Two-Way contract with Cleveland (CLE),,1642400,Tristan Enaruna,,signedTwoWay,6
e2cc019e-95f5-4fa7-afd2-dde011f45a60,2026-01-27T00:00:00.000Z,Waived by Cleveland (CLE),,1641753,Chris Livingston,,waived,6
9f2387ff-f243-4a29-960b-b68534457698,2025-10-31T00:00:00.000Z,Signed a Two-Way contract with Cleveland (CLE),,1641753,Chris Livingston,,signedTwoWay,6
a3d6ae02-5f09-4f0a-a9a7-b537bb4c855d,2025-10-22T00:00:00.000Z,Cleveland (CLE) exercised $3.66 million option for 2026-27,,1642281,Jaylon Tyson,,exercisedTeamOption,6
9ab95fe1-6744-48f8-b752-422fe56a2645,2026-07-10T00:00:00.000Z,Signed a 2 year $6 million contract with Dallas (DAL) - includes 2027-28 Team Option,,1641844,Tarik Biberovic,,signedContract,7
6fcc3305-6276-4f14-becb-b0d1faa011c6,2026-07-08T00:00:00.000Z,Signed a 3 year $17.61 million contract with Dallas (DAL) as part of a Sign-and-Trade with Washington (WAS),,203114,Khris Middleton,,signedContract,7
17567500-c367-4717-bf41-0ab3bf448ef4,2026-07-08T00:00:00.000Z,"Traded to Dallas (DAL) from Memphis (MEM) as part of a 6-team trade: Dallas (DAL) traded  AJ Johnson, a conditional, GSW pick 2030 1st round pick and a 2029 2nd round pick [HOU pick]  to Memphis (MEM); Dallas (DAL) traded  Khris Middleton and a 2033 2nd round pick [DAL pick]  to Washington (WAS); Detroit (DET) traded  Marcus Sasser to Dallas (DAL); Detroit (DET) traded a 2028 2nd round pick [multiple conditions]  to LA (LAC); Detroit (DET) traded  Isaiah Stewart to Memphis (MEM); Detroit (DET) traded  Caris LeVert, a 2027 2nd round pick [least favorable of BKN/DAL pick]  and a 2027 2nd round pick [MIL pick]  to Milwaukee (MIL); LA (LAC) traded  John Collins to Detroit (DET); LA (LAC) traded $1,100,000 to Milwaukee (MIL); Memphis (MEM) traded  Santi Aldama to Dallas (DAL); Memphis (MEM) traded a 2029 2nd round pick [2nd most favorable of DET/NYK/MIL] , a 2031 2nd round pick [DAL pick]  and a 2032 2nd round pick [DET pick]  to Detroit (DET); Milwaukee (MIL) traded  Gary Harris and  Taurean Prince to Detroit (DET); Washington (WAS) traded  D'Angelo Russell, a 2029 2nd round pick [LAL pick] , a 2032 2nd round pick [most favorable of MEM/PHI/UTA pick]  and a 2033 2nd round pick [WAS pick]  to Memphis (MEM)",15,1641844,Tarik Biberovic,7,traded,7
1e8c5277-b322-4522-b2c7-b84441d6ecef,2026-07-08T00:00:00.000Z,"Traded to Dallas (DAL) from Detroit (DET) as part of a 6-team trade: Dallas (DAL) traded  AJ Johnson, a conditional, GSW pick 2030 1st round pick and a 2029 2nd round pick [HOU pick]  to Memphis (MEM); Dallas (DAL) traded  Khris Middleton and a 2033 2nd round pick [DAL pick]  to Washington (WAS); Detroit (DET) traded a 2028 2nd round pick [multiple conditions]  to LA (LAC); Detroit (DET) traded  Isaiah Stewart to Memphis (MEM); Detroit (DET) traded  Caris LeVert, a 2027 2nd round pick [least favorable of BKN/DAL pick]  and a 2027 2nd round pick [MIL pick]  to Milwaukee (MIL); LA (LAC) traded  John Collins to Detroit (DET); LA (LAC) traded $1,100,000 to Milwaukee (MIL); Memphis (MEM) traded  Santi Aldama and  Tarik Biberovic to Dallas (DAL); Memphis (MEM) traded a 2029 2nd round pick [2nd most favorable of DET/NYK/MIL] , a 2031 2nd round pick [DAL pick]  and a 2032 2nd round pick [DET pick]  to Detroit (DET); Milwaukee (MIL) traded  Gary Harris and  Taurean Prince to Detroit (DET); Washington (WAS) traded  D'Angelo Russell, a 2029 2nd round pick [LAL pick] , a 2032 2nd round pick [most favorable of MEM/PHI/UTA pick]  and a 2033 2nd round pick [WAS pick]  to Memphis (MEM)",9,1631204,Marcus Sasser,7,traded,7
5e5c01c4-b264-479c-8557-1fd8a434cd9e,2026-07-08T00:00:00.000Z,"Traded to Dallas (DAL) from Memphis (MEM) as part of a 6-team trade: Dallas (DAL) traded  AJ Johnson, a conditional, GSW pick 2030 1st round pick and a 2029 2nd round pick [HOU pick]  to Memphis (MEM); Dallas (DAL) traded  Khris Middleton and a 2033 2nd round pick [DAL pick]  to Washington (WAS); Detroit (DET) traded  Marcus Sasser to Dallas (DAL); Detroit (DET) traded a 2028 2nd round pick [multiple conditions]  to LA (LAC); Detroit (DET) traded  Isaiah Stewart to Memphis (MEM); Detroit (DET) traded  Caris LeVert, a 2027 2nd round pick [least favorable of BKN/DAL pick]  and a 2027 2nd round pick [MIL pick]  to Milwaukee (MIL); LA (LAC) traded  John Collins to Detroit (DET); LA (LAC) traded $1,100,000 to Milwaukee (MIL); Memphis (MEM) traded  Tarik Biberovic to Dallas (DAL); Memphis (MEM) traded a 2029 2nd round pick [2nd most favorable of DET/NYK/MIL] , a 2031 2nd round pick [DAL pick]  and a 2032 2nd round pick [DET pick]  to Detroit (DET); Milwaukee (MIL) traded  Gary Harris and  Taurean Prince to Detroit (DET); Washington (WAS) traded  D'Angelo Russell, a 2029 2nd round pick [LAL pick] , a 2032 2nd round pick [most favorable of MEM/PHI/UTA pick]  and a 2033 2nd round pick [WAS pick]  to Memphis (MEM)",15,1630583,Santi Aldama,7,traded,7
33d0fd03-77a7-4323-82cb-fdcb12ac9f2c,2026-07-07T00:00:00.000Z,"Traded to Dallas (DAL) from Detroit (DET) as part of a 6-team trade: Dallas (DAL) traded  AJ Johnson, a conditional, GSW pick 2030 1st round pick and a 2029 2nd round pick [HOU pick]  to Memphis (MEM); Dallas (DAL) traded  Khris Middleton and a 2033 2nd round pick [DAL pick]  to Washington (WAS); Detroit (DET) traded a 2028 2nd round pick [multiple conditions]  to LA (LAC); Detroit (DET) traded  Isaiah Stewart to Memphis (MEM); Detroit (DET) traded  Caris LeVert, a 2027 2nd round pick [least favorable of BKN/DAL pick]  and a 2027 2nd round pick [MIL pick]  to Milwaukee (MIL); LA (LAC) traded  John Collins to Detroit (DET); LA (LAC) traded $1,100,000 to Milwaukee (MIL); Memphis (MEM) traded  Santi Aldama and  Tarik Biberovic to Dallas (DAL); Memphis (MEM) traded a 2029 2nd round pick [2nd most favorable of DET/NYK/MIL] , a 2031 2nd round pick [DAL pick]  and a 2032 2nd round pick [DET pick]  to Detroit (DET); Milwaukee (MIL) traded  Gary Harris and  Taurean Prince to Detroit (DET); Washington (WAS) traded  D'Angelo Russell to Dallas (DAL); Washington (WAS) traded a 2029 2nd round pick [LAL pick] , a 2032 2nd round pick [most favorable of MEM/PHI/UTA pick]  and a 2033 2nd round pick [WAS pick]  to Memphis (MEM)",9,1631204,Marcus Sasser,7,traded,7
afb08d84-96b5-4744-a26c-82241eee8545,2026-07-07T00:00:00.000Z,"Traded to Dallas (DAL) from Memphis (MEM) as part of a 6-team trade: Dallas (DAL) traded  AJ Johnson, a conditional, GSW pick 2030 1st round pick and a 2029 2nd round pick [HOU pick]  to Memphis (MEM); Dallas (DAL) traded  Khris Middleton and a 2033 2nd round pick [DAL pick]  to Washington (WAS); Detroit (DET) traded  Marcus Sasser to Dallas (DAL); Detroit (DET) traded a 2028 2nd round pick [multiple conditions]  to LA (LAC); Detroit (DET) traded  Isaiah Stewart to Memphis (MEM); Detroit (DET) traded  Caris LeVert, a 2027 2nd round pick [least favorable of BKN/DAL pick]  and a 2027 2nd round pick [MIL pick]  to Milwaukee (MIL); LA (LAC) traded  John Collins to Detroit (DET); LA (LAC) traded $1,100,000 to Milwaukee (MIL); Memphis (MEM) traded  Tarik Biberovic to Dallas (DAL); Memphis (MEM) traded a 2029 2nd round pick [2nd most favorable of DET/NYK/MIL] , a 2031 2nd round pick [DAL pick]  and a 2032 2nd round pick [DET pick]  to Detroit (DET); Milwaukee (MIL) traded  Gary Harris and  Taurean Prince to Detroit (DET); Washington (WAS) traded  D'Angelo Russell to Dallas (DAL); Washington (WAS) traded a 2029 2nd round pick [LAL pick] , a 2032 2nd round pick [most favorable of MEM/PHI/UTA pick]  and a 2033 2nd round pick [WAS pick]  to Memphis (MEM)",15,1630583,Santi Aldama,7,traded,7
b7d5fac0-fc26-40ca-a588-6d5c0a9c0b3f,2026-07-03T00:00:00.000Z,Signed a 4 year $16.33 million Rookie Scale contract with Dallas (DAL),,1643547,Sergio De Larrea,,signedContract,7
396fc4f8-a38f-4232-ad49-bea046738097,2026-07-02T00:00:00.000Z,Signed a 4 year $30.75 million Rookie Scale contract with Dallas (DAL),,1643516,Morez Johnson,,signedContract,7
ae09da09-8f8a-4419-8a00-c44949a863ad,2026-06-29T00:00:00.000Z,Dallas (DAL) tendered Two-Way Qualifying Offer; becomes a Restricted Free Agent,,1630619,Moussa Cisse,,qualifyingOfferExtended,7
b5839e41-3da2-4299-8c4f-6c6a8d7583c8,2026-06-29T00:00:00.000Z,Dallas (DAL) exercised $2.15 million option for 2026-27,,1642948,Ryan Nembhard,,exercisedTeamOption,7
88b3d5cd-2b18-4925-a372-d4007303418b,2026-06-24T00:00:00.000Z,"Traded to Dallas (DAL) from Los Angeles (LAL) as part of a 4-team trade: Dallas (DAL) traded  Melvin Ajinca, a 2030 2nd round pick and a 2032 2nd round pick to New York (NYK); Dallas (DAL) traded  Koa Peat to Phoenix (PHX); Los Angeles (LAL) traded  Louis Labeyrie,  Chinemelu Elonu and cash considerations to New York (NYK); New York (NYK) traded  Cameron Carr to Los Angeles (LAL); Phoenix (PHX) traded  Tyler Nickel, a 2029 2nd round pick, a 2033 2nd round pick and cash considerations to New York (NYK)",14,1643547,Sergio De Larrea,7,traded,7
15f68392-80dc-4111-8cb1-cd53ca01d9c3,2026-06-23T00:00:00.000Z,Drafted by Dallas (DAL): Round 1 (#9 overall),,1643516,Morez Johnson,,drafted,7
8fbbe6e8-8a21-4030-832b-c716c562d3a2,2026-06-23T00:00:00.000Z,Drafted by Dallas (DAL): Round 1 (#30 overall),,1643520,Koa Peat,,drafted,7
26d3a11e-c20f-4b74-9130-5c9aa9b3b6a8,2026-02-28T00:00:00.000Z,Signed a 2 year $2.47 million Rest-of-Season contract with Dallas (DAL) - includes 2026-27 Club Option,,1642948,Ryan Nembhard,,signedContract,7
db17a9d9-ba99-457a-93c6-0ea276cdeba4,2026-02-28T00:00:00.000Z,Signed a 2 year Two-Way contract with Dallas (DAL),,1641890,Tyler Smith,,signedTwoWay,7
a7fafde5-d4f5-43eb-af40-51c54c860eab,2026-02-28T00:00:00.000Z,Waived by Dallas (DAL),,1626145,Tyus Jones,,waived,7
6069f13b-2b9b-4ce7-88b3-34c05e8c52cd,2026-02-05T00:00:00.000Z,"Traded to Dallas (DAL) from Charlotte (CHA) as part of a 3-team trade: Dallas (DAL) traded  Anthony Davis,  Jaden Hardy,  D'Angelo Russell and  Dante Exum to Washington (WAS); Washington (WAS) traded  Khris Middleton,  AJ Johnson,  Marvin Bagley III, a 2026 1st round pick [OKC pick] , a 2030 1st round pick [GSW pick] , a 2027 2nd round pick [CHI pick] , a 2029 2nd round pick [PHX pick]  and a 2029 2nd round pick [HOU pick]  to Dallas (DAL); Washington (WAS) traded  Malaki Branham to Charlotte (CHA)",4,1626145,Tyus Jones,7,traded,7
7140a90c-112a-4c2f-a3c1-d985de40848d,2026-02-05T00:00:00.000Z,"Traded to Dallas (DAL) from Washington (WAS) as part of a 3-team trade: Dallas (DAL) traded  Anthony Davis,  D'Angelo Russell,  Jaden Hardy and  Dante Exum to Washington (WAS); Washington (WAS) traded  Khris Middleton,  Marvin Bagley III, 2026 1st round pick, 2030 1st round pick, 2029 2nd round pick, 2027 2nd round pick and 2029 2nd round pick to Dallas (DAL); Washington (WAS) traded  Malaki Branham to Charlotte (CHA); Charlotte (CHA) traded  Tyus Jones to Dallas (DAL)",30,1642358,AJ Johnson,7,traded,7
bbc0eae6-2b83-432c-86c8-201e3a6ed010,2026-02-05T00:00:00.000Z,"Traded to Dallas (DAL) from Washington (WAS) as part of a 3-team trade: Dallas (DAL) traded  Anthony Davis,  Jaden Hardy,  D'Angelo Russell and  Dante Exum to Washington (WAS); Washington (WAS) traded  Khris Middleton,  Marvin Bagley III, a 2026 1st round pick [OKC pick] , a 2030 1st round pick [GSW pick] , a 2027 2nd round pick [CHI pick] , a 2029 2nd round pick [PHX pick]  and a 2029 2nd round pick [HOU pick]  to Dallas (DAL); Washington (WAS) traded  Malaki Branham to Charlotte (CHA); Charlotte (CHA) traded  Tyus Jones to Dallas (DAL)",30,1642358,AJ Johnson,7,traded,7
2a8ec8d2-67da-4e7d-825b-554b3c646990,2026-02-05T00:00:00.000Z,"Traded to Dallas (DAL) from Washington (WAS) as part of a 3-team trade: Dallas (DAL) traded  Anthony Davis,  D'Angelo Russell,  Jaden Hardy and  Dante Exum to Washington (WAS); Washington (WAS) traded  AJ Johnson,  Marvin Bagley III, 2026 1st round pick, 2030 1st round pick, 2029 2nd round pick, 2027 2nd round pick and 2029 2nd round pick to Dallas (DAL); Washington (WAS) traded  Malaki Branham to Charlotte (CHA); Charlotte (CHA) traded  Tyus Jones to Dallas (DAL)",30,203114,Khris Middleton,7,traded,7
f2e7de70-cc09-41bd-943d-c29b2398b66a,2026-02-05T00:00:00.000Z,"Traded to Dallas (DAL) from Washington (WAS) as part of a 3-team trade: Dallas (DAL) traded  Anthony Davis,  D'Angelo Russell,  Jaden Hardy and  Dante Exum to Washington (WAS); Washington (WAS) traded  Khris Middleton,  AJ Johnson, 2026 1st round pick, 2030 1st round pick, 2029 2nd round pick, 2027 2nd round pick and 2029 2nd round pick to Dallas (DAL); Washington (WAS) traded  Malaki Branham to Charlotte (CHA); Charlotte (CHA) traded  Tyus Jones to Dallas (DAL)",30,1628963,Marvin Bagley III,7,traded,7
40e86228-33eb-42da-8577-36f1fa46761a,2026-02-05T00:00:00.000Z,"Traded to Dallas (DAL) from Washington (WAS) as part of a 3-team trade: Dallas (DAL) traded  Anthony Davis,  Jaden Hardy,  D'Angelo Russell and  Dante Exum to Washington (WAS); Washington (WAS) traded  AJ Johnson,  Marvin Bagley III, a 2026 1st round pick [OKC pick] , a 2030 1st round pick [GSW pick] , a 2027 2nd round pick [CHI pick] , a 2029 2nd round pick [PHX pick]  and a 2029 2nd round pick [HOU pick]  to Dallas (DAL); Washington (WAS) traded  Malaki Branham to Charlotte (CHA); Charlotte (CHA) traded  Tyus Jones to Dallas (DAL)",30,203114,Khris Middleton,7,traded,7
9b8c8c0f-0596-4771-9ba6-563bcf8947dc,2026-02-05T00:00:00.000Z,"Traded to Dallas (DAL) from Charlotte (CHA) as part of a 3-team trade: Dallas (DAL) traded  Anthony Davis,  D'Angelo Russell,  Jaden Hardy and  Dante Exum to Washington (WAS); Washington (WAS) traded  Khris Middleton,  AJ Johnson,  Marvin Bagley III, 2026 1st round pick, 2030 1st round pick, 2029 2nd round pick, 2027 2nd round pick and 2029 2nd round pick to Dallas (DAL); Washington (WAS) traded  Malaki Branham to Charlotte (CHA)",4,1626145,Tyus Jones,7,traded,7
8a96f64d-02e2-4cd3-84d8-af959014c447,2026-02-05T00:00:00.000Z,"Traded to Dallas (DAL) from Washington (WAS) as part of a 3-team trade: Dallas (DAL) traded  Anthony Davis,  Jaden Hardy,  D'Angelo Russell and  Dante Exum to Washington (WAS); Washington (WAS) traded  Khris Middleton,  AJ Johnson, a 2026 1st round pick [OKC pick] , a 2030 1st round pick [GSW pick] , a 2027 2nd round pick [CHI pick] , a 2029 2nd round pick [PHX pick]  and a 2029 2nd round pick [HOU pick]  to Dallas (DAL); Washington (WAS) traded  Malaki Branham to Charlotte (CHA); Charlotte (CHA) traded  Tyus Jones to Dallas (DAL)",30,1628963,Marvin Bagley III,7,traded,7
7b66dbda-88b6-44aa-afd9-cebbbc433027,2026-02-04T00:00:00.000Z,"Traded to Dallas (DAL) from Washington (WAS)  with  Khris Middleton ,  AJ Johnson ,  Malaki Branham , 2026 1st round pick [OKC pick] , 2030 1st round pick [GSW pick] , 2029 2nd round pick [PHX pick] , 2027 2nd round pick [CHI pick]  and 2029 2nd round pick [HOU pick]  for  Anthony Davis,  D'Angelo Russell,  Jaden Hardy and  Dante Exum",30,1628963,Marvin Bagley III,7,traded,7
e802de0a-d63d-4dc0-91fb-f5490c27578f,2026-02-04T00:00:00.000Z,"Traded to Dallas (DAL) from Washington (WAS)  with  Khris Middleton ,  AJ Johnson ,  Marvin Bagley III , 2026 1st round pick [OKC pick] , 2030 1st round pick [GSW pick] , 2029 2nd round pick [PHX pick] , 2027 2nd round pick [CHI pick]  and 2029 2nd round pick [HOU pick]  for  Anthony Davis,  D'Angelo Russell,  Jaden Hardy and  Dante Exum",30,1631103,Malaki Branham,7,traded,7
1bc5b886-3c16-4d0b-b549-4f0594465b50,2026-02-04T00:00:00.000Z,"Traded to Dallas (DAL) from Washington (WAS)  with  AJ Johnson ,  Malaki Branham ,  Marvin Bagley III , 2026 1st round pick [OKC pick] , 2030 1st round pick [GSW pick] , 2029 2nd round pick [PHX pick] , 2027 2nd round pick [CHI pick]  and 2029 2nd round pick [HOU pick]  for  Anthony Davis,  D'Angelo Russell,  Jaden Hardy and  Dante Exum",30,203114,Khris Middleton,7,traded,7
30860faa-1bd4-4f84-a737-e28c6669340c,2026-02-04T00:00:00.000Z,"Traded to Dallas (DAL) from Washington (WAS)  with  Khris Middleton ,  Malaki Branham ,  Marvin Bagley III , 2026 1st round pick [OKC pick] , 2030 1st round pick [GSW pick] , 2029 2nd round pick [PHX pick] , 2027 2nd round pick [CHI pick]  and 2029 2nd round pick [HOU pick]  for  Anthony Davis,  D'Angelo Russell,  Jaden Hardy and  Dante Exum",30,1642358,AJ Johnson,7,traded,7
7459f192-4c6b-45d8-95d1-e2ecb444985f,2026-01-16T00:00:00.000Z,Signed a 10-day contract with Dallas (DAL),,1630526,Jeremiah Robinson-Earl,,signedContract,7
af974876-937d-40dc-8e4b-d7d6476d8ae3,2026-07-08T00:00:00.000Z,Waived by Denver (DEN); leaves behind $2 million in dead cap,,202685,Jonas Valančiūnas,,waived,8
3f83642f-ed3f-4393-939d-017d10a71268,2026-06-29T00:00:00.000Z,Denver (DEN) declined to tender Qualifying Offer; becomes an Unrestricted Free Agent,,1642938,Curtis Jones,,qualifyingOfferExtended,8
98638863-3d49-447f-85ac-97b514d9ee09,2026-06-29T00:00:00.000Z,Denver (DEN) declined to tender Qualifying Offer; becomes an Unrestricted Free Agent,,1629618,Jalen Pickett,,qualifyingOfferExtended,8
bf6ed994-16ca-4872-9884-42825e6c93aa,2026-06-29T00:00:00.000Z,Denver (DEN) declined $2.4 million option for 2026-27,,1629618,Jalen Pickett,,declined,8
8f76dbe2-b154-46ca-9460-27c926d7db96,2026-06-28T00:00:00.000Z,Denver (DEN) tendered $6.53 million Qualifying Offer; becomes a Restricted Free Agent,,1631212,Peyton Watson,,qualifyingOfferExtended,8
324a2c41-48a3-475b-92db-fd9347dbc8f3,2026-06-28T00:00:00.000Z,Denver (DEN) tendered Qualifying Offer; becomes a Restricted Free Agent,,1642461,Spencer Jones,,qualifyingOfferExtended,8
27850270-b7d5-49b5-9826-ddd160c2ee0a,2026-06-23T00:00:00.000Z,Drafted by Denver (DEN): Round 1 (#26 overall),,1643542,Tarris Reed Jr.,,drafted,8
07bb9384-9453-47aa-9453-afcc8f67cf33,2026-03-05T00:00:00.000Z,Signed a Rest-of-Season contract with Denver (DEN),,1626145,Tyus Jones,,signedContract,8
13f84a5d-3fda-4108-83f2-1f56a2c05bbd,2026-03-04T00:00:00.000Z,Signed a Two-Way contract with Denver (DEN),,1631223,David Roddy,,signedTwoWay,8
a49dfd99-a0da-495d-9384-2c50acc5ab8a,2026-03-04T00:00:00.000Z,Waived by Denver (DEN),,1642926,Tamar Bates,,waived,8
ee7527e9-ce75-4320-94d9-33fee3d59ab5,2026-02-19T00:00:00.000Z,Signed a Rest-of-Season contract with Denver (DEN) via converted Two-Way,,1642461,Spencer Jones,,signedContract,8
1697ee22-7cc7-40e7-9f62-65c218743d52,2026-02-19T00:00:00.000Z,Signed a 2 year Two-Way contract with Denver (DEN),,1642354,KJ Simpson,,signedTwoWay,8
50b99d4a-f4f2-4906-b4f4-161ea7347b14,2025-10-22T00:00:00.000Z,Denver (DEN) exercised $3.37 million option for 2026-27,,1641747,DaRon Holmes II,,exercisedTeamOption,8
41bfda09-3370-4f4d-993e-d35df16a198f,2025-10-22T00:00:00.000Z,Denver (DEN) exercised $4.82 million option for 2026-27,,1631124,Julian Strawther,,exercisedTeamOption,8
7c2765d0-0dbf-4106-a461-8e0cd1aba4c6,2026-07-09T00:00:00.000Z,Signed a 3 year $27 million contract with Detroit (DET),,1628989,Kevin Huerter,,signedContract,9
7bb3dfcb-ca11-4a40-bc20-50b4d820c0e2,2026-07-09T00:00:00.000Z,Signed a 3 year $27 million contract with Detroit (DET) - includes 2028-29 Team Option,,1628989,Kevin Huerter,,signedContract,9
a1acbc58-bb55-4a3c-863c-da112b37800b,2026-07-08T00:00:00.000Z,"Traded to Detroit (DET) from Milwaukee (MIL) as part of a 6-team trade: Dallas (DAL) traded  AJ Johnson, a conditional, GSW pick 2030 1st round pick and a 2029 2nd round pick [HOU pick]  to Memphis (MEM); Dallas (DAL) traded  Khris Middleton and a 2033 2nd round pick [DAL pick]  to Washington (WAS); Detroit (DET) traded  Marcus Sasser to Dallas (DAL); Detroit (DET) traded a 2028 2nd round pick [multiple conditions]  to LA (LAC); Detroit (DET) traded  Isaiah Stewart to Memphis (MEM); Detroit (DET) traded  Caris LeVert, a 2027 2nd round pick [least favorable of BKN/DAL pick]  and a 2027 2nd round pick [MIL pick]  to Milwaukee (MIL); LA (LAC) traded  John Collins to Detroit (DET); LA (LAC) traded $1,100,000 to Milwaukee (MIL); Memphis (MEM) traded  Santi Aldama and  Tarik Biberovic to Dallas (DAL); Memphis (MEM) traded a 2029 2nd round pick [2nd most favorable of DET/NYK/MIL] , a 2031 2nd round pick [DAL pick]  and a 2032 2nd round pick [DET pick]  to Detroit (DET); Milwaukee (MIL) traded  Gary Harris to Detroit (DET); Washington (WAS) traded  D'Angelo Russell, a 2029 2nd round pick [LAL pick] , a 2032 2nd round pick [most favorable of MEM/PHI/UTA pick]  and a 2033 2nd round pick [WAS pick]  to Memphis (MEM)",17,1627752,Taurean Prince,9,traded,9
353c35da-04bd-4625-8e51-0ba803cf5651,2026-07-08T00:00:00.000Z,"Traded to Detroit (DET) from LA (LAC) as part of a 6-team trade: Dallas (DAL) traded  AJ Johnson, a conditional, GSW pick 2030 1st round pick and a 2029 2nd round pick [HOU pick]  to Memphis (MEM); Dallas (DAL) traded  Khris Middleton and a 2033 2nd round pick [DAL pick]  to Washington (WAS); Detroit (DET) traded  Marcus Sasser to Dallas (DAL); Detroit (DET) traded a 2028 2nd round pick [multiple conditions]  to LA (LAC); Detroit (DET) traded  Isaiah Stewart to Memphis (MEM); Detroit (DET) traded  Caris LeVert, a 2027 2nd round pick [least favorable of BKN/DAL pick]  and a 2027 2nd round pick [MIL pick]  to Milwaukee (MIL); LA (LAC) traded $1,100,000 to Milwaukee (MIL); Memphis (MEM) traded  Santi Aldama and  Tarik Biberovic to Dallas (DAL); Memphis (MEM) traded a 2029 2nd round pick [2nd most favorable of DET/NYK/MIL] , a 2031 2nd round pick [DAL pick]  and a 2032 2nd round pick [DET pick]  to Detroit (DET); Milwaukee (MIL) traded  Gary Harris and  Taurean Prince to Detroit (DET); Washington (WAS) traded  D'Angelo Russell, a 2029 2nd round pick [LAL pick] , a 2032 2nd round pick [most favorable of MEM/PHI/UTA pick]  and a 2033 2nd round pick [WAS pick]  to Memphis (MEM)",13,1628381,John Collins,9,traded,9
1a90debc-8e74-41c7-9932-ef41c2c707fe,2026-07-08T00:00:00.000Z,"Traded to Detroit (DET) from Milwaukee (MIL) as part of a 6-team trade: Dallas (DAL) traded  AJ Johnson, a conditional, GSW pick 2030 1st round pick and a 2029 2nd round pick [HOU pick]  to Memphis (MEM); Dallas (DAL) traded  Khris Middleton and a 2033 2nd round pick [DAL pick]  to Washington (WAS); Detroit (DET) traded  Marcus Sasser to Dallas (DAL); Detroit (DET) traded a 2028 2nd round pick [multiple conditions]  to LA (LAC); Detroit (DET) traded  Isaiah Stewart to Memphis (MEM); Detroit (DET) traded  Caris LeVert, a 2027 2nd round pick [least favorable of BKN/DAL pick]  and a 2027 2nd round pick [MIL pick]  to Milwaukee (MIL); LA (LAC) traded  John Collins to Detroit (DET); LA (LAC) traded $1,100,000 to Milwaukee (MIL); Memphis (MEM) traded  Santi Aldama and  Tarik Biberovic to Dallas (DAL); Memphis (MEM) traded a 2029 2nd round pick [2nd most favorable of DET/NYK/MIL] , a 2031 2nd round pick [DAL pick]  and a 2032 2nd round pick [DET pick]  to Detroit (DET); Milwaukee (MIL) traded  Taurean Prince to Detroit (DET); Washington (WAS) traded  D'Angelo Russell, a 2029 2nd round pick [LAL pick] , a 2032 2nd round pick [most favorable of MEM/PHI/UTA pick]  and a 2033 2nd round pick [WAS pick]  to Memphis (MEM)",17,203914,Gary Harris,9,traded,9
7df1c249-f3f6-4e7a-b33b-02910932164c,2026-07-08T00:00:00.000Z,Signed a Two-Way contract with Detroit (DET),,1641989,Elijah Harkless,,signedTwoWay,9
4afb3d14-953a-4207-8770-bdc0c35ef0b0,2026-07-08T00:00:00.000Z,Signed a 1 year $3.94 million contract with Detroit (DET),,1629750,Javonte Green,,signedContract,9
e24be58d-efdb-4802-9df7-28ccf2eba830,2026-07-07T00:00:00.000Z,"Traded to Detroit (DET) from Milwaukee (MIL) as part of a 6-team trade: Dallas (DAL) traded  AJ Johnson, a conditional, GSW pick 2030 1st round pick and a 2029 2nd round pick [HOU pick]  to Memphis (MEM); Dallas (DAL) traded  Khris Middleton and a 2033 2nd round pick [DAL pick]  to Washington (WAS); Detroit (DET) traded  Marcus Sasser to Dallas (DAL); Detroit (DET) traded a 2028 2nd round pick [multiple conditions]  to LA (LAC); Detroit (DET) traded  Isaiah Stewart to Memphis (MEM); Detroit (DET) traded  Caris LeVert, a 2027 2nd round pick [least favorable of BKN/DAL pick]  and a 2027 2nd round pick [MIL pick]  to Milwaukee (MIL); LA (LAC) traded  John Collins to Detroit (DET); LA (LAC) traded $1,100,000 to Milwaukee (MIL); Memphis (MEM) traded  Santi Aldama and  Tarik Biberovic to Dallas (DAL); Memphis (MEM) traded a 2029 2nd round pick [2nd most favorable of DET/NYK/MIL] , a 2031 2nd round pick [DAL pick]  and a 2032 2nd round pick [DET pick]  to Detroit (DET); Milwaukee (MIL) traded  Taurean Prince to Detroit (DET); Washington (WAS) traded  D'Angelo Russell to Dallas (DAL); Washington (WAS) traded a 2029 2nd round pick [LAL pick] , a 2032 2nd round pick [most favorable of MEM/PHI/UTA pick]  and a 2033 2nd round pick [WAS pick]  to Memphis (MEM)",17,203914,Gary Harris,9,traded,9
7494e1e5-82cd-4974-a7b0-ea41da5e3543,2026-07-06T00:00:00.000Z,Signed a 4 year $21.69 million Rookie Scale contract with Detroit (DET),,1643536,Ebuka Okorie,,signedContract,9
c2ef9fef-f5fd-479e-843f-1d4ffcc76ffb,2026-07-06T00:00:00.000Z,Traded to Detroit (DET) from Oklahoma City (OKC)  for a 2030 2nd round pick [MIN pick]  and a 2031 2nd round pick [DET pick],21,1630198,Isaiah Joe,9,traded,9
f166ac16-f284-45f8-8297-9758076b5b2a,2026-06-29T00:00:00.000Z,Detroit (DET) exercised $4 million option for 2026-27,,1642450,Daniss Jenkins,,exercisedTeamOption,9
98a6d715-5a60-4122-8e2f-9b3689d74a0d,2026-06-29T00:00:00.000Z,Detroit (DET) exercised $2.41 million option for 2026-27,,1642449,Tolu Smith,,exercisedTeamOption,9
9ac27454-269e-494e-b993-1d3d60f8574d,2026-06-23T00:00:00.000Z,Drafted by Detroit (DET): Round 1 (#21 overall),,1643510,Karim Lopez,,drafted,9
f1895a34-b608-4bc6-a1b9-4a52081a2c2d,2026-06-23T00:00:00.000Z,"Traded to Detroit (DET) from Memphis (MEM)  for  Karim Lopez, a 2nd round pick, a 2nd round pick and a 2nd round pick",15,1643536,Ebuka Okorie,9,traded,9
b2c6cf33-90f2-48e8-b2dc-06a86e90cc38,2026-06-22T00:00:00.000Z,Detroit (DET) tendered $9.62 million Qualifying Offer; becomes a Restricted Free Agent,,1631105,Jalen Duren,,qualifyingOfferExtended,9
b84c8773-034d-4415-8064-6002d445f86f,2026-04-08T00:00:00.000Z,Signed a 2 year $2.48 million Rest-of-Season contract with Detroit (DET) via converted Two-Way contract - includes 2026-27 Club Option,,1642449,Tolu Smith,,signedContract,9
e6cac5c4-eeae-41bc-b944-9bfc0727453b,2026-04-07T00:00:00.000Z,Waived by Detroit (DET),,1641752,Bobi Klintman,,waived,9
fe4fc262-f645-4661-94ab-de800ad3c439,2026-02-09T00:00:00.000Z,Signed a 2 year $7.8 million Rest-of-Season contract with Detroit (DET) - includes 2026-27 Club Option,,1642450,Daniss Jenkins,,signedContract,9
eece0ebe-9df0-47fc-a749-df293d5cc3a5,2026-02-09T00:00:00.000Z,Waived by Detroit (DET),,203967,Dario Šarić,,waived,9
6bd1ffff-b2fa-44d9-b212-b9fd5faabca2,2026-02-09T00:00:00.000Z,Signed a 2 year Two-Way contract with Detroit (DET),,1642403,Isaac Jones,,signedTwoWay,9
88c093f3-fe58-445b-9fe7-2f94566531f0,2026-02-03T00:00:00.000Z,Traded to Detroit (DET) from Chicago (CHI) as part of a 3-team trade: Chicago (CHI) traded  Dario Saric to Detroit (DET); Detroit (DET) traded  Jaden Ivey to Chicago (CHI); Detroit (DET) traded cash considerations to Minnesota (MIN); Minnesota (MIN) traded  Mike Conley to Chicago (CHI); Minnesota (MIN) traded a 2026 1st round pick [MIN protected swap]  to Detroit (DET),5,1628989,Kevin Huerter,9,traded,9
a98e6f38-6669-414e-aa3e-21db1913451b,2026-02-03T00:00:00.000Z,Traded to Detroit (DET) from Chicago (CHI) as part of a 3-team trade: Chicago (CHI) traded  Kevin Huerter to Detroit (DET); Detroit (DET) traded  Jaden Ivey to Chicago (CHI); Detroit (DET) traded cash considerations to Minnesota (MIN); Minnesota (MIN) traded  Mike Conley to Chicago (CHI); Minnesota (MIN) traded 2026 1st round pick to Detroit (DET),5,203967,Dario Šarić,9,traded,9
af57f24a-d78e-454b-86b4-45bc3f514a55,2026-02-03T00:00:00.000Z,Traded to Detroit (DET) from Chicago (CHI) as part of a 3-team trade: Chicago (CHI) traded  Kevin Huerter to Detroit (DET); Detroit (DET) traded  Jaden Ivey to Chicago (CHI); Detroit (DET) traded cash considerations to Minnesota (MIN); Minnesota (MIN) traded  Mike Conley to Chicago (CHI); Minnesota (MIN) traded a 2026 1st round pick [MIN protected swap]  to Detroit (DET),5,203967,Dario Šarić,9,traded,9
354d96b2-13a8-4d69-8926-f99b1eb68389,2026-02-03T00:00:00.000Z,Traded to Detroit (DET) from Chicago (CHI) as part of a 3-team trade: Chicago (CHI) traded  Dario Saric to Detroit (DET); Detroit (DET) traded  Jaden Ivey to Chicago (CHI); Detroit (DET) traded cash considerations to Minnesota (MIN); Minnesota (MIN) traded  Mike Conley to Chicago (CHI); Minnesota (MIN) traded 2026 1st round pick to Detroit (DET),5,1628989,Kevin Huerter,9,traded,9
ec736004-2590-4536-81af-82c5d49fa3b0,2026-02-03T00:00:00.000Z,Traded to Detroit (DET) from Chicago (CHI)  with  Dario Saric  and 2026 1st round pick [MIN protected swap]  for  Jaden Ivey and  Mike Conley,5,1628989,Kevin Huerter,9,traded,9
439b917b-7229-4cb6-b78f-569223f08be1,2026-02-03T00:00:00.000Z,Waived by Detroit (DET),,1642403,Isaac Jones,,waived,9
14dd89ed-3ce5-41fa-8b83-bbc052cc5e07,2025-11-10T00:00:00.000Z,Signed a Two-Way contract with Detroit (DET),,1631111,Wendell Moore Jr.,,signedTwoWay,9
e2b26a69-a625-45a2-b028-135d7a087d74,2025-11-10T00:00:00.000Z,Waived by Detroit (DET),,1641732,Colby Jones,,waived,9
8110d35e-c8d5-4829-b131-d3fe57448375,2025-11-06T00:00:00.000Z,Claimed off waivers by Detroit (DET),,1642403,Isaac Jones,,claimed,9
0595231d-db51-4525-91e0-623262d83b6b,2025-10-21T00:00:00.000Z,Detroit (DET) exercised $5.20 million option for 2026-27,,1631204,Marcus Sasser,,exercisedTeamOption,9
1ccf5221-5daf-421b-b19e-bb06e4b5b7e4,2025-10-21T00:00:00.000Z,Detroit (DET) exercised $9.07 million option for 2026-27,,1641842,Ronald Holland II,,exercisedTeamOption,9
ed7ec532-0520-46b6-b6cf-3f7adc78e3ef,2025-10-21T00:00:00.000Z,Detroit (DET) exercised $11.11 million option for 2026-27,,1641709,Ausar Thompson,,exercisedTeamOption,9
3b8732d4-8eda-4393-8099-cd21cc632768,2026-07-09T00:00:00.000Z,Signed a 1 year $2.85 million contract with Golden State (GSW),,1629646,Charles Bassey,,signedContract,10
388b32e7-3372-424c-a2c7-19edb6b53623,2026-07-08T00:00:00.000Z,Golden State (GSW) declined matching the 3 year $30 million Offer Sheet from Memphis (MEM),,1642366,Quinten Post,,declined,10
a378c4ce-f5e8-4227-a424-b1b87870a209,2026-07-06T00:00:00.000Z,Signed a 2 year $13.99 million contract with Golden State (GSW) - includes 2027-28 Player Option,,201143,Al Horford,,signedContract,10
1f58a4ae-922d-49e5-86aa-d2cd99dbca75,2026-07-01T00:00:00.000Z,Signed a 4 year $28.1 million Rookie Scale contract with Golden State (GSW),,1642865,Yaxel Lendeborg,,signedContract,10
7df26cda-aeb5-471c-9417-56670f0bbe52,2026-06-30T00:00:00.000Z,Signed a 2 year $40 million contract extension with Golden State (GSW) - includes 2027-28 Player Option,,204001,Kristaps Porziņģis,,signedExtension,10
b5578f18-e630-4873-b1be-3203bc962af4,2026-06-29T00:00:00.000Z,Golden State (GSW) declined to tender Qualifying Offer; becomes an Unrestricted Free Agent,,1631466,Nate Williams,,qualifyingOfferExtended,10
3a99bfe2-1753-45f5-8169-6595dca4170c,2026-06-29T00:00:00.000Z,Declined $3.45 million Player Option Golden State (GSW) for 2026-27,,1629001,De'Anthony Melton,,declined,10
49bd16cc-15a0-4942-84b4-c8a63579f759,2026-06-29T00:00:00.000Z,Declined $27.68 million Player Option with Golden State (GSW) for 2026-27,,203110,Draymond Green,,declined,10
dc46873b-4de4-45eb-8eb2-fa24b0c4e8ab,2026-06-29T00:00:00.000Z,Golden State (GSW) declined to tender Qualifying Offer; becomes an Unrestricted Free Agent,,1630311,Pat Spencer,,qualifyingOfferExtended,10
9c6773fc-f857-495e-a879-4bf9353c3e39,2026-06-28T00:00:00.000Z,Golden State (GSW) tendered a Two-Way Qualifying Offer; becomes a Restricted Free Agent,,1630185,Nico Mannion,,qualifyingOfferExtended,10
ec199e27-4400-453a-81fd-f6037a0348b1,2026-06-28T00:00:00.000Z,Golden State (GSW) tendered Two-Way Qualifying Offer; becomes a Restricted Free Agent,,1642379,Taran Armstrong,,qualifyingOfferExtended,10
a732c8b3-ebda-4cc4-8643-024fcf1091a8,2026-06-28T00:00:00.000Z,Golden State (GSW) tendered Qualifying Offer; becomes a Restricted Free Agent,,1642366,Quinten Post,,qualifyingOfferExtended,10
5a1edcb3-5a16-4723-8d40-093f3b58e047,2026-06-25T00:00:00.000Z,Declined $5.97 million Player Option with Golden State (GSW) for 2026-27,,201143,Al Horford,,declined,10
93494bbb-2bb0-47df-b3d9-91bc135194bf,2026-06-23T00:00:00.000Z,Drafted by Golden State (GSW): Round 1 (#11 overall),,1642865,Yaxel Lendeborg,,drafted,10
68dd1280-9a34-4393-a53d-d800c4aeb5e7,2026-04-05T00:00:00.000Z,Signed a Rest-of-Season contract with Golden State (GSW),,1629646,Charles Bassey,,signedContract,10
aa7791d4-8507-43be-9871-7025ea96d6ad,2026-03-25T00:00:00.000Z,Signed a 10-day contract with Golden State (GSW),,1630209,Omer Yurtseven,,signedContract,10
3ba3c5cd-0d8e-449d-b458-bf3a8e7eefd5,2026-02-28T00:00:00.000Z,Signed a 3 year $15 million contract extension with Golden State (GSW) - includes 2028-29 Player Option,,1630611,Gui Santos,,signedExtension,10
7298bde5-4f08-4ecb-a32f-37d660bf326e,2026-02-17T00:00:00.000Z,Signed a Two-Way contract with Golden State (GSW),,1631466,Nate Williams,,signedTwoWay,10
56034a8b-8ad7-47a6-9147-e1c45ca62b69,2026-02-05T00:00:00.000Z,Traded to Golden State (GSW) from Atlanta (ATL)  for  Jonathan Kuminga and  Buddy Hield,1,204001,Kristaps Porziņģis,10,traded,10
9365cb71-ad85-4df2-8d99-5335da5bccd1,2025-12-08T00:00:00.000Z,Signed a 2 year Two-Way contract with Golden State (GSW),,1642502,Malevy Leons,,signedTwoWay,10
bc4241d5-861c-466a-a9d0-80909ecbbe59,2025-12-08T00:00:00.000Z,Signed a Two-Way contract with Golden State (GSW),,1642502,Malevy Leons,,signedTwoWay,10
d769b9b3-d1de-4778-b61c-d21f1f552dbd,2025-12-08T00:00:00.000Z,Waived by Golden State (GSW),,1642893,Alex Toohey,,waived,10
0adc4494-90af-4652-8d6e-5ea0e34a7ae0,2025-12-02T00:00:00.000Z,Signed a 2 year Two-Way contract with Golden State (GSW),,1643018,LJ Cryer,,signedTwoWay,10
9dda97e6-3069-4cd3-a2c1-88967b8f61b8,2025-12-02T00:00:00.000Z,Signed a Two-Way contract with Golden State (GSW),,1643018,LJ Cryer,,signedTwoWay,10
d898a0bb-760e-48e4-85ac-9a5811735474,2025-12-01T00:00:00.000Z,Signed a Rest-of-Season contract with Golden State (GSW),,203552,Seth Curry,,signedContract,10
f6a15363-7e6b-4213-b290-29903c2bd18a,2025-10-30T00:00:00.000Z,Golden State (GSW) exercised $5.68 million option for 2026-27,,1641764,Brandin Podziemski,,exercisedTeamOption,10
6084b397-df8e-4889-bb1d-bb814afdbff0,2026-07-10T00:00:00.000Z,Signed a 2 year $12.43 million contract with Houston (HOU) - includes 2027-28 Player Option,,203935,Marcus Smart,,signedContract,11
5cbd9437-6648-4e70-8089-e77a35cf8ffd,2026-07-09T00:00:00.000Z,Signed a 5 year $81.45 million contract with Houston (HOU) - includes 2030-31 Player Option,,1631106,Tari Eason,,signedContract,11
6652d8c8-0150-4ee4-91fd-c143ab5682db,2026-07-09T00:00:00.000Z,Signed a 5 year $81.5 million contract with Houston (HOU) - includes 2030-31 Player Option,,1631106,Tari Eason,,signedContract,11
a1e7d464-1b7b-4d82-8a7f-27d17c39c209,2026-07-08T00:00:00.000Z,Signed a 1 year $3.52 million contract with Houston (HOU),,203992,Bogdan Bogdanović,,signedContract,11
97311b5a-49b2-443c-819c-14a0a5ec616e,2026-06-29T00:00:00.000Z,Houston (HOU) tendered $8.01 million Qualifying Offer; becomes a Restricted Free Agent,,1631106,Tari Eason,,qualifyingOfferExtended,11
c3d19430-cfb1-4290-90b2-2c058911880a,2026-06-29T00:00:00.000Z,Exercised $25 million Player Option with Houston (HOU) for 2026-27,,1627832,Fred VanVleet,,exercisedPlayerOption,11
0e004fb5-1007-41c9-8b86-5364e1396dca,2026-06-29T00:00:00.000Z,Houston (HOU) exercised $2.58 million option for 2026-27,,1631120,JD Davison,,exercisedTeamOption,11
64d9fc90-f856-4a09-90ef-83fcb486c4d1,2026-06-26T00:00:00.000Z,Houston (HOU) tendered Two-Way Qualifying Offer; becomes a Restricted Free Agent,,1642384,Isaiah Crawford,,qualifyingOfferExtended,11
de338037-b366-446a-865f-18783dc9013b,2026-04-08T00:00:00.000Z,Signed a 2 year $2.67 million Rest-of-Season contract with Houston (HOU) via converted Two-Way contract - includes 2026-27 Club Option,,1631120,JD Davison,,signedContract,11
32b8a99a-a02d-4786-b0d3-4956149921c1,2026-01-03T00:00:00.000Z,Waived by Houston (HOU),,1641890,Tyler Smith,,waived,11
d29f0a32-ae99-47be-bcba-1965911df8e4,2026-01-03T00:00:00.000Z,Signed a 2 year Two-Way contract with Houston (HOU),,1641803,Tristen Newton,,signedTwoWay,11
cdc95b90-b72d-41fb-a07f-a5f8f7f90deb,2025-12-03T00:00:00.000Z,Waived by Houston (HOU),,1630284,Kevon Harris,,waived,11
0b0560b8-27d6-40e7-aacd-112eab9cadc1,2025-12-02T00:00:00.000Z,Signed a 2 year Two-Way contract with Houston (HOU),,1641890,Tyler Smith,,signedTwoWay,11
423585f9-e82a-46d9-b7cd-5d01a392f85b,2025-12-02T00:00:00.000Z,Signed a Two-Way contract with Houston (HOU),,1641890,Tyler Smith,,signedTwoWay,11
9534f2c7-a546-4d61-8225-7a7b7890d951,2025-10-30T00:00:00.000Z,Houston (HOU) exercised $11.11 million option for 2026-27,,1642263,Reed Sheppard,,exercisedTeamOption,11
c667b4ad-8ca3-412b-998f-43bdb7db3143,2025-10-30T00:00:00.000Z,Houston (HOU) exercised $12.26 million option for 2026-27,,1641708,Amen Thompson,,exercisedTeamOption,11
025d1381-d964-49af-9a53-2aed47951a1f,2026-07-09T00:00:00.000Z,Signed a Two-Way contract with Indiana (IND),,1641738,Kobe Brown,,signedTwoWay,12
20487497-04ea-45ea-8127-4b5fd5acfc2d,2026-07-09T00:00:00.000Z,Signed a 1 year $3.88 million contract with Indiana (IND),,1626204,Larry Nance Jr.,,signedContract,12
ba83a5fe-b0cd-4e15-a544-71382e286e98,2026-07-08T00:00:00.000Z,Waived by Indiana (IND),,1630695,Micah Potter,,waived,12
c01ef6c5-926b-4d84-8653-f86be3450429,2026-07-07T00:00:00.000Z,Signed a 2 year $16.5 million contract with Indiana (IND),,1626162,Kelly Oubre Jr.,,signedContract,12
31a114b2-91a3-4f08-a11e-c278266e65c7,2026-06-29T00:00:00.000Z,Indiana (IND) exercised $2.8 million option for 2026-27,,1630695,Micah Potter,,exercisedTeamOption,12
2cc4240d-fecc-428c-b192-88a49f2a7947,2026-06-29T00:00:00.000Z,Indiana (IND) tendered a Two-Way Qualifying Offer; becomes a Restricted Free Agent,,1641771,Jalen Slawson,,qualifyingOfferExtended,12
5ff7e2cc-b932-45e8-ab6c-ef9074c3bbb7,2026-02-28T00:00:00.000Z,Signed a Two-Way contract with Indiana (IND),,1641771,Jalen Slawson,,signedTwoWay,12
009f0aa3-b24a-4127-852f-6f3d1e4410ab,2026-02-28T00:00:00.000Z,Signed a 3 year $6.21 million Rest-of-Season contract with Indiana (IND) via converted Two-Way contract,,1631245,Quenton Jackson,,signedContract,12
b0b99b95-dbf6-42bc-b43d-757f18cac28a,2026-02-05T00:00:00.000Z,"Traded to Indiana (IND) from LA (LAC)  with  Ivica Zubac  for  Bennedict Mathurin, 2026 1st round pick [protected 1-4 & 10-30] , 2029 1st round pick [unprotected] , 2028 2nd round pick [DAL pick]  and  Isaiah Jackson",13,1641738,Kobe Brown,12,traded,12
6f9e0129-9017-44b3-8c0b-a685aff36750,2026-02-05T00:00:00.000Z,"Traded to Indiana (IND) from LA (LAC)  with  Ivica Zubac for  Bennedict Mathurin,  Isaiah Jackson, a 2026 1st round pick [protected 1-4 & 10-30] , a 2029 1st round pick [unprotected]  and a 2028 2nd round pick [DAL pick]",13,1641738,Kobe Brown,12,traded,12
4600b2b2-cd69-4c0b-a322-ecb3795b161a,2026-02-05T00:00:00.000Z,"Traded to Indiana (IND) from LA (LAC)  with  Kobe Brown for  Bennedict Mathurin,  Isaiah Jackson, a 2026 1st round pick [protected 1-4 & 10-30] , a 2029 1st round pick [unprotected]  and a 2028 2nd round pick [DAL pick]",13,1627826,Ivica Zubac,12,traded,12
bb396679-1997-496e-82a3-bb05e23184b7,2026-02-05T00:00:00.000Z,"Traded to Indiana (IND) from LA (LAC)  with  Kobe Brown  for  Bennedict Mathurin, 2026 1st round pick [protected 1-4 & 10-30] , 2029 1st round pick [unprotected] , 2028 2nd round pick [DAL pick]  and  Isaiah Jackson",13,1627826,Ivica Zubac,12,traded,12
4f91d76a-e433-4d9b-a10a-b9542a21dae5,2026-01-05T00:00:00.000Z,"Waived by Indiana (IND); leaves behind $1,335,225 in dead cap",,1628396,Tony Bradley,,waived,12
eac5662a-dce6-44a5-8fde-f5be033ebb82,2025-12-26T00:00:00.000Z,Waived by Indiana (IND),,1629726,Garrison Mathews,,waived,12
7a729766-f96b-4b7f-bd55-7b1f54bd273c,2025-12-26T00:00:00.000Z,Signed a Rest-of-Season contract with Indiana (IND),,1630695,Micah Potter,,signedContract,12
e41e1db6-9314-4a72-b528-797728c04322,2025-12-26T00:00:00.000Z,Signed a 2 year $4.33 million Rest-of-Season contract with Indiana (IND) - includes 2026-27 Club Option,,1630695,Micah Potter,,signedContract,12
7d1221dc-93ec-4907-bc40-cb8c8dc106d9,2025-12-20T00:00:00.000Z,Signed a 10-day contract with Indiana (IND),,1630164,James Wiseman,,signedContract,12
f4eccee5-b98b-4e73-8e77-b2e3f23ee077,2025-12-16T00:00:00.000Z,Signed a 10-day contract with Indiana (IND),,1642440,Gabe McGlothan,,signedContract,12
dcf4516d-ec40-4b53-a36c-702d0e9ec92c,2025-12-11T00:00:00.000Z,Waived by Indiana (IND),,1630526,Jeremiah Robinson-Earl,,waived,12
e3fbb8ea-90de-4a4a-9014-c37872eb9238,2025-12-11T00:00:00.000Z,Signed a 1 year $2.03 million Rest-of-Season contract with Indiana (IND),,1629726,Garrison Mathews,,signedContract,12
c2090555-7b4c-4794-ad95-47d9eba486f6,2025-11-30T00:00:00.000Z,Signed a Two-Way contract with Indiana (IND),,1630679,Ethan Thompson,,signedTwoWay,12
b9302d11-d1fd-4793-9ab3-934a3acd15c2,2025-11-30T00:00:00.000Z,Waived by Indiana (IND),,1642484,RayJ Dennis,,waived,12
e4047aec-1934-4bf4-850e-81309c69040e,2025-11-21T00:00:00.000Z,"Waived by Indiana (IND); leaves behind $434,543 in dead cap",,1628420,Monté Morris,,waived,12
2769cdc8-6393-4480-963a-815d21e0c23a,2025-11-21T00:00:00.000Z,Signed a 2 year $4.82 million Rest-of-Season contract with Indiana (IND) - includes 2026-27 Club Option,,1630526,Jeremiah Robinson-Earl,,signedContract,12
89c59301-3341-4ac0-b201-da5bae720f4a,2025-11-21T00:00:00.000Z,Signed a 2 year $4.82 million Rest-of-Season contract with Indiana (IND),,1630526,Jeremiah Robinson-Earl,,signedContract,12
a64d9e24-df18-44c6-8690-6a34ceaeaa2f,2025-11-11T00:00:00.000Z,Signed a 10-day contract with Indiana (IND) via Hardship exception,,1630526,Jeremiah Robinson-Earl,,signedContract,12
b18a7f29-12ec-4006-a3eb-b6b962c235ca,2025-11-07T00:00:00.000Z,Signed a 1 year $2.97 million Rest-of-Season contract with Indiana (IND),,1628420,Monté Morris,,signedContract,12
08e17d4c-925e-4429-86e0-a7e7977c32d9,2025-11-06T00:00:00.000Z,Waived by Indiana (IND),,1630644,Mac McClung,,waived,12
9fbde510-4cfa-440a-9d0f-69f458a078fa,2025-11-05T00:00:00.000Z,Signed a 10-day contract with Indiana (IND),,1628998,Cody Martin,,signedContract,12
4769a4cb-7762-4fee-bfcc-a858bcd522e2,2025-10-28T00:00:00.000Z,Signed a 2 year $4.87 million Rest-of-Season contract with Indiana (IND) - includes 2027-28 Club Option,,1630644,Mac McClung,,signedContract,12
8101402c-66fa-43b5-bbef-8b6c6209111b,2025-10-28T00:00:00.000Z,"Waived by Indiana (IND); leaves behind $1,000,000 in dead cap",,1630164,James Wiseman,,waived,12
851a004d-01d2-401d-bdcc-058b813efbea,2025-10-21T00:00:00.000Z,Indiana (IND) exercised $5.03 million option for 2026-27,,1641767,Ben Sheppard,,exercisedTeamOption,12
dadc557d-a158-4379-acde-18be0aa9e892,2025-10-21T00:00:00.000Z,Indiana (IND) exercised $8.48 million option for 2026-27,,1641716,Jarace Walker,,exercisedTeamOption,12
0708dd98-edf6-426e-a4c8-6395bf5b264f,2026-07-09T00:00:00.000Z,Signed a 3 year $15.3 million contract with LA Clippers (LAC),,1641757,Jordan Miller,,signedContract,13
d11202b1-b25e-463c-8d1d-b6fe3b6d79dd,2026-07-09T00:00:00.000Z,Signed a 3 year $15.3 million contract with LA Clippers (LAC) - includes 2028-29 Team Option,,1641757,Jordan Miller,,signedContract,13
d9d4ecc5-4ad4-4edc-9410-410d0c51bc6a,2026-07-07T00:00:00.000Z,Signed a 3 year $51 million contract with LA Clippers (LAC) as part of a sign-and-trade with Detroit (DET),,1628381,John Collins,,signedContract,13
fcea4991-6166-47da-bc9b-5d5e1c4b508a,2026-07-07T00:00:00.000Z,"Traded to LA (LAC) from Utah (UTA) as part of a 3-team trade: LA (LAC) traded  Norman Powell to Miami (MIA); LA (LAC) traded a 2027 2nd round pick and $2,500,000 to Utah (UTA); Miami (MIA) traded  Kevin Love and  Kyle Anderson to Utah (UTA)",29,1628381,John Collins,13,traded,13
41cffa4e-2f2b-4e65-ac5c-ff250a7e1bc1,2026-07-07T00:00:00.000Z,Signed a 4 year $11.28 million contract with LA Clippers (LAC),,1642920,Kobe Sanders,,signedContract,13
0e287d95-fe27-48ed-ba7c-edbb05ec51bd,2026-07-06T00:00:00.000Z,Signed a 2 year $28 million contract with LA Clippers (LAC) - includes 2027-28 Team Option,,1629060,Rui Hachimura,,signedContract,13
d50f1317-a4e8-4483-837c-0b12c8a61493,2026-07-03T00:00:00.000Z,Signed a 4 year $43.95 million Rookie Scale contract with LA Clippers (LAC),,1643413,Keaton Wagler,,signedContract,13
8bb2d2c6-8bbd-4d31-b75d-4eeeeb707440,2026-06-30T00:00:00.000Z,"Traded to LA (LAC) from Toronto (TOR)  with  Gradey Dick, a 2027 1st round pick [TOR right to swap] , a 2031 1st round pick [unprotected] , a 2033 1st round pick [unprotected] , a 2030 2nd round pick and a 2033 2nd round pick for  Kawhi Leonard",28,1627742,Brandon Ingram,13,traded,13
37974840-f427-4970-ad1e-8d7b40394059,2026-06-30T00:00:00.000Z,"Traded to LA (LAC) from Toronto (TOR)  with  Brandon Ingram, a 2027 1st round pick [TOR right to swap] , a 2031 1st round pick [unprotected] , a 2033 1st round pick [unprotected] , a 2030 2nd round pick and a 2033 2nd round pick for  Kawhi Leonard",28,1641711,Gradey Dick,13,traded,13
d2ea1516-828f-4439-a2a2-dda2f624e562,2026-06-29T00:00:00.000Z,LA Clippers (LAC) tendered Qualifying Offer; becomes a Restricted Free Agent,,1642920,Kobe Sanders,,qualifyingOfferExtended,13
3303b91c-6c97-4bff-96b0-e9890f7c3826,2026-06-29T00:00:00.000Z,LA Clippers (LAC) declined $5.88 million option for 2026-27,,201587,Nicolas Batum,,declined,13
6ed5da2b-e8e4-428d-9a40-eba96236e647,2026-06-29T00:00:00.000Z,Declined $5.62 million Player Option with LA Clippers (LAC) for 2026-27,,203078,Bradley Beal,,declined,13
20d5a69e-7963-468c-bede-1a0fdaceaeec,2026-06-29T00:00:00.000Z,LA Clippers (LAC) exercised $9.19 million option for 2026-27,,201572,Brook Lopez,,exercisedTeamOption,13
c0d1fce6-8c46-4b9c-8c0a-8cfcba6aa7f1,2026-06-29T00:00:00.000Z,LA Clippers (LAC) tendered Qualifying Offer; becomes a Restricted Free Agent,,1631097,Bennedict Mathurin,,qualifyingOfferExtended,13
726e3766-a22e-4549-8ff6-dad6c4d9ce8f,2026-06-29T00:00:00.000Z,LA Clippers (LAC) declined $16.02 million option for 2026-27,,203992,Bogdan Bogdanović,,declined,13
d2e4bfb4-d380-45aa-a829-6b00c5bb4c52,2026-06-29T00:00:00.000Z,LA Clippers (LAC) declined $2.15 million option for 2026-27,,1642920,Kobe Sanders,,declined,13
f7b6c417-f1b9-4177-b1f1-b2fc88cf6725,2026-06-29T00:00:00.000Z,LA Clippers (LAC) tendered Qualifying Offer; becomes Restricted Free Agent,,1641757,Jordan Miller,,qualifyingOfferExtended,13
fe455bfe-35ea-405a-84b7-86ccf2330c1d,2026-06-29T00:00:00.000Z,LA Clippers (LAC) declined $2.50 million option for 2026-27,,1641757,Jordan Miller,,declined,13
c72162b8-35fc-44e9-a439-a8b3618b0069,2026-06-29T00:00:00.000Z,LA Clippers (LAC) declined to tender Qualifying Offer; becomes an Unrestricted Free Agent,,1641807,Norchad Omier,,qualifyingOfferExtended,13
1d0d58af-c0b9-4d6e-b5b9-c42a058322e2,2026-06-23T00:00:00.000Z,Drafted by LA Clippers (LAC): Round 1 (#5 overall),,1643413,Keaton Wagler,,drafted,13
efe0d73f-0f78-4561-819a-897f9e41d534,2026-02-20T00:00:00.000Z,Signed a Two-Way contract with LA Clippers (LAC),,1641807,Norchad Omier,,signedTwoWay,13
6d58849e-6b1b-439b-aed3-1ce4e689e963,2026-02-19T00:00:00.000Z,Signed a 2 year Two-Way contract with LA (LAC),,1642951,Sean Pedulla,,signedTwoWay,13
b0fdf6bb-5f6d-4019-9e2c-278fbe855c74,2026-02-18T00:00:00.000Z,Signed a 2 year $3.2 million Rest-of-Season contract with LA Clippers (LAC) via converted Two-Way - includes 2026-27 Club Option,,1641757,Jordan Miller,,signedContract,13
f1fb0ef2-b2c9-4bd9-90dd-aa85419c9fe3,2026-02-08T00:00:00.000Z,Signed a 10-day contract with LA Clipper (LAC),,1630625,Dalano Banton,,signedContract,13
5067a880-d1bd-42bf-b98e-d8162d21e5b0,2026-02-07T00:00:00.000Z,Signed a 2 year $2.62 million Rest-of-Season contract with LA Clippers (LAC) - includes 2026-27 Club Option,,1642920,Kobe Sanders,,signedContract,13
f82be759-cb54-446c-a4fe-58ba059db9f0,2026-02-05T00:00:00.000Z,"Traded to LA (LAC) from Indiana (IND)  with 2026 1st round pick [protected 1-4 & 10-30] , 2029 1st round pick [unprotected] , 2028 2nd round pick [DAL pick]  and  Isaiah Jackson  for  Ivica Zubac and  Kobe Brown",12,1631097,Bennedict Mathurin,13,traded,13
be0bf230-4a3c-490b-9cda-430903a3bcc1,2026-02-05T00:00:00.000Z,"Traded to LA (LAC) from Indiana (IND)  with  Isaiah Jackson, a 2026 1st round pick [protected 1-4 & 10-30] , a 2029 1st round pick [unprotected]  and a 2028 2nd round pick [DAL pick]  for  Ivica Zubac and  Kobe Brown",12,1631097,Bennedict Mathurin,13,traded,13
c0108252-b9b1-4f97-ae18-060141d59fbc,2026-02-05T00:00:00.000Z,"Traded to LA (LAC) from Indiana (IND)  with  Bennedict Mathurin, a 2026 1st round pick [protected 1-4 & 10-30] , a 2029 1st round pick [unprotected]  and a 2028 2nd round pick [DAL pick]  for  Ivica Zubac and  Kobe Brown",12,1630543,Isaiah Jackson,13,traded,13
ed62167d-a091-45fd-85ea-2f83786289be,2026-02-05T00:00:00.000Z,"Traded to LA (LAC) from Indiana (IND)  with  Bennedict Mathurin , 2026 1st round pick [protected 1-4 & 10-30] , 2029 1st round pick [unprotected]  and 2028 2nd round pick [DAL pick]  for  Ivica Zubac and  Kobe Brown",12,1630543,Isaiah Jackson,13,traded,13
19c5145c-ec45-44cb-9680-12b0b1017a41,2026-02-04T00:00:00.000Z,Traded to LA (LAC) from Cleveland (CLE)  with a 2026 2nd round pick [CLE pick]  for  James Harden,6,1629636,Darius Garland,13,traded,13
ff0276d1-5cab-4081-b0ea-5f3c50c5e5ee,2026-02-03T00:00:00.000Z,Traded to LA (LAC) from Cleveland (CLE)  with 2026 2nd round pick [CLE pick]  for  James Harden,6,1629636,Darius Garland,13,traded,13
6eeb9319-14f7-4201-ae3f-8f82fe959018,2026-01-16T00:00:00.000Z,Signed a 10-day contract with LA (LAC),,1631116,Patrick Baldwin Jr.,,signedContract,13
5f1772b2-bf7d-4dd8-9b2c-5ed840fca5da,2025-12-27T00:00:00.000Z,Signed a Two-Way contract with LA (LAC),,1631102,TyTy Washington Jr.,,signedTwoWay,13
34bdbe4b-16c9-4279-b46d-4a25d2d967b6,2025-12-05T00:00:00.000Z,Signed a Two-Way contract with LA (LAC),,1642484,RayJ Dennis,,signedTwoWay,13
1c0a817a-823b-4e47-835f-0c9ffb21a79e,2025-12-04T00:00:00.000Z,Waived by LA (LAC),,1643141,Jahmyl Telfort,,waived,13
22132bb3-edd2-44c8-abca-5add239da984,2025-10-31T00:00:00.000Z,LA Clippers (LAC) declined $4.79 million option for 2026-27,,1641738,Kobe Brown,,declined,13
3228caa3-a555-4579-8be4-3423f31d0130,2026-07-12T00:00:00.000Z,Signed a 4 year $184.76 million maximum contract with Los Angeles (LAL) - includes 2029-30 Player Option,,1630559,Austin Reaves,,signedContract,14
8c5c01e1-c9ee-447f-9f7a-14aac4d767a5,2026-07-12T00:00:00.000Z,Signed a 1 year $3.88 million contract with Los Angeles (LAL),,1626172,Kevon Looney,,signedContract,14
b6e42558-8ecc-4641-b293-0e5b5962c910,2026-07-11T00:00:00.000Z,Signed a 2 year $19.2 million contract with Los Angeles (LAL),,1629012,Collin Sexton,,signedContract,14
6ab15595-581f-40eb-a58f-fe94dfcd87ee,2026-07-11T00:00:00.000Z,Signed a 2 year $19.2 million contract with Los Angeles (LAL) - includes 2027-28 Player Option,,1629012,Collin Sexton,,signedContract,14
d2bfc70a-57f7-45fd-9c8e-9a4caf5eaae3,2026-07-08T00:00:00.000Z,"Traded to Los Angeles (LAL) from Utah (UTA)  for a 2028 1st round pick [UTA right to swap] , a 2030 1st round pick [UTA right to swap] , a 2031 1st round pick and a 2033 1st round pick",29,1631117,Walker Kessler,14,traded,14
0a49205b-6b56-4988-a073-ae86e8aaa294,2026-07-07T00:00:00.000Z,Signed a 4 year $52 million contract with Los Angeles (LAL) - includes 2029-30 Player Option,,1630572,Sandro Mamukelashvili,,signedContract,14
578dfaf0-241f-40bb-b6cf-7e887aeb0aee,2026-07-07T00:00:00.000Z,Traded to Los Angeles (LAL) from Washington (WAS)  with a 2031 2nd round pick [WAS pick]  and a 2032 2nd round pick [WAS pick]  for  Deandre Ayton,30,1630702,Jaden Hardy,14,traded,14
81fb812c-d269-45c0-b9d3-4ea0e53384a6,2026-07-07T00:00:00.000Z,Signed a 4 year $60 million contract with Los Angeles (LAL) - includes 2029-30 Player Option,,1629656,Quentin Grimes,,signedContract,14
c3ea3366-ebc9-48dd-9ebf-b12c0f4285ad,2026-07-02T00:00:00.000Z,Signed a 4 year $16.82 million Rookie Scale contract with Los Angeles (LAL),,1643418,Cameron Carr,,signedContract,14
df71a166-53a6-4483-92fe-87096faf6058,2026-06-29T00:00:00.000Z,Los Angeles (LAL) declined to tender Qualifying Offer; becomes an Unrestricted Free Agent,,1631166,Drew Timme,,qualifyingOfferExtended,14
73fdb5ed-eaac-4b90-ad88-8257f37b6279,2026-06-29T00:00:00.000Z,Los Angeles (LAL) declined $2.50 million option for 2026-27,,1641733,Nick Smith Jr.,,declined,14
3cb723c0-14d5-49cc-bf16-58ac63dc0d30,2026-06-29T00:00:00.000Z,Declined $5.39 million Player Option Los Angeles (LAL) for 2026-27,,203935,Marcus Smart,,declined,14
456e57d5-f363-496f-8d42-27a9d7e93b73,2026-06-29T00:00:00.000Z,Exercised $8.1 million Player Option with Los Angeles (LAL) for 2026-27,,1629028,Deandre Ayton,,exercisedPlayerOption,14
c1b6373b-0d44-4083-a951-0c11be18e3c5,2026-06-27T00:00:00.000Z,Los Angeles (LAL) tendered Two-Way Qualifying Offer; becomes a Restricted Free Agent,,1643024,Chris Mañon,,qualifyingOfferExtended,14
e18ff122-e358-40ab-b417-121a173f5a93,2026-06-24T00:00:00.000Z,"Traded to Los Angeles (LAL) from New York (NYK) as part of a 4-team trade: Dallas (DAL) traded  Melvin Ajinca, a 2030 2nd round pick and a 2032 2nd round pick to New York (NYK); Dallas (DAL) traded  Koa Peat to Phoenix (PHX); Los Angeles (LAL) traded  Sergio de Larrea to Dallas (DAL); Los Angeles (LAL) traded  Louis Labeyrie,  Chinemelu Elonu and cash considerations to New York (NYK); Phoenix (PHX) traded  Tyler Nickel, a 2029 2nd round pick, a 2033 2nd round pick and cash considerations to New York (NYK)",20,1643418,Cameron Carr,14,traded,14
4e56a54a-18f9-4033-9309-a35ad0b3292f,2026-06-24T00:00:00.000Z,Declined $14.9 million Player Option with Los Angeles (LAL) for 2026-27,,1630559,Austin Reaves,,declined,14
82538343-47ba-4539-9e23-ad38ab8d222a,2026-06-23T00:00:00.000Z,Drafted by Los Angeles (LAL): Round 1 (#25 overall),,1643547,Sergio De Larrea,,drafted,14
fd76e005-bd73-422a-bbec-d0269b68e020,2026-04-12T00:00:00.000Z,Signed a 2 year $2.5 million Rest-of-Season contract with Los Angeles (LAL) via converted Two-Way contract - includes 2026-27 Club Option,,1641733,Nick Smith Jr.,,signedContract,14
c0405302-6f95-48e3-a375-bb91a1562f17,2026-04-10T00:00:00.000Z,Waived by Los Angeles (LAL),,1641723,Kobe Bufkin,,waived,14
84808b88-62b5-4bf5-bea2-5889eb9bb0e0,2026-02-08T00:00:00.000Z,Signed a 2 year $3.34 million Rest-of-Season contract with Los Angeles (LAL),,1641723,Kobe Bufkin,,signedContract,14
85c3c1e3-2a97-4407-beef-76ae6a39645e,2026-02-05T00:00:00.000Z,Traded to Los Angeles (LAL) from Atlanta (ATL)  for  Gabe Vincent and a 2032 2nd round pick,1,1628379,Luke Kennard,14,traded,14
c326d330-4939-4e0c-af6c-a0a22798424c,2026-02-05T00:00:00.000Z,Traded to Los Angeles (LAL) from Atlanta (ATL)  for  Gabe Vincent and 2032 2nd round pick,1,1628379,Luke Kennard,14,traded,14
41492ab5-0560-4059-b184-908605b5f8f9,2026-01-13T00:00:00.000Z,Signed a 10-day contract with Los Angeles (LAL),,1641723,Kobe Bufkin,,signedContract,14
f8ae7022-4f9c-41cf-97e4-9bba48d470b6,2025-11-25T00:00:00.000Z,Signed a Two-Way contract with Los Angeles (LAL),,1631166,Drew Timme,,signedTwoWay,14
8b037556-d99b-4288-bb0c-cb6ead022c6f,2025-11-25T00:00:00.000Z,Waived by Los Angeles (LAL),,1631132,Christian Koloko,,waived,14
13d50ce2-cfd4-42fc-a7fc-623614d47e5c,2025-10-21T00:00:00.000Z,Los Angeles (LAL) exercised $4.2 million option for 2026-27,,1642261,Dalton Knecht,,exercisedTeamOption,14
19d46fc6-5706-4ccd-88bd-6a5c3c3f80af,2026-07-13T00:00:00.000Z,Signed a 4 year $53.8 million Rookie Scale contract with Memphis (MEM),,1643409,Cameron Boozer,,signedContract,15
62c4b0f6-3b42-4bc6-8df6-392710412718,2026-07-08T00:00:00.000Z,"Traded to Memphis (MEM) from Detroit (DET) as part of a 6-team trade: Dallas (DAL) traded  AJ Johnson, a conditional, GSW pick 2030 1st round pick and a 2029 2nd round pick [HOU pick]  to Memphis (MEM); Dallas (DAL) traded  Khris Middleton and a 2033 2nd round pick [DAL pick]  to Washington (WAS); Detroit (DET) traded  Marcus Sasser to Dallas (DAL); Detroit (DET) traded a 2028 2nd round pick [multiple conditions]  to LA (LAC); Detroit (DET) traded  Caris LeVert, a 2027 2nd round pick [least favorable of BKN/DAL pick]  and a 2027 2nd round pick [MIL pick]  to Milwaukee (MIL); LA (LAC) traded  John Collins to Detroit (DET); LA (LAC) traded $1,100,000 to Milwaukee (MIL); Memphis (MEM) traded  Santi Aldama and  Tarik Biberovic to Dallas (DAL); Memphis (MEM) traded a 2029 2nd round pick [2nd most favorable of DET/NYK/MIL] , a 2031 2nd round pick [DAL pick]  and a 2032 2nd round pick [DET pick]  to Detroit (DET); Milwaukee (MIL) traded  Gary Harris and  Taurean Prince to Detroit (DET); Washington (WAS) traded  D'Angelo Russell, a 2029 2nd round pick [LAL pick] , a 2032 2nd round pick [most favorable of MEM/PHI/UTA pick]  and a 2033 2nd round pick [WAS pick]  to Memphis (MEM)",9,1630191,Isaiah Stewart,15,traded,15
b04e0b96-d2bf-47a1-91dc-0d269c69dd3c,2026-07-08T00:00:00.000Z,"Traded to Memphis (MEM) from Washington (WAS) as part of a 6-team trade: Dallas (DAL) traded  AJ Johnson, a conditional, GSW pick 2030 1st round pick and a 2029 2nd round pick [HOU pick]  to Memphis (MEM); Dallas (DAL) traded  Khris Middleton and a 2033 2nd round pick [DAL pick]  to Washington (WAS); Detroit (DET) traded  Marcus Sasser to Dallas (DAL); Detroit (DET) traded a 2028 2nd round pick [multiple conditions]  to LA (LAC); Detroit (DET) traded  Isaiah Stewart to Memphis (MEM); Detroit (DET) traded  Caris LeVert, a 2027 2nd round pick [least favorable of BKN/DAL pick]  and a 2027 2nd round pick [MIL pick]  to Milwaukee (MIL); LA (LAC) traded  John Collins to Detroit (DET); LA (LAC) traded $1,100,000 to Milwaukee (MIL); Memphis (MEM) traded  Santi Aldama and  Tarik Biberovic to Dallas (DAL); Memphis (MEM) traded a 2029 2nd round pick [2nd most favorable of DET/NYK/MIL] , a 2031 2nd round pick [DAL pick]  and a 2032 2nd round pick [DET pick]  to Detroit (DET); Milwaukee (MIL) traded  Gary Harris and  Taurean Prince to Detroit (DET); Washington (WAS) traded a 2029 2nd round pick [LAL pick] , a 2032 2nd round pick [most favorable of MEM/PHI/UTA pick]  and a 2033 2nd round pick [WAS pick]  to Memphis (MEM)",30,1626156,D'Angelo Russell,15,traded,15
170e7d01-a3b6-4ca2-8b70-7a933c26c3c2,2026-07-08T00:00:00.000Z,Signed a 3 year $30 million contract with Memphis (MEM) via Offer Sheet; Golden State (GSW) has the right to match.,,1642366,Quinten Post,,signedContract,15
31024f16-33e8-4946-a417-bec700f925dd,2026-07-08T00:00:00.000Z,"Traded to Memphis (MEM) from Dallas (DAL) as part of a 6-team trade: Dallas (DAL) traded a conditional, GSW pick 2030 1st round pick and a 2029 2nd round pick [HOU pick]  to Memphis (MEM); Dallas (DAL) traded  Khris Middleton and a 2033 2nd round pick [DAL pick]  to Washington (WAS); Detroit (DET) traded  Marcus Sasser to Dallas (DAL); Detroit (DET) traded a 2028 2nd round pick [multiple conditions]  to LA (LAC); Detroit (DET) traded  Isaiah Stewart to Memphis (MEM); Detroit (DET) traded  Caris LeVert, a 2027 2nd round pick [least favorable of BKN/DAL pick]  and a 2027 2nd round pick [MIL pick]  to Milwaukee (MIL); LA (LAC) traded  John Collins to Detroit (DET); LA (LAC) traded $1,100,000 to Milwaukee (MIL); Memphis (MEM) traded  Santi Aldama and  Tarik Biberovic to Dallas (DAL); Memphis (MEM) traded a 2029 2nd round pick [2nd most favorable of DET/NYK/MIL] , a 2031 2nd round pick [DAL pick]  and a 2032 2nd round pick [DET pick]  to Detroit (DET); Milwaukee (MIL) traded  Gary Harris and  Taurean Prince to Detroit (DET); Washington (WAS) traded  D'Angelo Russell, a 2029 2nd round pick [LAL pick] , a 2032 2nd round pick [most favorable of MEM/PHI/UTA pick]  and a 2033 2nd round pick [WAS pick]  to Memphis (MEM)",7,1642358,AJ Johnson,15,traded,15
6dd6c430-05d8-4b9b-aba0-9142219c2076,2026-07-07T00:00:00.000Z,"Traded to Memphis (MEM) from Detroit (DET) as part of a 6-team trade: Dallas (DAL) traded  AJ Johnson, a conditional, GSW pick 2030 1st round pick and a 2029 2nd round pick [HOU pick]  to Memphis (MEM); Dallas (DAL) traded  Khris Middleton and a 2033 2nd round pick [DAL pick]  to Washington (WAS); Detroit (DET) traded  Marcus Sasser to Dallas (DAL); Detroit (DET) traded a 2028 2nd round pick [multiple conditions]  to LA (LAC); Detroit (DET) traded  Caris LeVert, a 2027 2nd round pick [least favorable of BKN/DAL pick]  and a 2027 2nd round pick [MIL pick]  to Milwaukee (MIL); LA (LAC) traded  John Collins to Detroit (DET); LA (LAC) traded $1,100,000 to Milwaukee (MIL); Memphis (MEM) traded  Santi Aldama and  Tarik Biberovic to Dallas (DAL); Memphis (MEM) traded a 2029 2nd round pick [2nd most favorable of DET/NYK/MIL] , a 2031 2nd round pick [DAL pick]  and a 2032 2nd round pick [DET pick]  to Detroit (DET); Milwaukee (MIL) traded  Gary Harris and  Taurean Prince to Detroit (DET); Washington (WAS) traded  D'Angelo Russell to Dallas (DAL); Washington (WAS) traded a 2029 2nd round pick [LAL pick] , a 2032 2nd round pick [most favorable of MEM/PHI/UTA pick]  and a 2033 2nd round pick [WAS pick]  to Memphis (MEM)",9,1630191,Isaiah Stewart,15,traded,15
f8a03e30-5b38-406d-a5ab-d879ca1951ba,2026-07-07T00:00:00.000Z,"Traded to Memphis (MEM) from Dallas (DAL) as part of a 6-team trade: Dallas (DAL) traded a conditional, GSW pick 2030 1st round pick and a 2029 2nd round pick [HOU pick]  to Memphis (MEM); Dallas (DAL) traded  Khris Middleton and a 2033 2nd round pick [DAL pick]  to Washington (WAS); Detroit (DET) traded  Marcus Sasser to Dallas (DAL); Detroit (DET) traded a 2028 2nd round pick [multiple conditions]  to LA (LAC); Detroit (DET) traded  Isaiah Stewart to Memphis (MEM); Detroit (DET) traded  Caris LeVert, a 2027 2nd round pick [least favorable of BKN/DAL pick]  and a 2027 2nd round pick [MIL pick]  to Milwaukee (MIL); LA (LAC) traded  John Collins to Detroit (DET); LA (LAC) traded $1,100,000 to Milwaukee (MIL); Memphis (MEM) traded  Santi Aldama and  Tarik Biberovic to Dallas (DAL); Memphis (MEM) traded a 2029 2nd round pick [2nd most favorable of DET/NYK/MIL] , a 2031 2nd round pick [DAL pick]  and a 2032 2nd round pick [DET pick]  to Detroit (DET); Milwaukee (MIL) traded  Gary Harris and  Taurean Prince to Detroit (DET); Washington (WAS) traded  D'Angelo Russell to Dallas (DAL); Washington (WAS) traded a 2029 2nd round pick [LAL pick] , a 2032 2nd round pick [most favorable of MEM/PHI/UTA pick]  and a 2033 2nd round pick [WAS pick]  to Memphis (MEM)",7,1642358,AJ Johnson,15,traded,15
9488b0c4-f548-4303-bd21-267943de945c,2026-06-29T00:00:00.000Z,Memphis (MEM) exercised $2.41 million option for 2026-27,,1641713,GG Jackson,,exercisedTeamOption,15
03d0e7dd-59ce-4ca2-829d-b00d1e166c4b,2026-06-29T00:00:00.000Z,Memphis (MEM) declined to tender Qualifying Offer; becomes an Unrestricted Free Agent,,1641712,Rayan Rupert,,qualifyingOfferExtended,15
f6f16c8b-e6e1-4bad-a3bb-5e083da77805,2026-06-29T00:00:00.000Z,Memphis (MEM) exercised $2.50 million option for 2026-27,,1641765,Olivier-Maxence Prosper,,exercisedTeamOption,15
9b9e8752-edf1-4e75-b133-7169f5bd2047,2026-06-29T00:00:00.000Z,Traded to Memphis (MEM) from Portland (POR)  with  Jerami Grant for  Ja Morant,25,1631200,Kris Murray,15,traded,15
1cdb6b94-f962-49ec-83db-09789d845f4a,2026-06-29T00:00:00.000Z,Traded to Memphis (MEM) from Portland (POR)  with  Kris Murray for  Ja Morant,25,203924,Jerami Grant,15,traded,15
327826d8-aa47-4b93-be4f-119806c3f956,2026-06-23T00:00:00.000Z,Drafted by Memphis (MEM): Round 1 (#3 overall),,1643409,Cameron Boozer,,drafted,15
11709bf2-fce9-458e-9d18-7466b4a61969,2026-06-23T00:00:00.000Z,Drafted by Memphis (MEM): Round 1 (#16 overall),,1642892,Bennett Stirtz,,drafted,15
3a1460b6-19de-4ac4-a0b3-8fa10980b9f5,2026-06-23T00:00:00.000Z,Traded to Memphis (MEM) from Oklahoma City (OKC)  with a 2033 2nd round pick [OKC pick]  and a 2034 2nd round pick [most favorable of DEN/MIA/HOU pick]  for  Bennett Stirtz,21,1643536,Ebuka Okorie,15,traded,15
7e8690c3-1044-4a40-8545-699a7754f73c,2026-06-23T00:00:00.000Z,"Traded to Memphis (MEM) from Detroit (DET)  with a 2nd round pick, a 2nd round pick and a 2nd round pick for  Ebuka Okorie",9,1643510,Karim Lopez,15,traded,15
1ebe732c-9050-46a0-ad02-22c3d6883a8f,2026-06-19T00:00:00.000Z,Exercised $21.6 million Player Option with Memphis (MEM) for 2026-27,,203484,Kentavious Caldwell-Pope,,exercisedPlayerOption,15
fd630d7c-2299-47df-9f73-c1cb653eb685,2026-04-10T00:00:00.000Z,Signed a 10-day contract with Memphis (MEM),,1631351,Lucas Williamson,,signedContract,15
8f598a21-1926-4f25-9378-c0b103afa758,2026-04-07T00:00:00.000Z,Signed a 10-day contract with Memphis (MEM),,1642380,Adama Bal,,signedContract,15
337f04c9-a973-4984-b6c0-81ea6c07beef,2026-04-03T00:00:00.000Z,Signed a 10-day contract with Memphis (MEM),,1641727,Dariq Whitehead,,signedContract,15
906557f7-dcb8-4cfb-9208-7c92d0dae99e,2026-04-03T00:00:00.000Z,Signed a 10-day contract with Memphis (MEM),,1643253,Toby Okani,,signedContract,15
b33a8892-9e2e-4f8b-bc2d-a03e3bbdb208,2026-03-23T00:00:00.000Z,Signed a 10-day contract with Memphis (MEM),,1631174,Tyler Burton,,signedContract,15
73466c63-7138-4f53-a1c6-ed75b552373f,2026-03-04T00:00:00.000Z,Signed a 2 year $3.03 million Rest-of-Season contract with Memphis (MEM) via converted Two-Way contract - includes 2026-27 Club Option,,1641765,Olivier-Maxence Prosper,,signedContract,15
9818681b-5264-4bcd-86d9-4ee56fbeea3b,2026-03-04T00:00:00.000Z,Signed a Two-Way contract with Memphis (MEM),,1641712,Rayan Rupert,,signedTwoWay,15
bf4a77ca-3e06-46dd-999e-d3e207e90e9b,2026-02-26T00:00:00.000Z,Waived by Memphis (MEM),,203937,Kyle Anderson,,waived,15
539ae34f-9637-47b7-a223-0b3cabd28305,2026-02-26T00:00:00.000Z,Signed a 2 year $4.78 million Rest-of-Season contract with Memphis (MEM),,201959,Taj Gibson,,signedContract,15
8da6e4d3-8d36-47eb-abe6-2a32c2a81c8b,2026-02-22T00:00:00.000Z,Signed a 10-day contract with Memphis (MEM),,1641712,Rayan Rupert,,signedContract,15
f3d85546-0cef-420b-8734-b7a878225b51,2026-02-09T00:00:00.000Z,Signed a 10-day contract with Memphis (MEM),,1643133,Lawson Lovering,,signedContract,15
a1c6b414-ee7d-45c3-8f23-57032f48df42,2026-02-06T00:00:00.000Z,Waived by Memphis (MEM),,201569,Eric Gordon,,waived,15
e3ef9d96-dbff-4f1e-8f2c-609dc40e5c2e,2026-02-05T00:00:00.000Z,Waived by Memphis (MEM),,1627777,Georges Niang,,waived,15
24cc7e7f-798e-4be4-80d4-4c2cfb6e059f,2026-02-05T00:00:00.000Z,Traded to Memphis (MEM) from Philadelphia (PHI)  with 2032 2nd round pick [swap]  for 2032 2nd round pick [swap],23,201569,Eric Gordon,15,traded,15
245d3734-7114-4a03-855e-2258bf552576,2026-02-05T00:00:00.000Z,Traded to Memphis (MEM) from Philadelphia (PHI)  with  Justinian Jessup and a 2032 2nd round pick [swap]  for a 2032 2nd round pick [swap],23,201569,Eric Gordon,15,traded,15
b4cbd990-412b-43d6-b406-8534267f0443,2026-02-03T00:00:00.000Z,"Traded to Memphis (MEM) from Utah (UTA)  with  Taylor Hendricks,  Georges Niang,  Kyle Anderson, a 2027 1st round pick [most favorable of CLE/MIN/UTA pick] , a 2027 1st round pick [LAL pick]  and a 2031 1st round pick [PHX pick]  for  Jaren Jackson Jr.,  John Konchar,  Jock Landale and  Vincent Williams Jr.",29,1642383,Walter Clayton Jr.,15,traded,15
d81a6130-d5ca-4664-a856-425d04034080,2026-02-03T00:00:00.000Z,"Traded to Memphis (MEM) from Utah (UTA)  with  Kyle Anderson ,  Taylor Hendricks ,  Georges Niang , 2027 1st round pick [most favorable of CLE/MIN/UTA pick] , 2027 1st round pick [LAL pick]  and 2031 1st round pick [PHX pick]  for  Jaren Jackson Jr.,  John Konchar,  Jock Landale and  Vincent Williams Jr.",29,1642383,Walter Clayton Jr.,15,traded,15
7de68a47-e119-44b1-b0b4-9ac2fe142a4a,2026-02-03T00:00:00.000Z,"Traded to Memphis (MEM) from Utah (UTA)  with  Walter Clayton Jr. ,  Kyle Anderson ,  Georges Niang , 2027 1st round pick [most favorable of CLE/MIN/UTA pick] , 2027 1st round pick [LAL pick]  and 2031 1st round pick [PHX pick]  for  Jaren Jackson Jr.,  John Konchar,  Jock Landale and  Vincent Williams Jr.",29,1641707,Taylor Hendricks,15,traded,15
9f28aed9-e07c-42db-ad97-b0958b132dca,2026-02-03T00:00:00.000Z,"Traded to Memphis (MEM) from Utah (UTA)  with  Georges Niang,  Walter Clayton Jr.,  Kyle Anderson, a 2027 1st round pick [most favorable of CLE/MIN/UTA pick] , a 2027 1st round pick [LAL pick]  and a 2031 1st round pick [PHX pick]  for  Jaren Jackson Jr.,  John Konchar,  Jock Landale and  Vincent Williams Jr.",29,1641707,Taylor Hendricks,15,traded,15
74de5569-ed4e-4dbc-af07-b9137740463f,2026-02-03T00:00:00.000Z,"Traded to Memphis (MEM) from Utah (UTA)  with  Taylor Hendricks,  Georges Niang,  Walter Clayton Jr., a 2027 1st round pick [most favorable of CLE/MIN/UTA pick] , a 2027 1st round pick [LAL pick]  and a 2031 1st round pick [PHX pick]  for  Jaren Jackson Jr.,  John Konchar,  Jock Landale and  Vincent Williams Jr.",29,203937,Kyle Anderson,15,traded,15
dd2f49ab-a79f-4642-a5b0-9bea7bb3a353,2026-02-03T00:00:00.000Z,"Traded to Memphis (MEM) from Utah (UTA)  with  Walter Clayton Jr. ,  Kyle Anderson ,  Taylor Hendricks , 2027 1st round pick [most favorable of CLE/MIN/UTA pick] , 2027 1st round pick [LAL pick]  and 2031 1st round pick [PHX pick]  for  Jaren Jackson Jr.,  John Konchar,  Jock Landale and  Vincent Williams Jr.",29,1627777,Georges Niang,15,traded,15
da9576c2-5ce0-4d08-8562-6658eefcd794,2026-02-03T00:00:00.000Z,"Traded to Memphis (MEM) from Utah (UTA)  with  Walter Clayton Jr. ,  Taylor Hendricks ,  Georges Niang , 2027 1st round pick [most favorable of CLE/MIN/UTA pick] , 2027 1st round pick [LAL pick]  and 2031 1st round pick [PHX pick]  for  Jaren Jackson Jr.,  John Konchar,  Jock Landale and  Vincent Williams Jr.",29,203937,Kyle Anderson,15,traded,15
8b0a11f6-f38c-4c5c-ac55-0d821be5a0b4,2026-02-03T00:00:00.000Z,"Traded to Memphis (MEM) from Utah (UTA)  with  Taylor Hendricks,  Walter Clayton Jr.,  Kyle Anderson, a 2027 1st round pick [most favorable of CLE/MIN/UTA pick] , a 2027 1st round pick [LAL pick]  and a 2031 1st round pick [PHX pick]  for  Jaren Jackson Jr.,  John Konchar,  Jock Landale and  Vincent Williams Jr.",29,1627777,Georges Niang,15,traded,15
884dcfa0-a173-426d-9744-12ddf32624f9,2026-01-02T00:00:00.000Z,Signed a 10-day contract with Memphis (MEM),,1631132,Christian Koloko,,signedContract,15
423c8133-6458-40ae-b28e-1a78926f9c2c,2025-12-22T00:00:00.000Z,Signed a 10-day contract with Memphis (MEM) via Hardship exception,,1631132,Christian Koloko,,signedContract,15
f4ce3883-f44b-48e2-b93b-173c6b663871,2025-11-24T00:00:00.000Z,Signed a 10-day contract with Memphis (MEM),,1641723,Kobe Bufkin,,signedContract,15
a4dc8ed6-78ff-43da-96f6-5883ff011caa,2025-11-17T00:00:00.000Z,Signed a Two-Way contract with Memphis (MEM),,1642942,Jahmai Mashack,,signedTwoWay,15
7eaba007-d8ad-4d9b-8842-cf5ce9b7e567,2025-11-16T00:00:00.000Z,Waived by Memphis (MEM),,1641790,PJ Hall,,waived,15
131f3579-0903-4fb0-ac40-8014e8559d1d,2025-10-27T00:00:00.000Z,Signed a 10-day contract with Memphis (MEM) via Hardship exception,,1629646,Charles Bassey,,signedContract,15
a93e4e8c-b089-4e8e-b057-0611832dace6,2025-10-21T00:00:00.000Z,Memphis (MEM) exercised $6.33 million option for 2026-27,,1641744,Zach Edey,,exercisedTeamOption,15
533e4a00-f8b0-4333-bfdf-9e67660a056c,2026-07-06T00:00:00.000Z,"Traded to Miami (MIA) from Milwaukee (MIL)  with  Bobby Portis for  Tyler Herro,  Jaime Jaquez Jr.,  Kel'el Ware,  Kasparas Jakucionis,  Nate Ament, a 2030 1st round pick [MIL right to swap with MIA] , a 2031 1st round pick [unprotected] , a 2033 1st round pick [unprotected]  and a 2033 2nd round pick",17,203507,Giannis Antetokounmpo,16,traded,16
3e5aea8f-6e81-4061-b2e0-bba48824d929,2026-07-06T00:00:00.000Z,"Traded to Miami (MIA) from Milwaukee (MIL)  with  Giannis Antetokounmpo for  Tyler Herro,  Jaime Jaquez Jr.,  Kel'el Ware,  Kasparas Jakucionis,  Nate Ament, a 2030 1st round pick [MIL right to swap with MIA] , a 2031 1st round pick [unprotected] , a 2033 1st round pick [unprotected]  and a 2033 2nd round pick",17,1626171,Bobby Portis,16,traded,16
939c52c5-3616-4293-8ea8-9865561c1306,2026-07-06T00:00:00.000Z,Signed a 2 year $33.83 million contract extension with Miami (MIA) - includes 2028-29 Player Option,,203952,Andrew Wiggins,,signedExtension,16
9f331e67-fa07-438b-8b42-6b359f92fe85,2026-07-06T00:00:00.000Z,Signed a 1 year $6.07 million contract with Miami (MIA),,203501,Tim Hardaway Jr.,,signedContract,16
fb7ed56d-4c19-4da7-9488-0cc76d3d5543,2026-07-02T00:00:00.000Z,Signed a 1 year $2.63 million contract with Miami (MIA),,1631323,Simone Fontecchio,,signedContract,16
075a97f8-4c79-4377-8ec7-6f9a69c41a87,2026-06-29T00:00:00.000Z,Miami (MIA) declined to tender Qualifying Offer; becomes an Unrestricted Free Agent,,1642443,Jahmir Young,,qualifyingOfferExtended,16
2f0df4cc-7600-4bf3-9aef-13c5fe6bb5b7,2026-06-29T00:00:00.000Z,Miami (MIA) declined $2.41 million option for 2026-27,,1642443,Jahmir Young,,declined,16
bef5a023-e1ce-4162-a944-99a531a917e1,2026-06-29T00:00:00.000Z,Miami (MIA) declined to tender Qualifying Offer; becomes an Unrestricted Free Agent,,1631211,Trevor Keels,,qualifyingOfferExtended,16
831824a5-2270-404c-b425-47197ca5fd14,2026-06-29T00:00:00.000Z,Miami (MIA) declined to tender Qualifying Offer; becomes an Unrestricted Free Agent,,1642352,Keshad Johnson,,qualifyingOfferExtended,16
a95b618c-598f-46b5-a87f-74cd00a53177,2026-06-29T00:00:00.000Z,Exercised $30.17 million Player Option Miami (MIA) for 2026-27,,203952,Andrew Wiggins,,exercisedTeamOption,16
ec8a277e-690e-412f-8129-d2d72c3e8a76,2026-06-26T00:00:00.000Z,Miami (MIA) tendered Two-Way Qualifying Offer; becomes a Restricted Free Agent,,1642884,Vladislav Goldin,,qualifyingOfferExtended,16
00b82c59-a165-4a58-a722-ba5ec67db702,2026-06-24T00:00:00.000Z,Miami (MIA) exercised $2.30 million option for 2026-27,,1641796,Pelle Larsson,,exercisedTeamOption,16
5d622678-9179-4f6a-8591-932f96bf0beb,2026-06-23T00:00:00.000Z,Drafted by Miami (MIA): Round 1 (#13 overall),,1643417,Nate Ament,,drafted,16
2693ada8-8690-4f81-a3e8-9cbc5b23b904,2026-04-11T00:00:00.000Z,Signed a 2 year $2.43 million Rest-of-Season contract with Miami (MIA) via converted Two-Way contract - includes 2026-27 Club Option,,1642443,Jahmir Young,,signedContract,16
891a6529-5235-4b08-96ca-2470a7f7f300,2026-04-10T00:00:00.000Z,Waived by Miami (MIA),,1626179,Terry Rozier,,waived,16
6c33b349-527f-461e-99f6-cadc691fe142,2026-02-18T00:00:00.000Z,Signed a 3 year $5.5 million Rest-of-Season contract with Miami (MIA),,1642066,Myron Gardner,,signedContract,16
b40523cb-d8f0-4c2b-b5dd-9a600d87d61a,2026-02-18T00:00:00.000Z,Signed a Two-Way contract with Miami (MIA),,1631211,Trevor Keels,,signedTwoWay,16
d444c3dd-bb0c-4785-a9db-291b872f8069,2025-10-22T00:00:00.000Z,Reached agreement with Miami (MIA) to recoup approximately half of the $6 million he forfeited during suspensions with Miami (MIA) prior to being traded to Golden State (GSW),,202710,Jimmy Butler,16,traded,16
41552f41-1fbd-433a-a12e-843be5e0ee48,2026-07-09T00:00:00.000Z,Signed a 3 year $17.5 million contract with Milwaukee (MIL) - includes 2028-29 Team Option,,1631172,Ousmane Dieng,,signedContract,17
12997b72-48f9-43b3-a360-88e9b73bfedc,2026-07-08T00:00:00.000Z,Signed a 2 year $5.29 million contract with Milwaukee (MIL),,1631250,Pete Nance,,signedContract,17
4c97de94-3787-4b6e-8dc2-45dbe34e188e,2026-07-08T00:00:00.000Z,Signed a 4 year $25.98 million Rookie Scale contract with Milwaukee (MIL),,1643417,Nate Ament,,signedContract,17
86144090-d1e7-49c6-b0df-1ef27a6c5131,2026-07-08T00:00:00.000Z,"Traded to Milwaukee (MIL) from Detroit (DET) as part of a 6-team trade: Dallas (DAL) traded  AJ Johnson, a conditional, GSW pick 2030 1st round pick and a 2029 2nd round pick [HOU pick]  to Memphis (MEM); Dallas (DAL) traded  Khris Middleton and a 2033 2nd round pick [DAL pick]  to Washington (WAS); Detroit (DET) traded  Marcus Sasser to Dallas (DAL); Detroit (DET) traded a 2028 2nd round pick [multiple conditions]  to LA (LAC); Detroit (DET) traded  Isaiah Stewart to Memphis (MEM); Detroit (DET) traded a 2027 2nd round pick [least favorable of BKN/DAL pick]  and a 2027 2nd round pick [MIL pick]  to Milwaukee (MIL); LA (LAC) traded  John Collins to Detroit (DET); LA (LAC) traded $1,100,000 to Milwaukee (MIL); Memphis (MEM) traded  Santi Aldama and  Tarik Biberovic to Dallas (DAL); Memphis (MEM) traded a 2029 2nd round pick [2nd most favorable of DET/NYK/MIL] , a 2031 2nd round pick [DAL pick]  and a 2032 2nd round pick [DET pick]  to Detroit (DET); Milwaukee (MIL) traded  Gary Harris and  Taurean Prince to Detroit (DET); Washington (WAS) traded  D'Angelo Russell, a 2029 2nd round pick [LAL pick] , a 2032 2nd round pick [most favorable of MEM/PHI/UTA pick]  and a 2033 2nd round pick [WAS pick]  to Memphis (MEM)",9,1627747,Caris LeVert,17,traded,17
d3bfd380-2bd5-4888-9683-f4d3a8f53ddd,2026-07-07T00:00:00.000Z,"Traded to Milwaukee (MIL) from Detroit (DET) as part of a 6-team trade: Dallas (DAL) traded  AJ Johnson, a conditional, GSW pick 2030 1st round pick and a 2029 2nd round pick [HOU pick]  to Memphis (MEM); Dallas (DAL) traded  Khris Middleton and a 2033 2nd round pick [DAL pick]  to Washington (WAS); Detroit (DET) traded  Marcus Sasser to Dallas (DAL); Detroit (DET) traded a 2028 2nd round pick [multiple conditions]  to LA (LAC); Detroit (DET) traded  Isaiah Stewart to Memphis (MEM); Detroit (DET) traded a 2027 2nd round pick [least favorable of BKN/DAL pick]  and a 2027 2nd round pick [MIL pick]  to Milwaukee (MIL); LA (LAC) traded  John Collins to Detroit (DET); LA (LAC) traded $1,100,000 to Milwaukee (MIL); Memphis (MEM) traded  Santi Aldama and  Tarik Biberovic to Dallas (DAL); Memphis (MEM) traded a 2029 2nd round pick [2nd most favorable of DET/NYK/MIL] , a 2031 2nd round pick [DAL pick]  and a 2032 2nd round pick [DET pick]  to Detroit (DET); Milwaukee (MIL) traded  Gary Harris and  Taurean Prince to Detroit (DET); Washington (WAS) traded  D'Angelo Russell to Dallas (DAL); Washington (WAS) traded a 2029 2nd round pick [LAL pick] , a 2032 2nd round pick [most favorable of MEM/PHI/UTA pick]  and a 2033 2nd round pick [WAS pick]  to Memphis (MEM)",9,1627747,Caris LeVert,17,traded,17
c181905b-ecc3-45c4-b58c-6f105e7789ff,2026-07-06T00:00:00.000Z,"Traded to Milwaukee (MIL) from Miami (MIA)  with  Jaime Jaquez Jr.,  Kel'el Ware,  Kasparas Jakucionis,  Nate Ament, a 2030 1st round pick [MIL right to swap with MIA] , a 2031 1st round pick [unprotected] , a 2033 1st round pick [unprotected]  and a 2033 2nd round pick for  Giannis Antetokounmpo and  Bobby Portis",16,1629639,Tyler Herro,17,traded,17
74caa1bc-7a2b-49dc-b1b5-ce325a7bb83e,2026-07-06T00:00:00.000Z,"Traded to Milwaukee (MIL) from Miami (MIA)  with  Tyler Herro,  Jaime Jaquez Jr.,  Kel'el Ware,  Nate Ament, a 2030 1st round pick [MIL right to swap with MIA] , a 2031 1st round pick [unprotected] , a 2033 1st round pick [unprotected]  and a 2033 2nd round pick for  Giannis Antetokounmpo and  Bobby Portis",16,1642857,Kasparas Jakučionis,17,traded,17
a306b149-eaa1-4d52-af1c-80affbbc0c9a,2026-07-06T00:00:00.000Z,"Traded to Milwaukee (MIL) from Miami (MIA)  with  Tyler Herro,  Jaime Jaquez Jr.,  Kasparas Jakucionis,  Nate Ament, a 2030 1st round pick [MIL right to swap with MIA] , a 2031 1st round pick [unprotected] , a 2033 1st round pick [unprotected]  and a 2033 2nd round pick for  Giannis Antetokounmpo and  Bobby Portis",16,1642276,Kel'el Ware,17,traded,17
61a7f718-f692-49a9-b4e2-cabd4dc465e9,2026-07-06T00:00:00.000Z,"Traded to Milwaukee (MIL) from Miami (MIA)  with  Tyler Herro,  Kel'el Ware,  Kasparas Jakucionis,  Nate Ament, a 2030 1st round pick [MIL right to swap with MIA] , a 2031 1st round pick [unprotected] , a 2033 1st round pick [unprotected]  and a 2033 2nd round pick for  Giannis Antetokounmpo and  Bobby Portis",16,1631170,Jaime Jaquez Jr.,17,traded,17
293962a7-49dc-4bff-86da-767b44aca5ca,2026-07-06T00:00:00.000Z,Signed a Two-Way contract with Milwaukee (MIL),,1642880,Kam Jones,,signedTwoWay,17
c884a0ac-d89d-4c62-b323-a0644bca98ab,2026-07-06T00:00:00.000Z,"Traded to Milwaukee (MIL) from Miami (MIA)  with  Tyler Herro,  Jaime Jaquez Jr.,  Kel'el Ware,  Kasparas Jakucionis, a 2030 1st round pick [MIL right to swap with MIA] , a 2031 1st round pick [unprotected] , a 2033 1st round pick [unprotected]  and a 2033 2nd round pick for  Giannis Antetokounmpo and  Bobby Portis",16,1643417,Nate Ament,17,traded,17
66697cec-ebec-47fa-b93b-14bafead19e0,2026-07-05T00:00:00.000Z,Signed a 4 year $29.21 million Rookie Scale contract with Milwaukee (MIL),,1643415,Brayden Burries,,signedContract,17
0beded72-41b9-472e-9393-0f54a0f7aac9,2026-07-03T00:00:00.000Z,Waived by Milwaukee (MIL),,1631250,Pete Nance,,waived,17
66a04dbb-83ad-4090-9f73-fa978e48653f,2026-07-01T00:00:00.000Z,Signed a 4 year $9.26 million contract with Milwaukee (MIL) - includes 2029-30 Team Option,,1642881,Bogoljub Marković,,signedContract,17
366b765d-31ad-43e1-9081-8672a187d6e2,2026-06-29T00:00:00.000Z,Milwaukee (MIL) declined to tender Qualifying Offer; becomes an Unrestricted Free Agent,,1631172,Ousmane Dieng,,qualifyingOfferExtended,17
3e1bf984-7959-460d-923d-a6bc15c2ad8c,2026-06-29T00:00:00.000Z,Milwaukee (MIL) declined to tender Qualifying Offer; becomes an Unrestricted Free Agent,,1641748,Andre Jackson Jr.,,qualifyingOfferExtended,17
0903da31-3f7a-4fad-b1a1-be36ae0180e6,2026-06-29T00:00:00.000Z,Milwaukee (MIL) exercised $3.82 million option for 2026-27,,1627752,Taurean Prince,,exercisedTeamOption,17
673d616e-0079-4258-ac84-bd349b6e075e,2026-06-29T00:00:00.000Z,Milwaukee (MIL) declined to tender Qualifying Offer; becomes an Unrestricted Free Agent,,1630828,Alex Antetokounmpo,,qualifyingOfferExtended,17
cb35756d-0e35-4fce-a813-9e62175404ed,2026-06-29T00:00:00.000Z,Milwaukee (MIL) declined $2.4 million option for 2026-27,,1641748,Andre Jackson Jr.,,declined,17
803896c6-7705-4dee-8611-38f2384f5d50,2026-06-26T00:00:00.000Z,Declined $3.88 million Player Option with Milwaukee (MIL) for 2026-27,,1629018,Gary Trent Jr.,,declined,17
640f62c8-0584-4539-8e20-b74c9e93bbae,2026-06-25T00:00:00.000Z,Exercised $5.39 million Player Option with Milwaukee (MIL) for 2026-27,,1629645,Kevin Porter Jr.,,exercisedPlayerOption,17
cb3237d5-40e5-4aea-8ba2-aa17bf544889,2026-06-25T00:00:00.000Z,Exercised $2.8 million Player Option with Milwaukee (MIL) for 2026-27,,1630579,Jericho Sims,,exercisedPlayerOption,17
d8e2ac9f-ac13-48fe-918f-f6aadebc5bb6,2026-06-23T00:00:00.000Z,Drafted by Milwaukee (MIL): Round 1 (#10 overall),,1643415,Brayden Burries,,drafted,17
dfed8808-be54-4d87-85dd-06a554b9070e,2026-06-22T00:00:00.000Z,Exercised $3.82 million Player Option with Milwaukee (MIL) for 2026-27,,203914,Gary Harris,,exercisedPlayerOption,17
87b8e968-5ee0-4324-940b-51463443fbb4,2026-03-23T00:00:00.000Z,Signed a 3 year $5.80 million Rest-of-Season contract with Milwaukee (MIL) via converted Two-Way contract,,1631250,Pete Nance,,signedContract,17
218aaa91-5483-4f1e-bdbe-9dfa23c187b7,2026-02-26T00:00:00.000Z,Signed a 2 year Two-Way contract with Milwaukee (MIL),,1642504,Cormac Ryan,,signedTwoWay,17
260ef4d7-964d-467e-9b64-9923b8966be7,2026-02-08T00:00:00.000Z,Signed a Rest-of-Season contract with Milwaukee (MIL),,1630560,Cam Thomas,,signedContract,17
48d323b3-2d64-46ab-9c69-24d880e9ac6b,2026-02-06T00:00:00.000Z,Waived by Milwaukee (MIL),,1628502,Nigel Hayes,,waived,17
4e9c3753-99b3-4f6b-81fa-fba8bfa951b6,2026-02-05T00:00:00.000Z,Traded to Milwaukee (MIL) from Chicago (CHI) as part of a 3-team trade: Milwaukee (MIL) traded  Cole Anthony and  Amir Coffey to Phoenix (PHX); Phoenix (PHX) traded  Nick Richards to Chicago (CHI); Phoenix (PHX) traded  Nigel Hayes-Davis to Milwaukee (MIL),5,1631172,Ousmane Dieng,17,traded,17
51d8fc99-e7b8-4b38-a699-76030c3b5b22,2026-02-05T00:00:00.000Z,Traded to Milwaukee (MIL) from Phoenix (PHX) as part of a 3-team trade: Chicago (CHI) traded  Ousmane Dieng to Milwaukee (MIL); Milwaukee (MIL) traded  Cole Anthony and  Amir Coffey to Phoenix (PHX); Phoenix (PHX) traded  Nick Richards to Chicago (CHI),24,1628502,Nigel Hayes,17,traded,17
d9dae624-c8c3-4c79-942c-7032392fd3c5,2026-01-07T00:00:00.000Z,Waived by Milwaukee (MIL),,1641813,Mark Sears,,waived,17
03801ce4-d661-4a0e-b246-bc3c1106f4c8,2026-07-10T00:00:00.000Z,Signed a 3 year $10 million contract with Minnesota (MIN),,1641740,Jaylen Clark,,signedContract,18
254af0a3-7a08-4b1e-9cea-1492f5e6871c,2026-07-10T00:00:00.000Z,Signed a 5 year $112 million contract with Minnesota (MIN) - includes 2030-31 Player Option,,1630245,Ayo Dosunmu,,signedContract,18
ffff4829-ffe6-4e0f-b5e5-fd9eae50c833,2026-07-10T00:00:00.000Z,Signed a 1 year $3.88 million contract with Minnesota (MIN),,1626168,Trey Lyles,,signedContract,18
8c3751b7-849b-4607-b8c5-b5e9549ece5d,2026-07-03T00:00:00.000Z,Signed a 1 year $2.85 million contract with Minnesota (MIN),,1630538,Bones Hyland,,signedContract,18
7e6e4ca9-b603-4c8d-a055-86cde08f5e63,2026-06-29T00:00:00.000Z,Minnesota (MIN) declined to tender Qualifying Offer; becomes an Unrestricted Free Agent,,1641763,Julian Phillips,,qualifyingOfferExtended,18
18001914-8b4d-4dc5-a867-5879c5ddc8f7,2026-06-29T00:00:00.000Z,Minnesota (MIN) declined $2.4 million option for 2026-27,,1641763,Julian Phillips,,declined,18
6c2db790-dcba-4aea-8c29-f2bfefc39f2a,2026-06-27T00:00:00.000Z,Minnesota (MIN) tendered $2.96 million Qualifying Offer; becomes a Restricted Free Agent,,1641740,Jaylen Clark,,qualifyingOfferExtended,18
629dcb82-6210-4c8c-91d2-95b656bf3606,2026-06-27T00:00:00.000Z,Minnesota (MIN) tendered Qualifying Offer; becomes a Restricted Free Agent,,1642402,Enrique Freeman,,qualifyingOfferExtended,18
74bc1be5-8202-4945-850e-16f6307107ae,2026-06-25T00:00:00.000Z,"Traded to Minnesota (MIN) from Charlotte (CHA)  with  LaMelo Ball, a 2028 pick [CHA right to swap with MIN] , a 2033 pick [unprotected] , a 2029 1st round pick [CHA right to swap with MIN] , a 2030 1st round pick [CHA right to swap with MIN] , a 2029 2nd round pick, a 2032 2nd round pick and a 2033 2nd round pick for  Naz Reid",4,1630182,Josh Green,18,traded,18
061758dc-64fb-49d0-8072-88757fa22c5d,2026-06-25T00:00:00.000Z,"Traded to Minnesota (MIN) from Charlotte (CHA)  with  Josh Green, a 2028 pick [CHA right to swap with MIN] , a 2033 pick [unprotected] , a 2029 1st round pick [CHA right to swap with MIN] , a 2030 1st round pick [CHA right to swap with MIN] , a 2029 2nd round pick, a 2032 2nd round pick and a 2033 2nd round pick for  Naz Reid",4,1630163,LaMelo Ball,18,traded,18
1200f9c1-617c-4d76-8738-ba2fffe6b6e9,2026-06-23T00:00:00.000Z,Drafted by Minnesota (MIN): Round 1 (#28 overall),,1643538,Joshua Jefferson,,drafted,18
712691c1-b106-440d-a060-1a9869761e82,2026-06-22T00:00:00.000Z,Traded to Minnesota (MIN) from Chicago (CHI) as part of a 3-team trade: Minnesota (MIN) traded  Julius Randle and a 2026 1st round pick (#28) to Brooklyn (BKN); Brooklyn (BKN) traded  Nicolas Claxton to Chicago (CHI); Brooklyn (BKN) traded a 2026 2nd round pick (#33) to Minnesota (MIN),5,1631338,Mouhamadou Gueye,18,traded,18
36be7730-c74d-4d55-9e95-abe4c585c34e,2026-03-01T00:00:00.000Z,Signed a 2 year Two-Way contract with Minnesota (MIN),,1642389,Zyon Pullin,,signedTwoWay,18
b69eaf21-19d4-43b1-a096-c0aab870a6e8,2026-03-01T00:00:00.000Z,Signed a Rest-of-Season contract with Minnesota (MIN),,203937,Kyle Anderson,,signedContract,18
50139842-3858-42ac-a44d-954c32edeaf4,2026-02-25T00:00:00.000Z,Signed a Two-Way contract with Minnesota (MIN),,1631262,Jules Bernard,,signedTwoWay,18
704257d0-5d33-4eed-87d8-3452ec294fe1,2026-02-18T00:00:00.000Z,Waived by Minnesota (MIN),,1630548,Johnny Juzang,,waived,18
59d7b050-49c4-4ee0-9ba0-276fbbcff376,2026-02-17T00:00:00.000Z,Signed a Rest-of-Season contract with Minnesota (MIN),,201144,Mike Conley,,signedContract,18
633b1bef-ad41-4ba3-b827-863171ae4b11,2026-02-05T00:00:00.000Z,"Traded to Minnesota (MIN) from Chicago (CHI)  with  Ayo Dosunmu  for  Rob Dillingham,  Leonard Miller, 2026 2nd round pick [least favorable of DEN/GSW] , 2027 2nd round pick [CLE pick] , 2031 2nd round pick [more favorable of MIN/GSW]  and 2032 2nd round pick [more favorable of PHX/HOU]",5,1641763,Julian Phillips,18,traded,18
19d9806f-5512-4835-88ca-ccb8f1777473,2026-02-05T00:00:00.000Z,"Traded to Minnesota (MIN) from Chicago (CHI)  with  Ayo Dosunmu for  Rob Dillingham,  Leonard Miller, a 2026 2nd round pick [least favorable of DEN/GSW] , a 2027 2nd round pick [CLE pick] , a 2031 2nd round pick [more favorable of MIN/GSW]  and a 2032 2nd round pick [more favorable of PHX/HOU]",5,1641763,Julian Phillips,18,traded,18
12102a54-366b-4143-a6bd-2cdc7e0a0f42,2026-02-05T00:00:00.000Z,"Traded to Minnesota (MIN) from Chicago (CHI)  with  Julian Phillips for  Rob Dillingham,  Leonard Miller, a 2026 2nd round pick [least favorable of DEN/GSW] , a 2027 2nd round pick [CLE pick] , a 2031 2nd round pick [more favorable of MIN/GSW]  and a 2032 2nd round pick [more favorable of PHX/HOU]",5,1630245,Ayo Dosunmu,18,traded,18
2e979ab7-275c-4281-8a14-9151ead8b35e,2026-02-05T00:00:00.000Z,"Traded to Minnesota (MIN) from Chicago (CHI)  with  Julian Phillips  for  Rob Dillingham,  Leonard Miller, 2026 2nd round pick [least favorable of DEN/GSW] , 2027 2nd round pick [CLE pick] , 2031 2nd round pick [more favorable of MIN/GSW]  and 2032 2nd round pick [more favorable of PHX/HOU]",5,1630245,Ayo Dosunmu,18,traded,18
746dc6f5-6b63-48d6-836b-fa9ba0b60cef,2026-07-10T00:00:00.000Z,Signed a 2 year $7.95 million contract with New Orleans (NOP),,201599,DeAndre Jordan,,signedContract,19
a75f2d2b-3c10-4777-bdc1-a556068e2121,2026-07-10T00:00:00.000Z,Signed a 1 year $3.88 million contract with New Orleans (NOP),,201599,DeAndre Jordan,,signedContract,19
60d38819-2292-4aab-8417-829f9d2eddd3,2026-06-29T00:00:00.000Z,New Orleans (NOP) declined to tender Qualifying Offer; becomes an Unrestricted Free Agent,,1641725,Trey Alexander,,qualifyingOfferExtended,19
1db94514-8c43-4a49-80aa-c1e5a02f7866,2026-06-29T00:00:00.000Z,New Orleans (NOP) declined to tender Qualifying Offer; becomes an Unrestricted Free Agent,,1642490,Josh Oduro,,qualifyingOfferExtended,19
942e07db-870d-4415-95da-12269c8aae54,2026-06-26T00:00:00.000Z,New Orleans (NOP) tendered Two-Way Qualifying Offer; becomes a Restricted Free Agent,,1630621,Hunter Dickinson,,qualifyingOfferExtended,19
125028fb-8659-452a-846d-50c683a0f899,2026-06-26T00:00:00.000Z,New Orleans (NOP) declined $8 million option for 2026-27,,1626172,Kevon Looney,,declined,19
1b4f81e2-33f8-42d6-87d4-d329fa4cbbc0,2026-06-25T00:00:00.000Z,New Orleans (NOP) exercised $2.30 million option for 2026-27,,1631255,Karlo Matković,,exercisedTeamOption,19
ccef1298-0298-488f-8a20-cad688b61d39,2026-03-04T00:00:00.000Z,Signed a Two-Way contract with New Orleans (NOP),,1642490,Josh Oduro,,signedTwoWay,19
6bcebb07-e5ea-4e0b-850c-a26fa418d003,2026-02-20T00:00:00.000Z,Signed a 3 year $6.24 million Rest-of-Season contract with New Orleans (NOP) via converted Two-Way contract - includes 2027-28 Club Option,,1631121,Bryce McGowens,,signedContract,19
a332a845-ba8f-4714-b60c-3edd8b09dffd,2026-02-06T00:00:00.000Z,Waived by New Orleans (NOP),,1631207,Dalen Terry,,waived,19
04635201-ece6-421c-ba55-919659deeaf2,2026-02-05T00:00:00.000Z,Traded to New Orleans (NOP) from New York (NYK)  with a 2nd round pick and a 2nd round pick for  Jose Alvarado and  Latavious Williams,20,1631207,Dalen Terry,19,traded,19
be6abbc5-08d1-4bc4-86c0-87d2849b4586,2026-02-05T00:00:00.000Z,Traded to New Orleans (NOP) from New York (NYK)  with  2nd round pick and  2nd round pick for  Jose Alvarado,20,1631207,Dalen Terry,19,traded,19
28fd3e13-e39d-4305-9df6-5f51f4508148,2025-10-24T00:00:00.000Z,Signed a 1 year $3.59 million Rest-of-Season contract with New Orleans (NOP),,201599,DeAndre Jordan,,signedContract,19
4579446c-a240-4b98-be4e-55b78bc5e4f3,2025-10-23T00:00:00.000Z,"Waived by New Orleans (NOP); leaves behind $70,732 in dead cap",,1630531,Jaden Springer,,waived,19
2c9fa237-972f-4256-bcc4-237fca8e8627,2026-07-10T00:00:00.000Z,Signed a 1 year $3.88 million contract with New York (NYK),,203903,Jordan Clarkson,,signedContract,20
9f4affc6-fa3a-4dbd-8b11-121586ba65bf,2026-07-06T00:00:00.000Z,Signed a 1 year $3.88 million contract with New York (NYK),,203083,Andre Drummond,,signedContract,20
7e591964-849a-4f47-be4d-4d3ce13e3d70,2026-07-06T00:00:00.000Z,Signed a 3 year $14.38 million contract with New York (NYK),,1630631,Jose Alvarado,,signedContract,20
3e22f8c2-485f-48d8-b047-52c70d49d81f,2026-07-06T00:00:00.000Z,Signed a 3 year $14-plus million contract with New York (NYK),,1630631,Jose Alvarado,,signedContract,20
b7b79a4d-2734-48c2-baec-f6065aa2fea5,2026-07-06T00:00:00.000Z,Signed a 4 year $24 million contract with New York (NYK),,1629013,Landry Shamet,,signedContract,20
89f36068-a0d0-4284-943f-80a593c9ac9e,2026-07-06T00:00:00.000Z,Signed a 4 year $10 million contract with New York (NYK),,1642885,Mohamed Diawara,,signedContract,20
91da8cf1-d95d-45d4-9aee-e1697a9b1dc3,2026-07-06T00:00:00.000Z,Signed a 4 year $11.28 million contract with New York (NYK) - includes 2029-30 Team Option,,1642885,Mohamed Diawara,,signedContract,20
7781a966-aaf6-4181-8ede-8cbacd790201,2026-07-06T00:00:00.000Z,Signed a 4 year $23.98 million contract with New York (NYK) - includes 2029-30 Player Option,,1629013,Landry Shamet,,signedContract,20
8ee5d2cd-9a51-46f9-8884-90dc72d51f85,2026-06-29T00:00:00.000Z,New York (NYK) declined to tender Qualifying Offer; becomes an Unrestricted Free Agent,,1630574,Ariel Hukporti,,qualifyingOfferExtended,20
95b42d67-b633-4b36-84c6-38d1e41864fd,2026-06-29T00:00:00.000Z,New York (NYK) declined to tender Qualifying Offer; becomes an Unrestricted Free Agent,,1641755,Kevin McCullar Jr.,,qualifyingOfferExtended,20
b3b3ce27-dd96-4379-b00b-c28257d1e0de,2026-06-29T00:00:00.000Z,New York (NYK) declined to tender Qualifying Offer; becomes an Unrestricted Free Agent,,1641998,Trey Jemison III,,qualifyingOfferExtended,20
60737802-9676-4865-8f16-28b62454eda8,2026-06-26T00:00:00.000Z,Declined $4.5 million Player Option with New York (NYK) for 2026-27,,1630631,Jose Alvarado,,declined,20
10a93a22-e779-49bf-9519-e37b8ed13697,2026-06-23T00:00:00.000Z,Drafted by New York (NYK): Round 1 (#24 overall),,1643418,Cameron Carr,,drafted,20
bdb97382-cb7b-45aa-810f-20b7f9ef57c2,2026-02-13T00:00:00.000Z,Signed a Rest-of-Season contract with New York (NYK),,1631110,Jeremy Sochan,,signedContract,20
8ea3b8f7-e35d-45bc-a7f9-b2d5711bc508,2026-02-05T00:00:00.000Z,"Traded to New York (NYK) from New Orleans (NOP)  for  Dalen Terry,  2nd round pick and  2nd round pick",19,1630631,Jose Alvarado,20,traded,20
f15bf5f7-9046-4d87-8269-f7acfb97dde0,2026-02-05T00:00:00.000Z,Traded to New York (NYK) from Chicago (CHI)  for  Guerschon Yabusele and cash considerations,5,1631207,Dalen Terry,20,traded,20
8e67dfce-986e-409f-ab78-6e7d7c46fade,2026-02-05T00:00:00.000Z,Traded to New York (NYK) from Chicago (CHI)  for  Guerschon Yabusele,5,1631207,Dalen Terry,20,traded,20
c31b5704-b492-4f59-8b12-45ec376b947f,2026-02-05T00:00:00.000Z,"Traded to New York (NYK) from New Orleans (NOP)  with  Latavious Williams  for  Dalen Terry,  2nd round pick and  2nd round pick",19,1630631,Jose Alvarado,20,traded,20
fc5941ec-0fb2-4a0a-a015-2783f93c1c96,2026-02-05T00:00:00.000Z,"Traded to New York (NYK) from New Orleans (NOP)  with  Latavious Williams for  Dalen Terry, a 2nd round pick and a 2nd round pick",19,1630631,Jose Alvarado,20,traded,20
59569328-c8f2-42f7-904b-3aa8b21a1a42,2026-01-20T00:00:00.000Z,Signed a Two-Way contract with New York (NYK),,1641794,Dillon Jones,,signedTwoWay,20
60a5321c-1766-43fe-8088-1d639058bde0,2026-01-07T00:00:00.000Z,Waived by New York (NYK),,1641787,Tosan Evbuomwan,,waived,20
281dc751-136f-4259-90ba-ccb82ffb3b65,2025-11-20T00:00:00.000Z,Signed a 10-day contract with New York (NYK),,1629726,Garrison Mathews,,signedContract,20
e478f7b8-39cd-4f38-b29f-afb80f3acbfa,2025-10-31T00:00:00.000Z,New York (NYK) exercised $2.98 million option for 2026-27,,1642359,Pacôme Dadiet,,exercisedTeamOption,20
566710f0-7d92-4dba-aede-71c0540e6b24,2026-07-06T00:00:00.000Z,Signed a 3 year $75 million contract with Oklahoma City (OKC) - includes 2028-29 Mutual Option,,1628392,Isaiah Hartenstein,,signedContract,21
24ea330b-04f2-49ac-8261-ced8d4c82b87,2026-07-06T00:00:00.000Z,Signed a 1 year $5 million contract with Oklahoma City (OKC),,1629026,Kenrich Williams,,signedContract,21
428f2976-5c87-4540-9fa5-3ebec71fb62f,2026-07-03T00:00:00.000Z,Signed a 4 year $22.82 million Rookie Scale contract with Oklahoma City (OKC),,1642892,Bennett Stirtz,,signedContract,21
ac33c23a-cc50-485c-ad85-021863a622e6,2026-07-03T00:00:00.000Z,Signed a 4 year $27.02 million Rookie Scale contract with Oklahoma City (OKC),,1643530,Aday Mara,,signedContract,21
c7f86544-9131-4b8e-b0ee-07b8abeab1b0,2026-06-29T00:00:00.000Z,Oklahoma City (OKC) declined to tender Qualifying Offer; becomes an Unrestricted Free Agent,,1642382,Branden Carlson,,qualifyingOfferExtended,21
2c273be1-026e-47cb-8521-e553b43ff7cb,2026-06-29T00:00:00.000Z,Oklahoma City (OKC) declined $7.16 million option for 2026-27,,1629026,Kenrich Williams,,declined,21
d7174457-c8c5-4e6e-a5f1-c39c0a4bfbe1,2026-06-29T00:00:00.000Z,Oklahoma City (OKC) tendered Two-Way Qualifying Offer; becomes a Restricted Free Agent,,1642964,Brooks Barnhizer,,qualifyingOfferExtended,21
424292c9-2030-429f-80ea-7c890edbd96a,2026-06-29T00:00:00.000Z,Oklahoma City (OKC) exercised $17.72 million option for 2026-27,,1629652,Luguentz Dort,,exercisedTeamOption,21
ce68ec70-68ce-4233-8a8f-9f64c24dab75,2026-06-26T00:00:00.000Z,Oklahoma City (OKC) declined $28.5 million option for 2026-27,,1628392,Isaiah Hartenstein,,declined,21
8fc1b351-c0b7-4430-85e4-350f9253a732,2026-06-23T00:00:00.000Z,Drafted by Oklahoma City (OKC): Round 1 (#12 overall),,1643530,Aday Mara,,drafted,21
55fc9f6b-bb1e-41c4-886a-ab13fcb54b77,2026-06-23T00:00:00.000Z,"Traded to Oklahoma City (OKC) from Memphis (MEM)  for  Ebuka Okorie, a 2033 2nd round pick [OKC pick]  and a 2034 2nd round pick [most favorable of DEN/MIA/HOU pick]",15,1642892,Bennett Stirtz,21,traded,21
75ac247b-d345-461d-b9d1-5216e4321179,2026-06-23T00:00:00.000Z,Drafted by Oklahoma City (OKC): Round 1 (#17 overall),,1643536,Ebuka Okorie,,drafted,21
6cc3f3c2-6705-4070-88dc-9640ac9d6552,2026-02-06T00:00:00.000Z,Waived by Oklahoma City (OKC),,1642959,Chris Youngblood,,waived,21
027f04bc-02c4-41ce-b5da-a38bb75c6e31,2026-02-06T00:00:00.000Z,Signed a 2 year Two-Way contract with Oklahoma City (OKC),,1631205,Buddy Boeheim,,signedTwoWay,21
18be97f6-4061-41c7-b827-1910b19f4f92,2026-02-05T00:00:00.000Z,Waived by Oklahoma City (OKC),,203486,Mason Plumlee,,waived,21
df67fc54-088d-4184-9e58-4806de0774d7,2026-02-04T00:00:00.000Z,Traded to Oklahoma City (OKC) from Charlotte (CHA)  for  Ousmane Dieng and a 2029 2nd round pick,4,203486,Mason Plumlee,21,traded,21
0814d7da-c33b-481d-ad82-6775ea36091c,2026-02-04T00:00:00.000Z,"Traded to Oklahoma City (OKC) from Philadelphia (PHI)  for 2026 1st round pick [HOU pick] , 2027 2nd round pick [most favorable OKC/HOU/IND/MIA] , 2028 2nd round pick [MIL pick]  and 2028 2nd round pick [OKC pick]",23,1642272,Jared McCain,21,traded,21
f914784c-4c0d-4a16-87f3-e51ab08c03e4,2026-02-04T00:00:00.000Z,"Traded to Oklahoma City (OKC) from Philadelphia (PHI)  for a 2026 1st round pick [HOU pick] , a 2027 2nd round pick [most favorable OKC/HOU/IND/MIA] , a 2028 2nd round pick [MIL pick]  and a 2028 2nd round pick [OKC pick]",23,1642272,Jared McCain,21,traded,21
e3381f42-796d-45d9-84b8-76cf8e79ffb1,2026-02-04T00:00:00.000Z,Traded to Oklahoma City (OKC) from Charlotte (CHA)  for  Ousmane Dieng and 2029 2nd round pick,4,203486,Mason Plumlee,21,traded,21
0a7a4241-9e04-47cc-9b4e-ca4c84a0d115,2026-07-01T00:00:00.000Z,Signed a 1 year $3.88 million contract with Orlando (ORL),,202696,Nikola Vučević,,signedContract,22
9b38619d-1d47-48f0-93a7-5c4b04a870cc,2026-07-01T00:00:00.000Z,Signed a Two-Way contract with Orlando (ORL),,1630658,Colin Castleton,,signedTwoWay,22
ea93a640-0b11-48f1-b016-b7a76a928dc0,2026-07-01T00:00:00.000Z,Signed a 1 year $3.51 million contract with Orlando (ORL),,1628975,Jevon Carter,,signedContract,22
6e7e9174-1b63-4933-aa64-625a79a74d53,2026-07-01T00:00:00.000Z,Signed a 1 year $3.52 million contract with Orlando (ORL),,1628371,Jonathan Isaac,,signedContract,22
4a39490f-254d-4ae8-8e1c-782bc2876cbe,2026-06-29T00:00:00.000Z,Orlando (ORL) tendered Qualifying Offer; becomes a Restricted Free Agent,,1630658,Colin Castleton,,qualifyingOfferExtended,22
37c67ef7-d3ba-4d84-91cf-3f3b32eb50af,2026-06-29T00:00:00.000Z,Orlando (ORL) exercised $2.58 million option for 2026-27,,1631288,Jamal Cain,,exercisedTeamOption,22
af1de573-5b77-448a-ad91-7e351e377906,2026-06-27T00:00:00.000Z,Waived by Orlando (ORL); leaves behind $8 million in dead cap,,1628371,Jonathan Isaac,,waived,22
ea016646-757e-4855-a532-bd8a59b42269,2026-03-20T00:00:00.000Z,Signed a 2 year $2.91 million Rest-of-Season contract with Orlando (ORL) via converted Two-Way contract - includes 2026-27 Club Option,,1631288,Jamal Cain,,signedContract,22
3fc999ea-8b13-4f85-83c0-a1e554d647f9,2026-02-17T00:00:00.000Z,Signed a Two-Way contract with Orlando (ORL),,1631457,Alex Morales,,signedTwoWay,22
f2bc1d12-e089-46bb-9d31-504d9053bac5,2026-02-17T00:00:00.000Z,Waived by Orlando (ORL),,1631115,Orlando Robinson,,waived,22
3a87d209-a636-48ce-b8bb-e7d2e1cb4bfe,2026-02-06T00:00:00.000Z,Signed a Rest-of-Season contract with Orlando (ORL),,1628975,Jevon Carter,,signedContract,22
1c5ed63c-9d87-4f0b-8130-85c2164ce227,2025-10-31T00:00:00.000Z,Orlando (ORL) declined $7.34 million option for 2026-27,,1641724,Jett Howard,,declined,22
0c6f3d7b-ddb8-4d0f-891b-06b0eb71137c,2025-10-29T00:00:00.000Z,Orlando (ORL) exercised $10.1 million option for 2026-27,,1641710,Anthony Black,,exercisedTeamOption,22
feb75ddc-fea2-49d5-bae9-977db56df622,2025-10-29T00:00:00.000Z,Orlando (ORL) exercised $3.99 million option for 2026-27,,1641783,Tristan da Silva,,exercisedTeamOption,22
d41ec471-83fd-4008-afa2-035dc7857e48,2026-07-08T00:00:00.000Z,Signed a Two-Way contract with Philadelphia (PHI),,1641712,Rayan Rupert,,signedTwoWay,23
0592d595-9f09-465a-b074-a6d9b005daa1,2026-07-06T00:00:00.000Z,Signed a 2 year $12.3 million contract with Philadelphia (PHI) - includes 2027-28 Player Option,,1629014,Anfernee Simons,,signedContract,23
9b0bbfd1-cedc-435f-b45b-7b342ee881b5,2026-07-06T00:00:00.000Z,Signed a 1 year $3.4 million contract with Philadelphia (PHI),,1630574,Ariel Hukporti,,signedContract,23
39a730e2-9f49-41db-baf7-b60af86c8af3,2026-07-06T00:00:00.000Z,Signed a 4 year $38.7 million contract with Philadelphia (PHI),,1629731,Dean Wade,,signedContract,23
a85d393f-fbcc-42dd-a7ce-346c4f3375ba,2026-07-06T00:00:00.000Z,"Traded to Philadelphia (PHI) from Boston (BOS)  for  Paul George, a 2028 1st round pick [BOS right to swap] , a 2031 1st round pick [unprotected PHI pick] , a 2028 2nd round pick [most favorable of GSW/OKC/MIL]  and a 2030 2nd round pick [most favorable of WAS/PORT/PHX]",2,1627759,Jaylen Brown,23,traded,23
f4f42900-8822-4767-a771-1344c22de938,2026-07-05T00:00:00.000Z,Signed a Two-Way contract with Philadelphia (PHI),,1631126,Caleb Love,,signedTwoWay,23
1b7d3de1-9014-4442-aeae-e6429ce1d5b9,2026-07-03T00:00:00.000Z,Signed a 4 year $17.84 million Rookie Scale contract with Philadelphia (PHI),,1642889,Labaron Philon,,signedContract,23
f5cea47a-86bb-41b1-a566-e130f3158e35,2026-06-29T00:00:00.000Z,Philadelphia (PHI) declined $2.8 million option for 2026-27,,1630570,Trendon Watford,,declined,23
9604fc2a-0fc1-4bdc-bddc-9cd6f74f63e0,2026-06-29T00:00:00.000Z,Philadelphia (PHI) exercised $2.58 million option for 2026-27,,1631207,Dalen Terry,,exercisedTeamOption,23
d0522c29-cf9d-4498-adab-60d18d20d167,2026-06-29T00:00:00.000Z,Philadelphia (PHI) exercised $3.42 million option for 2026-27,,1631230,Dominick Barlow,,exercisedTeamOption,23
2e96580f-b5e1-46a9-8c93-2d493d276c70,2026-06-29T00:00:00.000Z,Philadelphia (PHI) declined to tender Qualifying Offer; becomes an Unrestricted Free Agent,,1631213,Tyrese Martin,,qualifyingOfferExtended,23
3a5964ee-f7af-4664-b395-ca5bfb9c0dbc,2026-06-23T00:00:00.000Z,Drafted by Philadelphia (PHI): Round 1 (#22 overall),,1642889,Labaron Philon,,drafted,23
017a3a67-3204-47d0-b0f3-7c9ade483832,2026-04-10T00:00:00.000Z,Signed a 2 year $2.7 million Rest-of-Season contract with Philadelphia (PHI) via converted Two-Way contract - includes 2026-27 Club Option,,1631207,Dalen Terry,,signedContract,23
509a2463-90fd-4113-8055-cb69f5d55f00,2026-04-10T00:00:00.000Z,Waived by Philadelphia (PHI),,1626166,Cameron Payne,,waived,23
3e16b166-e748-47a6-810d-18eadcba287b,2026-02-19T00:00:00.000Z,Signed a Two-Way contract with Philadelphia (PHI),,1631213,Tyrese Martin,,signedTwoWay,23
af114438-79d3-476c-9954-9e16309c66da,2026-02-19T00:00:00.000Z,Signed a 2 year $3.31 million Rest-of-Season contract with Philadelphia (PHI) via converted Two-Way,,1631133,Jabari Walker,,signedContract,23
973f6fbd-1b77-43b8-8afa-57ff3bd7bea9,2026-02-18T00:00:00.000Z,Signed a Rest-of-Season contract with Philadelphia (PHI),,1626166,Cameron Payne,,signedContract,23
334ec98a-af00-455d-a110-6995a0798426,2026-02-10T00:00:00.000Z,Signed a Two-Way contract with Philadelphia (PHI),,1631207,Dalen Terry,,signedTwoWay,23
fdb01ddb-0a7d-4fd3-8a80-7993c2560b06,2026-02-05T00:00:00.000Z,Signed a 10-day contract with Philadelphia (PHI),,1631116,Patrick Baldwin Jr.,,signedContract,23
d735d3ae-a946-48ad-bcc2-19f4dac3b846,2026-02-05T00:00:00.000Z,Signed a 2 year Rest-of-Season contract with Philadelphia (PHI) via converted Two-Way contract - includes 2026-27 Club Option,,1631230,Dominick Barlow,,signedContract,23
dff68988-fc07-445f-83eb-ed0a125faf57,2026-01-26T00:00:00.000Z,Signed a 10-day contract with Philadelphia (PHI),,1629646,Charles Bassey,,signedContract,23
c2821110-5270-42b5-b3ad-a040907218dc,2025-12-26T00:00:00.000Z,Signed a Two-Way contract with Philadelphia (PHI),,1630699,MarJon Beauchamp,,signedTwoWay,23
442fd99e-db85-4ceb-b65e-7054943c4337,2025-12-24T00:00:00.000Z,Waived by Philadelphia (PHI),,1642282,Hunter Sallis,,waived,23
beff9998-d37a-47ab-8bcf-96ac0e8b9d03,2025-10-30T00:00:00.000Z,Philadelphia (PHI) exercised $4.42 million option for 2026-27,,1642272,Jared McCain,,exercisedTeamOption,23
dac1ad00-7e74-4e75-aaa4-947122fd64a9,2026-07-07T00:00:00.000Z,Signed a 4 year $48 million contract with Phoenix (PHX),,1631221,Collin Gillespie,,signedContract,24
56dfdced-c8d9-457c-9ac7-b27f5059d7e6,2026-07-07T00:00:00.000Z,Signed a 3 year $38 million contract with Phoenix (PHX),,1631109,Mark Williams,,signedContract,24
82ff0dc7-c934-4308-a984-9ea6d3f81270,2026-07-07T00:00:00.000Z,Signed a 3 year $19 million contract with Phoenix (PHX),,1630692,Jordan Goodwin,,signedContract,24
b3c08627-3568-4fe1-b6f1-22dd7bc7ca88,2026-07-02T00:00:00.000Z,Signed a Two-Way contract with Phoenix (PHX),,1630311,Pat Spencer,,signedTwoWay,24
252c3bb7-0755-4398-8f12-1f2606295d0a,2026-07-01T00:00:00.000Z,Signed a 4 year $15.03 million Rookie Scale contract with Phoenix (PHX),,1643520,Koa Peat,,signedContract,24
385e14b9-233a-4875-a448-fa2200429d1a,2026-06-29T00:00:00.000Z,Phoenix (PHX) declined to tender Qualifying Offer; becomes an Unrestricted Free Agent,,1630587,Isaiah Livers,,qualifyingOfferExtended,24
f16c36bd-fb37-4206-97b1-3a2d41432630,2026-06-29T00:00:00.000Z,Phoenix (PHX) exercised $2.58 million option for 2026-27,,1631123,Jamaree Bouyea,,exercisedTeamOption,24
393a325b-fffb-4187-b75b-e997fba54031,2026-06-28T00:00:00.000Z,"Traded to Phoenix (PHX) from Charlotte (CHA)  with a 2029 1st round pick [least favorable CLE/MIN/UTA pick + top-5 protected]  and a 2027 2nd round pick [least favorable of BOS/ORL pick]  for  Grayson Allen,  Royce O'Neale and a 2033 1st round pick [unprotected]",4,1628970,Miles Bridges,24,traded,24
63a55dd1-7a72-4721-823a-6b3fca6d169a,2026-06-24T00:00:00.000Z,"Traded to Phoenix (PHX) from Dallas (DAL) as part of a 4-team trade: Dallas (DAL) traded  Melvin Ajinca, a 2030 2nd round pick and a 2032 2nd round pick to New York (NYK); Los Angeles (LAL) traded  Sergio de Larrea to Dallas (DAL); Los Angeles (LAL) traded  Louis Labeyrie,  Chinemelu Elonu and cash considerations to New York (NYK); New York (NYK) traded  Cameron Carr to Los Angeles (LAL); Phoenix (PHX) traded  Tyler Nickel, a 2029 2nd round pick, a 2033 2nd round pick and cash considerations to New York (NYK)",7,1643520,Koa Peat,24,traded,24
2551eba8-b7ca-4a92-88d7-62f8fa23b10f,2026-06-18T00:00:00.000Z,Phoenix (PHX) tendered $9.62 million Qualifying Offer; becomes a Restricted Free Agent,,1631109,Mark Williams,,qualifyingOfferExtended,24
50627129-8106-423e-93f4-77fb9d6efe1f,2026-06-18T00:00:00.000Z,Phoenix (PHX) tendered Qualifying Offer; becomes a Restricted Free Agent,,1642886,Koby Brea,,qualifyingOfferExtended,24
368865fb-8690-4611-b690-a869624edf17,2026-03-02T00:00:00.000Z,Signed a 2 year $3.16 million Rest-of-Season contract with Phoenix (PHX) via converted Two-Way contract,,1631123,Jamaree Bouyea,,signedContract,24
8afc74bf-8dac-4afd-a032-dedc08698992,2026-02-27T00:00:00.000Z,Waived by Phoenix (PHX),,1630175,Cole Anthony,,waived,24
84a73119-230d-40e1-8e97-940f8f16805d,2026-02-18T00:00:00.000Z,Signed a 2 year $3.85 million Rest-of-Season contract with Phoenix (PHX),,1629312,Haywood Highsmith,,signedContract,24
0a2620b7-5bb0-41dd-8eed-9f6560bc9fcb,2026-02-05T00:00:00.000Z,Traded to Phoenix (PHX) from Milwaukee (MIL) as part of a 3-team trade: Chicago (CHI) traded  Ousmane Dieng to Milwaukee (MIL); Milwaukee (MIL) traded  Amir Coffey to Phoenix (PHX); Phoenix (PHX) traded  Nick Richards to Chicago (CHI); Phoenix (PHX) traded  Nigel Hayes-Davis to Milwaukee (MIL),17,1630175,Cole Anthony,24,traded,24
ce91ecef-b748-4d04-b200-f304adf8fd45,2026-02-05T00:00:00.000Z,Traded to Phoenix (PHX) from Milwaukee (MIL) as part of a 3-team trade: Chicago (CHI) traded  Ousmane Dieng to Milwaukee (MIL); Milwaukee (MIL) traded  Cole Anthony to Phoenix (PHX); Phoenix (PHX) traded  Nick Richards to Chicago (CHI); Phoenix (PHX) traded  Nigel Hayes-Davis to Milwaukee (MIL),17,1629599,Amir Coffey,24,traded,24
43c4874e-caaf-4e03-b11a-b1b615f4ec6f,2025-12-19T00:00:00.000Z,Signed a contract with Phoenix (PHX) - Exhibit 10,,1630561,David Duke Jr.,,signedContract,24
1a06e94e-4291-403d-80e7-44f118e55b3f,2025-11-18T00:00:00.000Z,Signed a Two-Way contract with Phoenix (PHX),,1631123,Jamaree Bouyea,,signedTwoWay,24
b83adde1-e13a-43fe-9108-9d8a5eba4b87,2025-11-17T00:00:00.000Z,Waived by Phoenix (PHX),,1643047,CJ Huntley,,waived,24
85878051-88fc-46f3-94a6-2d445f441d36,2026-07-10T00:00:00.000Z,Claimed off waivers by Portland (POR),,1630695,Micah Potter,,claimed,25
d60d6e0c-5ad6-4d8d-9401-7655ff960b87,2026-07-01T00:00:00.000Z,Signed a 1 year $2.45 million contract with Portland (POR),,1642382,Branden Carlson,,signedContract,25
8c6adca0-44ef-4fa3-9fd3-bd6189b31479,2026-06-30T00:00:00.000Z,Signed a 3 year $43.5 million contract extension with Portland (POR),,1629057,Robert Williams III,,signedExtension,25
8bfe9b90-0a1c-4c3e-a305-6a14d952254e,2026-06-29T00:00:00.000Z,Traded to Portland (POR) from Memphis (MEM)  for  Jerami Grant and  Kris Murray,15,1629630,Ja Morant,25,traded,25
939c7c76-7f2f-4471-895e-a5c757926d36,2026-06-29T00:00:00.000Z,Portland (POR) declined to tender Qualifying Offer; becomes an Unrestricted Free Agent,,1631126,Caleb Love,,qualifyingOfferExtended,25
34207bbf-9474-4791-831f-e653a7ba3da4,2026-03-03T00:00:00.000Z,Signed a 2 year Two-Way contract with Portland (POR),,1642959,Chris Youngblood,,signedTwoWay,25
e61cbdc8-d968-4f72-95c0-c7b074b3ab11,2026-02-20T00:00:00.000Z,Signed a 2 year $3.18 million Rest-of-Season contract with Portland (POR) via converted Two-Way contract,,1631321,Sidy Cissoko,,signedContract,25
4e96bef8-a44d-45d2-98ff-ed6a5ab0fe23,2026-02-20T00:00:00.000Z,Waived by Portland (POR),,1641712,Rayan Rupert,,waived,25
038e6e7d-3537-467c-bbc4-e2c3b860a070,2026-02-01T00:00:00.000Z,"Traded to Portland (POR) from Atlanta (ATL)  for  Duop Reath, a 2027 2nd round pick [POR pick]  and a 2030 2nd round pick [NYK pick]",1,1630249,Vít Krejčí,25,traded,25
ce92427c-9bdc-4779-99ab-ce656e4c34ea,2026-02-01T00:00:00.000Z,"Traded to Portland (POR) from Atlanta (ATL)  for  Duop Reath, 2027 2nd round pick [POR pick]  and 2030 2nd round pick [NYK pick]",1,1630249,Vít Krejčí,25,traded,25
529a53fc-093d-48b1-add5-c7027c2682f8,2025-10-21T00:00:00.000Z,Portland (POR) exercised $7.52 million option for 2026-27,,1642270,Donovan Clingan,,exercisedTeamOption,25
b58495d2-2a8c-4228-b57a-34d9ced1393a,2025-10-21T00:00:00.000Z,Portland (POR) exercised $5.32 million option for 2026-27,,1631200,Kris Murray,,exercisedTeamOption,25
01cc2cc9-e024-43a7-926d-6efb92e52aec,2025-10-21T00:00:00.000Z,Portland (POR) exercised $13.59 million option for 2026-27,,1630703,Scoot Henderson,,exercisedTeamOption,25
21a1fa80-d8f1-4f1b-9408-c0d02d4323d5,2026-07-07T00:00:00.000Z,Signed a 2 year $11.23 million a contract with Sacramento (SAC),,1630173,Precious Achiuwa,,signedContract,26
8e5ef747-6d9a-490a-b679-9170adca26f5,2026-07-06T00:00:00.000Z,Waived by Sacramento (SAC),,201942,DeMar DeRozan,,waived,26
4b9b8258-11e0-44f7-9730-9000617331c8,2026-07-02T00:00:00.000Z,Signed a 2 year Two-Way contract with Sacramento (SAC),,1642367,Jonathan Mogbo,,signedTwoWay,26
5459e986-4d87-43a9-a17e-d9a4ea730dab,2026-07-02T00:00:00.000Z,Signed a 2 year $5.11 million contract with Sacramento (SAC),,1631342,Daeqwon Plowden,,signedContract,26
74d29690-d544-44ff-93b7-edd6aeadc8e7,2026-07-01T00:00:00.000Z,Signed a 4 year $36.47 million Rookie Scale contract with Sacramento (SAC),,1643411,Darius Acuff Jr.,,signedContract,26
05ef9598-123f-433d-8a3d-a8bdb8445cdc,2026-07-01T00:00:00.000Z,Signed a 4 year $15.14 million Rookie Scale contract with Sacramento (SAC),,1642284,Alex Karaban,,signedContract,26
433c24f2-8ac8-42cd-8fcd-4e5d821caf48,2026-07-01T00:00:00.000Z,Signed a 2 year Two-Way contract with Sacramento (SAC),,1641745,Adam Flagler,,signedTwoWay,26
7806a614-ce86-4139-ba47-7f936a762dcb,2026-06-29T00:00:00.000Z,Exercised $48.97 million Player Option with Sacramento (SAC) for 2026-27,,203897,Zach LaVine,,exercisedPlayerOption,26
5c4cf049-3c55-46bc-b06a-c64988937454,2026-06-29T00:00:00.000Z,Sacramento (SAC) declined $3.02 million option for 2026-27,,1630165,Killian Hayes,,declined,26
55d63656-2d99-4cb7-acb9-6d92300370f6,2026-06-26T00:00:00.000Z,Sacramento (SAC) tendered a Two-Way Qualifying Offer; becomes a Restricted Free Agent,,1631342,Daeqwon Plowden,,qualifyingOfferExtended,26
4089382f-c337-4ff0-bda7-d97892971486,2026-06-24T00:00:00.000Z,Traded to Sacramento (SAC) from Cleveland (CLE)  for  Meleek Thomas and a 2032 2nd round pick,6,1642284,Alex Karaban,26,traded,26
e0c7a03d-6067-4700-8a7f-f9afb293586f,2026-06-23T00:00:00.000Z,Drafted by Sacramento (SAC): Round 1 (#7 overall),,1643411,Darius Acuff Jr.,,drafted,26
b388895b-d020-42c3-b60f-782dcabe68d3,2026-03-26T00:00:00.000Z,Signed a 10-day contract with Sacramento (SAC),,1629610,DaQuan Jeffries,,signedContract,26
2e752c42-993a-4192-b03b-765c1d4c392d,2026-03-15T00:00:00.000Z,Signed a 2 year $3.46 million Rest-of-Season contract with Sacramento (SAC) - includes 2026-27 Club Option,,1630165,Killian Hayes,,signedContract,26
bdad30cf-0400-4b1f-8a85-5d0712f4d3b1,2026-03-05T00:00:00.000Z,Signed a 10-day contract with Sacramento (SAC),,1630165,Killian Hayes,,signedContract,26
e6ca4280-3110-473f-8f0f-c190f2ccc024,2026-02-23T00:00:00.000Z,Signed a Two-Way contract with Sacramento (SAC),,1631116,Patrick Baldwin Jr.,,signedTwoWay,26
16a9abc8-5870-4abe-884d-cd8ee5fa0cc6,2026-02-05T00:00:00.000Z,Signed a 4 year $8.28 million contract with Sacramento (SAC) via converted Two-Way contract - includes 2028-29 Club Option,,1642928,Dylan Cardwell,,signedContract,26
41950f86-b5dd-4be4-ac9e-2d5ba94254e8,2026-02-01T00:00:00.000Z,Traded to Sacramento (SAC) from Cleveland (CLE) as part of a 3-team trade: Cleveland (CLE) traded 2027 2nd round pick to Chicago (CHI); Sacramento (SAC) traded  Dario Saric and 2029 2nd round pick to Chicago (CHI); Sacramento (SAC) traded  Dennis Schröder and  Keon Ellis to Cleveland (CLE),6,1629631,De'Andre Hunter,26,traded,26
03d5c00f-2651-4e1f-aacf-c69c0b3de80a,2026-02-01T00:00:00.000Z,Traded to Sacramento (SAC) from Cleveland (CLE) as part of a 3-team trade: Chicago (CHI) traded  Emanuel Miller to Cleveland (CLE); Cleveland (CLE) traded a 2027 2nd round pick [DEN pick]  to Chicago (CHI); Sacramento (SAC) traded  Dario Saric and a 2029 2nd round pick [least favorable]  to Chicago (CHI); Sacramento (SAC) traded  Dennis Schröder and  Keon Ellis to Cleveland (CLE),6,1629631,De'Andre Hunter,26,traded,26
32d1a1d9-6f9e-4068-a719-f6a9612fc344,2026-02-01T00:00:00.000Z,Traded to Sacramento (SAC) from Cleveland (CLE) as part of a 3-team trade: Chicago (CHI) traded  Emanuel Miller to Cleveland (CLE); Cleveland (CLE) traded 2027 2nd round pick to Chicago (CHI); Sacramento (SAC) traded  Dario Saric and 2029 2nd round pick to Chicago (CHI); Sacramento (SAC) traded  Dennis Schröder and  Keon Ellis to Cleveland (CLE),6,1629631,De'Andre Hunter,26,traded,26
c1367e52-34e0-43cc-91e4-56de1cb6031c,2025-11-06T00:00:00.000Z,Claimed off waivers by Sacramento (SAC),,1642403,Isaac Jones,,claimed,26
e9b3a6d6-c0b3-465d-a2c2-f3d151cde67c,2025-11-06T00:00:00.000Z,Waived by Sacramento (SAC),,1642403,Isaac Jones,,waived,26
838b8e85-9022-4be2-b3f4-05e804abf9ce,2025-11-04T00:00:00.000Z,Signed a 1 year $2.45 million Rest-of-Season contract with Sacramento (SAC),,1630173,Precious Achiuwa,,signedContract,26
517a5821-4009-46d3-bfbe-9c2f524140ec,2026-07-10T00:00:00.000Z,Signed a 5 year $252.3 million Rookie Scale contract extension with San Antonio (SAS) - includes 2031-32 Player Option,,1641705,Victor Wembanyama,,signedExtension,27
9fa086a8-c98d-49ce-92bc-6a3b1464241e,2026-07-08T00:00:00.000Z,Signed a 1 year $8 million contract with San Antonio (SAS),,203084,Harrison Barnes,,signedContract,27
2878a18a-f305-4f4f-95c4-31c5103f7a80,2026-07-03T00:00:00.000Z,Signed a 4 year $18.91 million Rookie Scale contract with San Antonio (SAS),,1643519,Jayden Quaintance,,signedContract,27
6fb4b4ca-f05a-49fc-b7f8-1e16d1c79456,2026-07-03T00:00:00.000Z,Signed a 4 year $15.79 million Rookie Scale contract with San Antonio (SAS),,1643542,Tarris Reed Jr.,,signedContract,27
b2ea6ab6-633c-4f57-bb52-9f46e9f725bd,2026-07-01T00:00:00.000Z,Signed a 2 year $30.84 million contract with San Antonio (SAS),,202699,Tobias Harris,,signedContract,27
ed849073-79cf-4022-a689-31660aa3af0c,2026-06-29T00:00:00.000Z,San Antonio (SAS) declined $3 million option for 2026-27,,1630577,Julian Champagnie,,declined,27
ba5d9645-7fc4-403c-a0e4-08996ca707b4,2026-06-29T00:00:00.000Z,San Antonio (SAS) tendered a Two-Way Qualifying Offer; becomes a Restricted Free Agent,,1631127,Harrison Ingram,,qualifyingOfferExtended,27
79565683-6f0d-4b7d-ba54-84f1e4c2666e,2026-06-29T00:00:00.000Z,Signed a 3 year $45 million contract extension with San Antonio (SAS),,1630577,Julian Champagnie,,signedExtension,27
2cb977ab-bd52-41a4-85aa-be6a7253a3a6,2026-06-23T00:00:00.000Z,Drafted by San Antonio (SAS): Round 1 (#20 overall),,1643519,Jayden Quaintance,,drafted,27
4623647e-22d5-470c-bf0c-f913bc11ee07,2026-06-23T00:00:00.000Z,"Traded to San Antonio (SAS) from Denver (DEN)  for  Trevon Brazile, 2nd-round pick and 2nd-round pick",8,1643542,Tarris Reed Jr.,27,traded,27
6b7a1bd0-a922-4bb0-abe0-aa0f52aeb13e,2026-02-27T00:00:00.000Z,Signed a Rest-of-Season contract with San Antonio (SAS),,203486,Mason Plumlee,,signedContract,27
703009b4-7f4a-4c3f-b0bf-fc71eee418a9,2026-02-23T00:00:00.000Z,Signed a 2 year Two-Way contract with San Antonio (SAS),,1641801,Emanuel Miller,,signedTwoWay,27
733916fe-d422-4339-ad51-8fb70feaaf1c,2026-02-17T00:00:00.000Z,Signed a 10-day contract with San Antonio (SAS),,203486,Mason Plumlee,,signedContract,27
d0f8093d-c544-49e6-bf7f-33aa197f47e8,2026-02-11T00:00:00.000Z,Waived by San Antonio (SAS),,1631110,Jeremy Sochan,,waived,27
1a766ab4-2d33-4de0-8f49-fb5c805881e9,2025-12-21T00:00:00.000Z,Signed a Two-Way contract with San Antonio (SAS),,1630649,Stanley Umude,,signedTwoWay,27
7ef76818-20b0-4ac7-bfcd-dbe34012f991,2025-12-21T00:00:00.000Z,Waived by San Antonio (SAS),,1630667,Kyle Mangas,,waived,27
06859f4a-37a9-4f6a-ac1a-bb24e1a5ae07,2025-12-12T00:00:00.000Z,Signed a Two-Way contract with San Antonio (SAS),,1630667,Kyle Mangas,,signedTwoWay,27
048b419d-8f81-4e27-a7bb-310fc7f2b489,2025-12-12T00:00:00.000Z,Waived by San Antonio (SAS),,1642434,Riley Minix,,waived,27
443a0025-86f3-4b06-94fd-da8ac4104275,2026-07-06T00:00:00.000Z,Signed a 1 year $3.88 million contract with Toronto (TOR),,203937,Kyle Anderson,,signedContract,28
9b8ce594-aac3-4da7-b353-97c64e958a42,2026-07-03T00:00:00.000Z,Signed a 2 year $4.76 million contract with Toronto (TOR) - includes 2027-28 Player Option,,1642918,Alijah Martin,,signedContract,28
ef2c2540-0ed5-44c0-80a2-b8a5f066b059,2026-07-02T00:00:00.000Z,Signed a 4 year $19.70 million Rookie Scale contract with Toronto (TOR),,1643512,Allen Graves,,signedContract,28
20ea49d4-75db-4b95-9341-8e15638cf040,2026-06-30T00:00:00.000Z,"Traded to Toronto (TOR) from LA (LAC)  for  Brandon Ingram,  Gradey Dick, a 2027 1st round pick [TOR right to swap] , a 2031 1st round pick [unprotected] , a 2033 1st round pick [unprotected] , a 2030 2nd round pick and a 2033 2nd round pick",13,202695,Kawhi Leonard,28,traded,28
83ecbd10-5301-4670-9259-6cd2d3755aac,2026-06-29T00:00:00.000Z,Declined $2.8 million Player Option with Toronto (TOR) for 2026-27,,1630572,Sandro Mamukelashvili,,declined,28
7b59318c-7a80-431b-b8b0-a49e2ac11a1f,2026-06-29T00:00:00.000Z,Toronto (TOR) declined to tender Qualifying Offer; becomes an Unrestricted Free Agent,,1642367,Jonathan Mogbo,,qualifyingOfferExtended,28
57c111b6-f27f-4282-a449-2dec9736c3df,2026-06-29T00:00:00.000Z,Toronto (TOR) declined $2.30 million option for 2026-27,,1642367,Jonathan Mogbo,,declined,28
37e02ec0-198a-41ac-9bbc-ecdcf7ac3cad,2026-06-29T00:00:00.000Z,Toronto (TOR) exercised $2.41 million option for 2026-27,,1631218,Trayce Jackson-Davis,,exercisedTeamOption,28
5eebe34c-3df1-4b50-a61f-81427a8c61ec,2026-06-25T00:00:00.000Z,Toronto (TOR) exercised $2.30 million option for 2026-27,,1642347,Jamal Shead,,exercisedTeamOption,28
c3c71e8b-075a-442e-92f2-c62ce129ed3d,2026-06-25T00:00:00.000Z,Signed to sign a Two-Way Qualifying Offer contract with Toronto (TOR),,1642935,Chucky Hepburn,,signedTwoWay,28
bb5f372d-2c57-42c3-a780-896a6b067216,2026-06-25T00:00:00.000Z,Toronto (TOR) tendered a Two-Way Qualifying Offer; becomes a Restricted Free Agent,,1642918,Alijah Martin,,qualifyingOfferExtended,28
4f99f310-1e2b-44dc-afa7-84a4721f6602,2026-06-23T00:00:00.000Z,Drafted by Toronto (TOR): Round 1 (#19 overall),,1643512,Allen Graves,,drafted,28
e241ae66-3f17-485d-97ab-0916a3bd94a3,2026-04-11T00:00:00.000Z,Signed a Rest-of-Season contract with Toronto (TOR) via converted Two-Way contract,,1630639,A.J. Lawson,,signedContract,28
d162241e-f1ee-4123-a009-6d18091d49ab,2026-03-23T00:00:00.000Z,Signed a 10-day contract with Toronto (TOR),,1628365,Markelle Fultz,,signedContract,28
58309b49-b0b6-4ccb-91e7-d461ed7e3e13,2026-02-13T00:00:00.000Z,Waived by Toronto (TOR),,101108,Chris Paul,,waived,28
fca7b916-db96-4d50-8520-c1fcc5f9d5af,2026-02-05T00:00:00.000Z,Traded to Toronto (TOR) from LA (LAC) as part of a 3-team trade: LA (LAC) traded $3.5 million to Brooklyn (BKN); Toronto (TOR) traded  Ochai Agbaji and 2032 2nd round pick to Brooklyn (BKN); Brooklyn (BKN) traded  Vanja Marinkovic to LA (LAC),13,101108,Chris Paul,28,traded,28
70deb5c2-49f6-422d-aca9-93996c86b6f2,2026-02-05T00:00:00.000Z,Traded to Toronto (TOR) from LA (LAC) as part of a 3-team trade: LA (LAC) traded $3.5 million to Brooklyn (BKN); Toronto (TOR) traded  Ochai Agbaji and a 2032 2nd round pick [TOR pick]  to Brooklyn (BKN); Brooklyn (BKN) traded  Vanja Marinkovic to LA (LAC),13,101108,Chris Paul,28,traded,28
16fab29a-2e9a-4ad5-813e-6857c8d9685a,2026-02-05T00:00:00.000Z,Traded to Toronto (TOR) from Golden State (GSW)  for 2026 2nd round pick [LAL pick],10,1631218,Trayce Jackson-Davis,28,traded,28
0a53c478-06ea-474f-8f52-cd9d61cbd786,2026-02-05T00:00:00.000Z,Traded to Toronto (TOR) from Golden State (GSW)  for a 2026 2nd round pick [LAL pick],10,1631218,Trayce Jackson-Davis,28,traded,28
1751ec25-8fde-4806-938e-e7702bfc1e9c,2026-02-04T00:00:00.000Z,Traded to Toronto (TOR) from LA (LAC) as part of a 3-team trade: LA (LAC) traded $3.5 million to Brooklyn (BKN); Toronto (TOR) traded  Ochai Agbaji and 2032 2nd round pick to Brooklyn (BKN); Brooklyn (BKN) traded TBD to LA (LAC),13,101108,Chris Paul,28,traded,28
f9377ad3-f84c-4e6d-ba8f-5d68eca8e8f7,2026-01-06T00:00:00.000Z,Waived by Toronto (TOR),,1628964,Mo Bamba,,waived,28
a2bcb64b-32c5-4479-a8db-8a6e8dbab656,2025-12-29T00:00:00.000Z,Signed a Rest-of-Season contract with Toronto (TOR),,1628964,Mo Bamba,,signedContract,28
d8aa1b31-6396-4ac7-bc99-67eb07253f69,2025-10-21T00:00:00.000Z,Toronto (TOR) exercised $3.81 million option for 2026-27,,1642266,Ja'Kobe Walter,,exercisedTeamOption,28
56f0495b-fc26-42f1-864d-1882fcdb73d0,2025-10-21T00:00:00.000Z,Toronto (TOR) exercised $7.13 million option for 2026-27,,1641711,Gradey Dick,,exercisedTeamOption,28
74cc2745-bfd9-4798-963a-a66c425119b8,2026-07-09T00:00:00.000Z,Signed a 2 year $22 million contract with Utah (UTA),,203994,Jusuf Nurkić,,signedContract,29
ca27ba45-2c0a-4ebf-afc3-338480ed4498,2026-07-09T00:00:00.000Z,Signed a 2 year $12 million contract with Utah (UTA) - includes 2027-28 Team Option,,1629006,Josh Okogie,,signedContract,29
41330edc-785f-4c8b-9f1c-6dda893fb841,2026-07-09T00:00:00.000Z,Signed a 2 year $12 million contract with Utah (UTA) - includes 2027-28 Team Option,,1629637,Jaxson Hayes,,signedContract,29
eff1682e-1ab8-43f9-a8b9-9d37b24ca8f9,2026-07-08T00:00:00.000Z,Signed 4 year $129.47 million contract with Utah (UTA) as part of a sign-and-trade with Los Angeles (LAL),,1631117,Walker Kessler,,signedContract,29
06ccf8bc-caa6-4ed7-8992-ebd50de6c9a1,2026-07-08T00:00:00.000Z,Signed a 2 year $7.21 million contract with Utah (UTA),,1628964,Mo Bamba,,signedContract,29
14b03932-24ca-436f-9a3f-d24026fe3858,2026-07-08T00:00:00.000Z,Signed a 2 year $6.97 million contract with Utah (UTA),,1628964,Mo Bamba,,signedContract,29
ef3f4824-bba1-466c-b659-a39134c9b617,2026-07-07T00:00:00.000Z,Signed a Two-Way contract with Utah (UTA),,1641725,Trey Alexander,,signedTwoWay,29
2a12f24b-660a-41bd-902d-227e2ee2c392,2026-07-03T00:00:00.000Z,Signed a Two-Way contract with Utah (UTA),,1642926,Tamar Bates,,signedTwoWay,29
f396d7a0-39cb-4a4a-abf3-d8419329ff20,2026-07-01T00:00:00.000Z,Signed a contract with Utah (UTA),,1643408,Darryn Peterson,,signedContract,29
9db14a0f-bab4-4b8a-9701-fcca3e332dc5,2026-06-29T00:00:00.000Z,Utah (UTA) declined $2.15 million option for 2026-27,,1643016,Bez Mbeng,,declined,29
de17ef83-1ab8-4f97-9477-799f2e0c1222,2026-06-29T00:00:00.000Z,Utah (UTA) tendered $7.06 million Qualifying Offer; becomes a Restricted Free Agent,,1631117,Walker Kessler,,qualifyingOfferExtended,29
8db2682b-5a2f-4ce3-b43a-8d3c410f0e9f,2026-06-29T00:00:00.000Z,Utah (UTA) declined $2.15 million option for 2026-27,,1643060,Hayden Gray,,declined,29
122490b0-1f71-46e4-ac3b-873ccebec8e6,2026-06-29T00:00:00.000Z,Utah (UTA) declined to tender Qualifying Offer; becomes an Unrestricted Free Agent,,1643060,Hayden Gray,,qualifyingOfferExtended,29
5f53407f-f3bf-4e5f-b465-ce85204fe39f,2026-06-29T00:00:00.000Z,Utah (UTA) declined to tender Qualifying Offer; becomes an Unrestricted Free Agent,,1641989,Elijah Harkless,,qualifyingOfferExtended,29
809ec969-ebb9-4d27-91da-3140b6fab127,2026-06-29T00:00:00.000Z,Utah (UTA) declined to tender Qualifying Offer; becomes an Unrestricted Free Agent,,1643016,Bez Mbeng,,qualifyingOfferExtended,29
208dff8f-abca-4b18-a815-cc4896e44698,2026-06-29T00:00:00.000Z,Utah (UTA) declined to tender Qualifying Offer; becomes an Unrestricted Free Agent,,1631131,Oscar Tshiebwe,,qualifyingOfferExtended,29
1cb7a555-2bf2-47f6-a428-ac2795a3b0eb,2026-06-23T00:00:00.000Z,Drafted by Utah (UTA): Round 1 (#2 overall),,1643408,Darryn Peterson,,drafted,29
de7e094e-07ab-44dd-a35d-ad259b26a931,2026-04-11T00:00:00.000Z,Signed a 2 year $2.17 million Rest-of-Season contract with Utah (UTA) - includes 2026-27 Club Option,,1643060,Hayden Gray,,signedContract,29
b1b6e4b8-0383-45f4-811c-066817afdc1a,2026-04-03T00:00:00.000Z,Signed a 2 year $2.22 million Rest-of-Season contract with Utah (UTA) - includes 2026-27 Club Option,,1643016,Bez Mbeng,,signedContract,29
705de834-7ecf-4a01-b888-87b79e72c7de,2026-04-01T00:00:00.000Z,Signed a 10-day contract with Utah (UTA),,1631113,Kennedy Chandler,,signedContract,29
75bbdfdd-afad-4d06-87fb-129b3b1975ae,2026-03-23T00:00:00.000Z,Signed a 10-day contract with Utah (UTA),,1643016,Bez Mbeng,,signedContract,29
49e7fc4d-68b2-46dc-9a7f-6057e6a30388,2026-03-11T00:00:00.000Z,Signed a 10-day contract with Utah (UTA),,1643158,Andersson Garcia,,signedContract,29
7d789dc4-3c66-42ab-b10e-05d09a43dc80,2026-03-09T00:00:00.000Z,Waived by Utah (UTA),,1631246,Vince Williams Jr.,,waived,29
8e67413b-4bc8-44c4-b5d6-1f47d12d5ed5,2026-03-08T00:00:00.000Z,Signed a 10-day contract with Utah (UTA),,1628964,Mo Bamba,,signedContract,29
e379f487-9deb-4425-92f9-962f8d0b969d,2026-02-09T00:00:00.000Z,Signed a 2 year Two-Way contract with Utah (UTA),,1642396,Blake Hinson,,signedTwoWay,29
54e04344-63b4-4ede-ba2b-0ec4940390f1,2026-02-05T00:00:00.000Z,Waived by Utah (UTA),,1628449,Chris Boucher,,waived,29
3a59e724-c707-464d-a142-4b45fbb63092,2026-02-05T00:00:00.000Z,Traded to Utah (UTA) from Cleveland (CLE)  with 2028 2nd round pick and 2032 2nd round pick for cash considerations,6,1628366,Lonzo Ball,29,traded,29
65568aad-e8bd-432c-bf94-18a2c8099f3b,2026-02-05T00:00:00.000Z,Traded to Utah (UTA) from Boston (BOS)  for  John Tonje,2,1628449,Chris Boucher,29,traded,29
291db8af-5c50-48e2-9748-ea47a803ce64,2026-02-05T00:00:00.000Z,Waived by Utah (UTA),,1628366,Lonzo Ball,,waived,29
e46d93a3-c2a1-4a77-b9bc-9d474b2e5530,2026-02-05T00:00:00.000Z,Traded to Utah (UTA) from Cleveland (CLE)  with a 2028 2nd round pick and a 2032 2nd round pick for cash considerations,6,1628366,Lonzo Ball,29,traded,29
a54ecac3-0a38-44d0-b890-7d36a4330183,2026-02-04T00:00:00.000Z,Traded to Utah (UTA) from Cleveland (CLE)  with 2028 2nd round pick and 2032 2nd round pick for TBD,6,1628366,Lonzo Ball,29,traded,29
53ea97e6-6f2e-4f2a-9a39-6e16268bb8f4,2026-02-03T00:00:00.000Z,"Traded to Utah (UTA) from Memphis (MEM)  with  Jaren Jackson Jr.,  John Konchar and  Vincent Williams Jr. for  Taylor Hendricks,  Georges Niang,  Walter Clayton Jr.,  Kyle Anderson, a 2027 1st round pick [most favorable of CLE/MIN/UTA pick] , a 2027 1st round pick [LAL pick]  and a 2031 1st round pick [PHX pick]",15,1629111,Jock Landale,29,traded,29
e19a4593-5d36-4590-8d83-52e106a89157,2026-02-03T00:00:00.000Z,"Traded to Utah (UTA) from Memphis (MEM)  with  Jaren Jackson Jr.,  John Konchar and  Jock Landale for  Taylor Hendricks,  Georges Niang,  Walter Clayton Jr.,  Kyle Anderson, a 2027 1st round pick [most favorable of CLE/MIN/UTA pick] , a 2027 1st round pick [LAL pick]  and a 2031 1st round pick [PHX pick]",15,1631246,Vince Williams Jr.,29,traded,29
fb3e6e87-3ff1-4255-bf34-69474556829d,2026-02-03T00:00:00.000Z,"Traded to Utah (UTA) from Memphis (MEM)  with  Jaren Jackson Jr. ,  Jock Landale  and  Vincent Williams Jr.  for  Walter Clayton Jr.,  Kyle Anderson,  Taylor Hendricks,  Georges Niang, 2027 1st round pick [most favorable of CLE/MIN/UTA pick] , 2027 1st round pick [LAL pick]  and 2031 1st round pick [PHX pick]",15,1629723,John Konchar,29,traded,29
58865ded-53d5-4c58-92c7-91aa22812004,2026-02-03T00:00:00.000Z,"Traded to Utah (UTA) from Memphis (MEM)  with  Jaren Jackson Jr. ,  John Konchar  and  Jock Landale  for  Walter Clayton Jr.,  Kyle Anderson,  Taylor Hendricks,  Georges Niang, 2027 1st round pick [most favorable of CLE/MIN/UTA pick] , 2027 1st round pick [LAL pick]  and 2031 1st round pick [PHX pick]",15,1631246,Vince Williams Jr.,29,traded,29
48a025f2-2274-4c82-900a-2bd54e6e94ad,2026-02-03T00:00:00.000Z,"Traded to Utah (UTA) from Memphis (MEM)  with  Jaren Jackson Jr. ,  John Konchar  and  Vincent Williams Jr.  for  Walter Clayton Jr.,  Kyle Anderson,  Taylor Hendricks,  Georges Niang, 2027 1st round pick [most favorable of CLE/MIN/UTA pick] , 2027 1st round pick [LAL pick]  and 2031 1st round pick [PHX pick]",15,1629111,Jock Landale,29,traded,29
ae3c773b-12a9-4cc8-8c2d-e1d649446481,2026-02-03T00:00:00.000Z,"Traded to Utah (UTA) from Memphis (MEM)  with  Jaren Jackson Jr.,  Jock Landale and  Vincent Williams Jr. for  Taylor Hendricks,  Georges Niang,  Walter Clayton Jr.,  Kyle Anderson, a 2027 1st round pick [most favorable of CLE/MIN/UTA pick] , a 2027 1st round pick [LAL pick]  and a 2031 1st round pick [PHX pick]",15,1629723,John Konchar,29,traded,29
c4af277e-6b22-44cd-8fe0-8a57044cf6bf,2026-02-03T00:00:00.000Z,"Traded to Utah (UTA) from Memphis (MEM)  with  John Konchar ,  Jock Landale  and  Vincent Williams Jr.  for  Walter Clayton Jr.,  Kyle Anderson,  Taylor Hendricks,  Georges Niang, 2027 1st round pick [most favorable of CLE/MIN/UTA pick] , 2027 1st round pick [LAL pick]  and 2031 1st round pick [PHX pick]",15,1628991,Jaren Jackson Jr.,29,traded,29
1d9f05fb-b1e2-4df0-8cb7-b78a23e96a0a,2026-02-03T00:00:00.000Z,"Traded to Utah (UTA) from Memphis (MEM)  with  John Konchar,  Jock Landale and  Vincent Williams Jr. for  Taylor Hendricks,  Georges Niang,  Walter Clayton Jr.,  Kyle Anderson, a 2027 1st round pick [most favorable of CLE/MIN/UTA pick] , a 2027 1st round pick [LAL pick]  and a 2031 1st round pick [PHX pick]",15,1628991,Jaren Jackson Jr.,29,traded,29
33599742-1016-48f6-b3a7-a08906ba4311,2025-10-30T00:00:00.000Z,Utah (UTA) exercised $4.86 million option for 2026-27,,1641729,Brice Sensabaugh,,exercisedTeamOption,29
dd6aa09c-cb1c-4605-be5c-d1992384e5be,2025-10-30T00:00:00.000Z,Utah (UTA) exercised $2.76 million option for 2026-27,,1642268,Isaiah Collier,,exercisedTeamOption,29
5854da36-feae-4fe3-a9af-c2bc275a3001,2025-10-30T00:00:00.000Z,Utah (UTA) exercised $7.81 million option for 2026-27,,1641707,Taylor Hendricks,,exercisedTeamOption,29
dc4cfbee-7a64-493b-ade0-fb9c32d62eda,2025-10-30T00:00:00.000Z,Utah (UTA) exercised $6.02 million option for 2026-27,,1642262,Cody Williams,,exercisedTeamOption,29
b725e76e-59fd-4a26-9499-1d0ea82170a8,2025-10-30T00:00:00.000Z,Utah (UTA) exercised $6.56 million option for 2026-27,,1641718,Keyonte George,,exercisedTeamOption,29
09f73f70-89cd-4394-aec1-44d8ffcafcd9,2026-07-08T00:00:00.000Z,"Traded to Washington (WAS) from Dallas (DAL) as part of a 6-team trade: Dallas (DAL) traded  AJ Johnson, a conditional, GSW pick 2030 1st round pick and a 2029 2nd round pick [HOU pick]  to Memphis (MEM); Dallas (DAL) traded a 2033 2nd round pick [DAL pick]  to Washington (WAS); Detroit (DET) traded  Marcus Sasser to Dallas (DAL); Detroit (DET) traded a 2028 2nd round pick [multiple conditions]  to LA (LAC); Detroit (DET) traded  Isaiah Stewart to Memphis (MEM); Detroit (DET) traded  Caris LeVert, a 2027 2nd round pick [least favorable of BKN/DAL pick]  and a 2027 2nd round pick [MIL pick]  to Milwaukee (MIL); LA (LAC) traded  John Collins to Detroit (DET); LA (LAC) traded $1,100,000 to Milwaukee (MIL); Memphis (MEM) traded  Santi Aldama and  Tarik Biberovic to Dallas (DAL); Memphis (MEM) traded a 2029 2nd round pick [2nd most favorable of DET/NYK/MIL] , a 2031 2nd round pick [DAL pick]  and a 2032 2nd round pick [DET pick]  to Detroit (DET); Milwaukee (MIL) traded  Gary Harris and  Taurean Prince to Detroit (DET); Washington (WAS) traded  D'Angelo Russell, a 2029 2nd round pick [LAL pick] , a 2032 2nd round pick [most favorable of MEM/PHI/UTA pick]  and a 2033 2nd round pick [WAS pick]  to Memphis (MEM)",7,203114,Khris Middleton,30,traded,30
99ae3de5-f197-43dd-b1ff-e8ff99804aa9,2026-07-07T00:00:00.000Z,"Traded to Washington (WAS) from Los Angeles (LAL)  for  Jaden Hardy, a 2031 2nd round pick and a 2032 2nd round pick",14,1629028,Deandre Ayton,30,traded,30
7ed17296-f8b6-4f99-b6ce-e3fe2809bd75,2026-07-07T00:00:00.000Z,"Traded to Washington (WAS) from Los Angeles (LAL)  for  Jaden Hardy, a 2031 2nd round pick [WAS pick]  and a 2032 2nd round pick [WAS pick]",14,1629028,Deandre Ayton,30,traded,30
79bde3db-3ae5-4811-a0eb-b91bdc27544b,2026-07-06T00:00:00.000Z,Signed a 4 year $212.80 million contract with Washington (WAS) - includes 2029-30 Player Option,,1629027,Trae Young,,signedContract,30
535add3c-b402-4d1e-88be-da58f63c45fc,2026-07-02T00:00:00.000Z,Signed a 4 year $66.91 million Rookie Scale contract with Washington (WAS),,1643407,AJ Dybantsa,,signedContract,30
275f0dc1-7d16-4013-9c6b-58d6e0658960,2026-06-29T00:00:00.000Z,Washington (WAS) declined to tender Qualifying Offer; becomes an Unrestricted Free Agent,,1630536,Sharife Cooper,,qualifyingOfferExtended,30
8a090f3c-e4b3-4598-bdd0-488e6688c2fb,2026-06-29T00:00:00.000Z,Washington (WAS) tendered Qualifying Offer; becomes a Restricted Free Agent,,1642364,Jamir Watkins,,qualifyingOfferExtended,30
8a6bf036-0637-4d3b-85b0-4bbbdf8b4bb1,2026-06-29T00:00:00.000Z,Washington (WAS) declined $2.15 million option for 2026-27,,1642364,Jamir Watkins,,declined,30
c99a27c2-f337-4e12-9f0a-09e5f583fea9,2026-06-19T00:00:00.000Z,Exercised $5.97 million Player Option with Washington (WAS) for 2026-27,,1626156,D'Angelo Russell,,exercisedPlayerOption,30
00312ed8-8863-4a85-808c-327aee7114ba,2026-06-17T00:00:00.000Z,Declined an $48.97 million Player Option with Washington (WAS) for 2026-27,,1629027,Trae Young,,declined,30
1655ac62-5177-4ee0-9a1e-309dd8018d2d,2026-02-26T00:00:00.000Z,Signed a 2 year $3.28 million Rest-of-Season contract with Washington (WAS) - includes 2026-27 Club Option,,1642364,Jamir Watkins,,signedContract,30
d9282d42-4704-46fc-94a0-51aab6c12cbd,2026-02-21T00:00:00.000Z,Signed a 2 year Two-Way contract with Washington (WAS),,1641778,Leaky Black,,signedTwoWay,30
e1d5d5aa-c167-4ab4-8790-9823dd1a150c,2026-02-21T00:00:00.000Z,Signed a 3 year $8.86 million Rest-of-Season contract with Washington (WAS) via converted Two-Way contract - includes 2027-28 Club Option,,1641774,Tristan Vukcevic,,signedContract,30
8958afb0-5a97-473a-92aa-e30f1a1d7c8a,2026-02-16T00:00:00.000Z,Signed a 10-day contract with Washington (WAS),,1631214,Alondes Williams,,signedContract,30
e861c637-62c4-4d56-b8bc-e6f3ac0ddde1,2026-02-11T00:00:00.000Z,Signed a 10-day contract with Washington (WAS),,1642955,Kadary Richmond,,signedContract,30
168fb2d9-90d7-4f92-8127-9f3d2e821932,2026-02-08T00:00:00.000Z,Waived by Washington (WAS),,203957,Danté Exum,,waived,30
759dc345-d901-4b54-a75d-2b272c8936ef,2026-02-06T00:00:00.000Z,Signed a 10-day contract with Washington (WAS),,1642933,Keshon Gilbert,,signedContract,30
5a2c83aa-953b-424f-b7d3-2687dfa20209,2026-02-05T00:00:00.000Z,"Traded to Washington (WAS) from Dallas (DAL) as part of a 3-team trade: Dallas (DAL) traded  Anthony Davis,  Jaden Hardy and  Dante Exum to Washington (WAS); Washington (WAS) traded  Khris Middleton,  AJ Johnson,  Marvin Bagley III, a 2026 1st round pick [OKC pick] , a 2030 1st round pick [GSW pick] , a 2027 2nd round pick [CHI pick] , a 2029 2nd round pick [PHX pick]  and a 2029 2nd round pick [HOU pick]  to Dallas (DAL); Washington (WAS) traded  Malaki Branham to Charlotte (CHA); Charlotte (CHA) traded  Tyus Jones to Dallas (DAL)",7,1626156,D'Angelo Russell,30,traded,30
8a2ac52d-8df8-4540-adf9-e756933197eb,2026-02-05T00:00:00.000Z,"Traded to Washington (WAS) from Dallas (DAL) as part of a 3-team trade: Dallas (DAL) traded  Anthony Davis,  D'Angelo Russell and  Jaden Hardy to Washington (WAS); Washington (WAS) traded  Khris Middleton,  AJ Johnson,  Marvin Bagley III, 2026 1st round pick, 2030 1st round pick, 2029 2nd round pick, 2027 2nd round pick and 2029 2nd round pick to Dallas (DAL); Washington (WAS) traded  Malaki Branham to Charlotte (CHA); Charlotte (CHA) traded  Tyus Jones to Dallas (DAL)",7,203957,Danté Exum,30,traded,30
330d8a95-a8d8-4116-9406-1bba7aeb44f2,2026-02-05T00:00:00.000Z,"Traded to Washington (WAS) from Dallas (DAL) as part of a 3-team trade: Dallas (DAL) traded  Jaden Hardy,  D'Angelo Russell and  Dante Exum to Washington (WAS); Washington (WAS) traded  Khris Middleton,  AJ Johnson,  Marvin Bagley III, a 2026 1st round pick [OKC pick] , a 2030 1st round pick [GSW pick] , a 2027 2nd round pick [CHI pick] , a 2029 2nd round pick [PHX pick]  and a 2029 2nd round pick [HOU pick]  to Dallas (DAL); Washington (WAS) traded  Malaki Branham to Charlotte (CHA); Charlotte (CHA) traded  Tyus Jones to Dallas (DAL)",7,203076,Anthony Davis,30,traded,30
95b4f721-a1f0-45d3-9851-10376b1bf028,2026-02-05T00:00:00.000Z,"Traded to Washington (WAS) from Dallas (DAL) as part of a 3-team trade: Dallas (DAL) traded  Anthony Davis,  D'Angelo Russell and  Dante Exum to Washington (WAS); Washington (WAS) traded  Khris Middleton,  AJ Johnson,  Marvin Bagley III, 2026 1st round pick, 2030 1st round pick, 2029 2nd round pick, 2027 2nd round pick and 2029 2nd round pick to Dallas (DAL); Washington (WAS) traded  Malaki Branham to Charlotte (CHA); Charlotte (CHA) traded  Tyus Jones to Dallas (DAL)",7,1630702,Jaden Hardy,30,traded,30
c36963d6-b1e9-49b4-befd-b7841981ba40,2026-02-05T00:00:00.000Z,"Traded to Washington (WAS) from Dallas (DAL) as part of a 3-team trade: Dallas (DAL) traded  D'Angelo Russell,  Jaden Hardy and  Dante Exum to Washington (WAS); Washington (WAS) traded  Khris Middleton,  AJ Johnson,  Marvin Bagley III, 2026 1st round pick, 2030 1st round pick, 2029 2nd round pick, 2027 2nd round pick and 2029 2nd round pick to Dallas (DAL); Washington (WAS) traded  Malaki Branham to Charlotte (CHA); Charlotte (CHA) traded  Tyus Jones to Dallas (DAL)",7,203076,Anthony Davis,30,traded,30
605b78e5-1a9c-40ae-9226-a0e6f9fac004,2026-02-05T00:00:00.000Z,"Traded to Washington (WAS) from Dallas (DAL) as part of a 3-team trade: Dallas (DAL) traded  Anthony Davis,  Jaden Hardy and  D'Angelo Russell to Washington (WAS); Washington (WAS) traded  Khris Middleton,  AJ Johnson,  Marvin Bagley III, a 2026 1st round pick [OKC pick] , a 2030 1st round pick [GSW pick] , a 2027 2nd round pick [CHI pick] , a 2029 2nd round pick [PHX pick]  and a 2029 2nd round pick [HOU pick]  to Dallas (DAL); Washington (WAS) traded  Malaki Branham to Charlotte (CHA); Charlotte (CHA) traded  Tyus Jones to Dallas (DAL)",7,203957,Danté Exum,30,traded,30
abc56dc7-24f5-48ce-86f4-ef6f309306b5,2026-02-05T00:00:00.000Z,"Traded to Washington (WAS) from Dallas (DAL) as part of a 3-team trade: Dallas (DAL) traded  Anthony Davis,  D'Angelo Russell and  Dante Exum to Washington (WAS); Washington (WAS) traded  Khris Middleton,  AJ Johnson,  Marvin Bagley III, a 2026 1st round pick [OKC pick] , a 2030 1st round pick [GSW pick] , a 2027 2nd round pick [CHI pick] , a 2029 2nd round pick [PHX pick]  and a 2029 2nd round pick [HOU pick]  to Dallas (DAL); Washington (WAS) traded  Malaki Branham to Charlotte (CHA); Charlotte (CHA) traded  Tyus Jones to Dallas (DAL)",7,1630702,Jaden Hardy,30,traded,30
9747023f-1879-423c-9f72-918f2fe93202,2026-02-05T00:00:00.000Z,"Traded to Washington (WAS) from Dallas (DAL) as part of a 3-team trade: Dallas (DAL) traded  Anthony Davis,  Jaden Hardy and  Dante Exum to Washington (WAS); Washington (WAS) traded  Khris Middleton,  AJ Johnson,  Marvin Bagley III, 2026 1st round pick, 2030 1st round pick, 2029 2nd round pick, 2027 2nd round pick and 2029 2nd round pick to Dallas (DAL); Washington (WAS) traded  Malaki Branham to Charlotte (CHA); Charlotte (CHA) traded  Tyus Jones to Dallas (DAL)",7,1626156,D'Angelo Russell,30,traded,30
c4123a64-4730-49dc-b647-e33ccde2691b,2026-02-04T00:00:00.000Z,"Traded to Washington (WAS) from Dallas (DAL)  with  Anthony Davis ,  D'Angelo Russell  and  Jaden Hardy  for  Khris Middleton,  AJ Johnson,  Malaki Branham,  Marvin Bagley III, 2026 1st round pick [OKC pick] , 2030 1st round pick [GSW pick] , 2029 2nd round pick [PHX pick] , 2027 2nd round pick [CHI pick]  and 2029 2nd round pick [HOU pick]",7,203957,Danté Exum,30,traded,30
4e5cf6c3-b491-43a3-b017-c8429416f950,2026-02-04T00:00:00.000Z,"Traded to Washington (WAS) from Dallas (DAL)  with  D'Angelo Russell ,  Jaden Hardy  and  Dante Exum  for  Khris Middleton,  AJ Johnson,  Malaki Branham,  Marvin Bagley III, 2026 1st round pick [OKC pick] , 2030 1st round pick [GSW pick] , 2029 2nd round pick [PHX pick] , 2027 2nd round pick [CHI pick]  and 2029 2nd round pick [HOU pick]",7,203076,Anthony Davis,30,traded,30
cbec62a8-95de-493d-8f9f-6a9c1397b658,2026-02-04T00:00:00.000Z,"Traded to Washington (WAS) from Dallas (DAL)  with  Anthony Davis ,  Jaden Hardy  and  Dante Exum  for  Khris Middleton,  AJ Johnson,  Malaki Branham,  Marvin Bagley III, 2026 1st round pick [OKC pick] , 2030 1st round pick [GSW pick] , 2029 2nd round pick [PHX pick] , 2027 2nd round pick [CHI pick]  and 2029 2nd round pick [HOU pick]",7,1626156,D'Angelo Russell,30,traded,30
32747da1-23f3-4abb-91d9-70dd98e67d4b,2026-02-04T00:00:00.000Z,"Traded to Washington (WAS) from Dallas (DAL)  with  Anthony Davis ,  D'Angelo Russell  and  Dante Exum  for  Khris Middleton,  AJ Johnson,  Malaki Branham,  Marvin Bagley III, 2026 1st round pick [OKC pick] , 2030 1st round pick [GSW pick] , 2029 2nd round pick [PHX pick] , 2027 2nd round pick [CHI pick]  and 2029 2nd round pick [HOU pick]",7,1630702,Jaden Hardy,30,traded,30
2484311e-5217-4caf-b9e0-a1e8709a95f5,2026-01-27T00:00:00.000Z,Signed a 10-day contract with Washington (WAS),,1627746,Skal Labissiere,,signedContract,30
25c2f7eb-98e3-435f-9346-12fb61d90c0a,2026-01-07T00:00:00.000Z,Traded to Washington (WAS) from Atlanta (ATL)  for  C.J. McCollum and  Corey Kispert,1,1629027,Trae Young,30,traded,30
340da805-d1f7-4cc9-83e2-ee08bcd5a547,2025-10-29T00:00:00.000Z,Washington (WAS) exercised $5.46 million option for 2026-27,,1641715,Cam Whitmore,,exercisedTeamOption,30
df92ebb3-29b3-4d9a-9331-c0c3578dd21f,2025-10-29T00:00:00.000Z,Washington (WAS) exercised $9.24 million option for 2026-27,,1641731,Bilal Coulibaly,,exercisedTeamOption,30
49dc6041-192a-45aa-a36a-d0444416e73e,2025-10-29T00:00:00.000Z,Washington (WAS) exercised $3.11 million option for 2026-27,,1642273,Kyshawn George,,exercisedTeamOption,30
85311ace-9d97-41d1-aafb-fb823ff8e211,2025-10-29T00:00:00.000Z,Washington (WAS) exercised $4.90 million option for 2026-27,,1642267,Bub Carrington,,exercisedTeamOption,30
b7eb86d7-0d88-41da-9001-d5366ddace60,2025-10-29T00:00:00.000Z,Washington (WAS) exercised $3.24 million option for 2026-27,,1642358,AJ Johnson,,exercisedTeamOption,30
1068d7e4-a6a3-4f82-8455-4a253b9f82f9,2025-10-29T00:00:00.000Z,Washington (WAS) exercised $12.37 million option for 2026-27,,1642259,Alex Sarr,,exercisedTeamOption,30
